Gene,Gene name,tau,max_nTPM
ENSG00000185982,DEFB128,1.0,1124.9
ENSG00000131068,DEFB118,1.0,935.8
ENSG00000198129,DEFB107B,1.0,501.4
ENSG00000165471,MBL2,1.0,262.8
ENSG00000102076,OPN1LW,1.0,237.8
ENSG00000134389,CFHR5,1.0,156.2
ENSG00000186572,DEFB107A,1.0,131.9
ENSG00000181786,ACTL9,1.0,108.2
ENSG00000157060,SHCBP1L,1.0,107.2
ENSG00000214681,IQCF5,1.0,95.6
ENSG00000188655,RNASE9,1.0,93.0
ENSG00000196475,GK2,1.0,83.7
ENSG00000235699,CXorf51B,1.0,78.7
ENSG00000141200,KIF2B,1.0,70.5
ENSG00000151033,LYZL2,1.0,68.4
ENSG00000224440,CXorf51A,1.0,67.3
ENSG00000173389,IQCF1,1.0,65.1
ENSG00000132631,SCP2D1,1.0,62.0
ENSG00000203926,SPANXA2,1.0,61.3
ENSG00000129864,VCY,1.0,60.7
ENSG00000283439,SPEM3,1.0,59.1
ENSG00000179407,DNAJB8,1.0,57.9
ENSG00000163114,PDHA2,1.0,56.2
ENSG00000144962,SPATA16,1.0,55.6
ENSG00000131059,BPIFA3,1.0,52.4
ENSG00000177684,DEFB114,1.0,49.7
ENSG00000181867,FTMT,1.0,48.6
ENSG00000178279,TNP2,1.0,48.3
ENSG00000180697,C3orf22,1.0,48.1
ENSG00000165805,C12orf50,1.0,47.2
ENSG00000167139,TBC1D21,1.0,46.4
ENSG00000166152,C16orf78,1.0,45.8
ENSG00000269433,OPN1MW3,1.0,44.9
ENSG00000214642,DEFB113,1.0,44.6
ENSG00000155833,CYLC2,1.0,43.6
ENSG00000167098,SUN5,1.0,42.8
ENSG00000118434,SPACA1,1.0,39.5
ENSG00000187082,DEFB106B,1.0,37.6
ENSG00000197651,CCER1,1.0,36.2
ENSG00000104755,ADAM2,1.0,35.6
ENSG00000178395,CCDC185,1.0,33.7
ENSG00000150676,CCDC83,1.0,33.2
ENSG00000198573,SPANXC,1.0,30.4
ENSG00000170613,GARIN3,1.0,29.8
ENSG00000183035,CYLC1,1.0,29.7
ENSG00000229937,PRPS1L1,1.0,29.4
ENSG00000189139,FSCB,1.0,28.7
ENSG00000177504,VCX2,1.0,27.0
ENSG00000164299,SPZ1,1.0,26.6
ENSG00000255359,CCDC179,1.0,26.1
ENSG00000189326,SPANXN4,1.0,24.8
ENSG00000134249,ADAM30,1.0,24.2
ENSG00000170967,DDI1,1.0,24.1
ENSG00000205108,FAM205A,1.0,23.3
ENSG00000224902,GAGE12H,1.0,23.2
ENSG00000165059,PRKACG,1.0,23.0
ENSG00000227488,GAGE12D,1.0,22.1
ENSG00000237671,GAGE12C,1.0,22.1
ENSG00000283434,CSNKA2IP,1.0,21.9
ENSG00000187969,ZCCHC13,1.0,21.4
ENSG00000196406,SPANXD,1.0,20.7
ENSG00000204300,TMEM225,1.0,20.5
ENSG00000198445,CCT8L2,1.0,20.2
ENSG00000232113,TEX50,1.0,20.0
ENSG00000176566,DCAF4L2,1.0,19.9
ENSG00000138813,C4orf17,1.0,18.7
ENSG00000046774,MAGEC2,1.0,18.4
ENSG00000238205,MPC1L,1.0,17.3
ENSG00000203795,FAM24A,1.0,16.5
ENSG00000171060,C8orf74,1.0,16.1
ENSG00000155890,TRIM42,1.0,15.9
ENSG00000184345,IQCF2,1.0,15.5
ENSG00000166049,PASD1,1.0,15.0
ENSG00000216649,GAGE12E,1.0,13.7
ENSG00000205442,IZUMO3,1.0,12.9
ENSG00000221900,POM121L12,1.0,12.4
ENSG00000184650,ODF4,1.0,12.3
ENSG00000251154,PTTG1IP2,1.0,12.3
ENSG00000184276,DEFB108B,1.0,12.1
ENSG00000187833,C2orf78,1.0,11.9
ENSG00000204688,OR2H1,1.0,11.8
ENSG00000187806,TMEM202,1.0,11.5
ENSG00000198271,KRTAP4-5,1.0,11.4
ENSG00000184108,TRIML1,1.0,11.0
ENSG00000214929,SPATA31D1,1.0,10.7
ENSG00000154438,ASZ1,1.0,10.0
ENSG00000182896,TMEM95,1.0,10.0
ENSG00000268629,TEX13A,1.0,10.0
ENSG00000186579,DEFB106A,0.9999993033058139,2870.7
ENSG00000204548,DEFB121,0.999998369675973,2453.5
ENSG00000203970,DEFB110,0.9999975630559278,820.7
ENSG00000178287,SPAG11A,0.9999964343020146,4487.2
ENSG00000152266,PTH,0.9999963523927881,47154.2
ENSG00000072080,SPP2,0.9999958754382346,484.9
ENSG00000186599,DEFB105B,0.9999957734573118,473.2
ENSG00000163914,RHO,0.9999952224227624,3767.6
ENSG00000101981,F9,0.9999908966772872,659.1
ENSG00000126550,HTN1,0.9999868220006918,45682.2
ENSG00000169717,ACTRT2,0.9999863107460644,146.1
ENSG00000170777,TPD52L3,0.9999860724233983,143.6
ENSG00000186143,PRR30,0.9999855177407676,138.1
ENSG00000250719,P3R3URF,0.9999850299401197,133.6
ENSG00000177143,CETN1,0.9999844236760125,128.4
ENSG00000123171,CCDC70,0.9999842271293374,126.8
ENSG00000080910,CFHR2,0.9999841546506102,1262.2
ENSG00000197870,PRB3,0.9999838670026427,13016.8
ENSG00000287363,GUCA1ANB,0.9999824098504837,113.7
ENSG00000088782,DEFB127,0.9999822886942832,1016.3
ENSG00000187003,ACTL7A,0.9999817101051669,218.7
ENSG00000121335,PRB2,0.9999804955192408,11382.0
ENSG00000243480,AMY2A,0.9999804469485588,145041.3
ENSG00000134365,CFHR4,0.9999789473684211,95.0
ENSG00000147081,AKAP4,0.9999786552828175,187.4
ENSG00000164871,SPAG11B,0.999978116320175,1188.1
ENSG00000149609,C20orf144,0.9999771428571429,175.0
ENSG00000145192,AHSG,0.9999768373837273,5439.8
ENSG00000228075,BOD1L2,0.9999763500197082,253.7
ENSG00000175535,PNLIP,0.9999762588123303,419355.6
ENSG00000172073,TEX37,0.99997542997543,81.4
ENSG00000162438,CTRC,0.999974905094905,12512.5
ENSG00000185264,TEX33,0.9999748743718593,79.6
ENSG00000142615,CELA2A,0.999973817196068,153459.5
ENSG00000188386,PPP3R2,0.9999736842105262,76.0
ENSG00000164325,TMEM174,0.9999720279720279,143.0
ENSG00000181323,SPEM1,0.999971671388102,70.6
ENSG00000251655,PRB1,0.9999715400197546,5973.3
ENSG00000148156,ACTL7B,0.9999704142011835,202.8
ENSG00000142789,CELA3A,0.9999693400683953,247619.6
ENSG00000205649,HTN3,0.9999680400564626,127659.8
ENSG00000116703,PDC,0.9999676741554873,618.7
ENSG00000176782,DEFB104A,0.9999674426176136,1228.6
ENSG00000171201,SMR3B,0.9999668620354444,204297.4
ENSG00000179142,CYP11B2,0.9999664429530202,178.8
ENSG00000125903,DEFB129,0.9999661793584989,1833.2
ENSG00000167531,LALBA,0.999964467255589,2026.3
ENSG00000091704,CPA1,0.9999642044622544,223994.4
ENSG00000169605,GKN1,0.9999635805475946,35310.8
ENSG00000131050,BPIFA2,0.9999631190727081,6453.2
ENSG00000215704,CELA2B,0.9999626424257516,19273.2
ENSG00000205883,DEFB135,0.9999625468164794,53.4
ENSG00000137392,CLPS,0.9999616078835484,246873.6
ENSG00000204983,PRSS1,0.999960452525202,319717.0
ENSG00000187533,PRR27,0.9999595959595959,1039.5
ENSG00000177673,TEX44,0.9999590443686006,146.5
ENSG00000120563,LYZL1,0.9999589322381931,48.7
ENSG00000168925,CTRB1,0.9999575387696383,126232.8
ENSG00000215131,C16orf90,0.9999571734475374,46.7
ENSG00000180205,WFDC9,0.999957127545552,933.0
ENSG00000187021,PNLIPRP1,0.999956896551724,10208.0
ENSG00000170890,PLA2G1B,0.9999566870068233,110913.6
ENSG00000153002,CPB1,0.9999557543835544,213987.3
ENSG00000105507,CABP5,0.999955567897806,360.1
ENSG00000235718,MFRP,0.9999555414417276,314.9
ENSG00000101323,HAO1,0.9999542414642731,568.2
ENSG00000286920,SMIM40,0.9999539170506913,43.4
ENSG00000073598,FNDC8,0.9999536500579375,86.3
ENSG00000117601,SERPINC1,0.999952607637787,4726.5
ENSG00000158874,APOA2,0.9999524275669417,33506.8
ENSG00000187033,SAMD7,0.999951690821256,124.2
ENSG00000188800,TMCO2,0.9999514955537592,123.7
ENSG00000256713,PGA5,0.99995105256541,35793.5
ENSG00000219073,CELA3B,0.9999476854889205,46793.9
ENSG00000204363,SPANXN5,0.9999476439790576,38.2
ENSG00000134812,CBLIF,0.9999474747474747,1485.0
ENSG00000175520,UBQLN3,0.9999471249173827,151.3
ENSG00000123561,SERPINA7,0.999946949602122,263.9
ENSG00000170950,PGK2,0.9999464668094218,186.8
ENSG00000168928,CTRB2,0.9999434535974138,94683.3
ENSG00000124827,GCM2,0.9999434114793856,247.4
ENSG00000179751,SYCN,0.9999406674722323,26730.7
ENSG00000134538,SLCO1B1,0.9999402747362134,502.3
ENSG00000176256,HMGB4,0.9999389148401004,556.6
ENSG00000171195,MUC7,0.9999372734276318,25571.3
ENSG00000134551,PRH2,0.9999370417006146,21601.6
ENSG00000180219,GARIN6,0.9999369085173501,31.7
ENSG00000229859,PGA3,0.9999365507270623,63357.7
ENSG00000126549,STATH,0.999935416180928,8578.0
ENSG00000182459,TEX19,0.9999333333333333,30.0
ENSG00000234186,C16orf82,0.9999321778447626,265.4
ENSG00000183559,C10orf120,0.9999310344827586,29.0
ENSG00000125788,DEFB126,0.9999305842492356,1210.1
ENSG00000171495,MROH2B,0.9999290780141844,28.2
ENSG00000229183,PGA4,0.9999287080295425,131038.6
ENSG00000286135,ENSG00000286135,0.9999283154121863,111.6
ENSG00000181552,EDDM3B,0.9999272697218893,2419.9
ENSG00000180305,WFDC10A,0.9999262808698858,271.3
ENSG00000166329,CCDC182,0.9999250936329588,26.7
ENSG00000180043,GARIN5B,0.9999239543726236,26.3
ENSG00000163424,TEX55,0.9999203187250996,50.2
ENSG00000186562,DEFB105A,0.999919382504288,1166.0
ENSG00000124449,IRGC,0.9999192462987887,148.6
ENSG00000180210,F2,0.9999191848208011,1138.4
ENSG00000230601,TEX48,0.9999190283400811,24.7
ENSG00000091583,APOH,0.9999180049459224,16781.5
ENSG00000184560,SPEM2,0.9999177631578946,121.6
ENSG00000170367,CST5,0.9999170738930846,2025.9
ENSG00000101441,CST4,0.9999165582094477,27276.5
ENSG00000149651,SPINT4,0.9999164133738603,263.2
ENSG00000237763,AMY1A,0.9999158236157232,7769.4
ENSG00000204006,C1orf185,0.9999156118143461,23.7
ENSG00000185662,SMIM23,0.9999152542372882,23.6
ENSG00000154007,ASB17,0.9999141630901288,46.6
ENSG00000174015,CBY2,0.9999139784946237,93.0
ENSG00000158901,WFDC8,0.9999122127549704,387.3
ENSG00000105428,ZNRF4,0.9999111111111111,112.5
ENSG00000100652,SLC10A1,0.9999097970433475,399.1
ENSG00000151475,SLC25A31,0.9999095022624434,44.2
ENSG00000204379,XAGE1A,0.999909090909091,44.0
ENSG00000198033,TUBA3C,0.9999076923076923,390.0
ENSG00000125815,CST8,0.9999069767441862,21.5
ENSG00000167419,LPO,0.9999069575105964,967.3
ENSG00000134200,TSHB,0.9999064371257487,1603.2
ENSG00000160882,CYP11B1,0.999904918522948,3344.5
ENSG00000166930,MS4A5,0.9999036144578314,41.5
ENSG00000203784,LELP1,0.9999033909767172,1035.1
ENSG00000231989,PPP1R2B,0.9999024390243904,20.5
ENSG00000230657,PRB4,0.9999020750757752,3431.2
ENSG00000203730,TEDDM1,0.9999006805223467,543.7
ENSG00000069206,ADAM7,0.9999005427524083,3519.1
ENSG00000237524,TEX51,0.9998996655518394,59.8
ENSG00000273111,LYPD4,0.9998994974874371,99.5
ENSG00000113600,C9,0.999896940945526,1222.6
ENSG00000171564,FGB,0.9998966882992936,16764.8
ENSG00000103023,PRSS54,0.9998966408268735,38.7
ENSG00000175206,NPPA,0.9998962657041717,57628.0
ENSG00000172179,PRL,0.9998959711888691,58560.7
ENSG00000259384,GH1,0.9998953668841178,56119.9
ENSG00000176988,FMR1NB,0.9998941798941798,56.7
ENSG00000124232,RBPJL,0.999893466681161,919.9
ENSG00000158516,CPA2,0.9998929886279965,42780.5
ENSG00000234776,C11orf94,0.9998907103825136,54.9
ENSG00000131808,FSHB,0.9998893916540976,198.9
ENSG00000151005,TKTL2,0.9998888888888888,54.0
ENSG00000114349,GNAT1,0.9998866147785144,1040.7
ENSG00000112273,HDGFL1,0.9998857142857144,87.5
ENSG00000204193,TXNDC8,0.9998857142857144,17.5
ENSG00000169344,UMOD,0.999883387407721,2126.7
ENSG00000068985,PAGE1,0.9998823529411764,17.0
ENSG00000229972,IQCF3,0.9998822374877331,101.9
ENSG00000138161,CUZD1,0.9998814489571899,2277.5
ENSG00000113905,HRG,0.9998811257626451,5081.0
ENSG00000125975,C20orf173,0.9998809523809524,33.6
ENSG00000196156,KRTAP4-3,0.9998809523809524,16.8
ENSG00000184786,DYNLT2,0.9998802395209581,16.7
ENSG00000198398,TMEM207,0.9998795180722891,16.6
ENSG00000275896,PRSS2,0.9998791776258226,229146.3
ENSG00000106631,MYL7,0.9998774857635583,22266.8
ENSG00000122852,SFTPA1,0.9998769405811637,6679.7
ENSG00000121410,A1BG,0.9998761281189169,565.1
ENSG00000129862,VCY1B,0.9998755832037325,64.3
ENSG00000157131,C8A,0.9998750807667457,464.3
ENSG00000130561,SAG,0.9998749908081476,1359.9
ENSG00000164113,ADAD1,0.9998741007194245,111.2
ENSG00000170835,CEL,0.9998725552631378,104264.8
ENSG00000124157,SEMG2,0.9998721803744891,9810.7
ENSG00000170369,CST2,0.9998716284693207,5624.3
ENSG00000175336,APOF,0.9998715973292245,389.4
ENSG00000122304,PRM2,0.9998713671046865,11179.1
ENSG00000124233,SEMG1,0.9998711357298178,28650.3
ENSG00000118245,TNP1,0.9998709140120756,5763.6
ENSG00000140107,SLC25A47,0.9998702830188679,508.8
ENSG00000175646,PRM1,0.9998701461681232,15140.1
ENSG00000250741,NT5C1B-RDH14,0.9998701298701299,15.4
ENSG00000125831,CST11,0.9998691494715652,198.7
ENSG00000188992,LIPI,0.9998686205154118,395.8
ENSG00000185176,AQP12B,0.9998609041231993,201.3
ENSG00000110243,APOA5,0.9998593530239099,568.8
ENSG00000184945,AQP12A,0.999858870967742,99.2
ENSG00000205359,SLCO6A1,0.9998586572438163,28.3
ENSG00000139574,NPFF,0.9998576894676782,1489.7
ENSG00000218823,PAPOLB,0.9998566308243727,27.9
ENSG00000206203,TSSK2,0.9998563535911602,181.0
ENSG00000172482,AGXT,0.9998556441460345,1191.5
ENSG00000205445,KRTAP10-2,0.9998550724637681,13.8
ENSG00000119614,VSX2,0.9998538011695907,68.4
ENSG00000161652,IZUMO2,0.9998534798534798,54.6
ENSG00000169347,GP2,0.9998530915239807,33354.1
ENSG00000164645,TEX47,0.9998518518518519,27.0
ENSG00000171560,FGA,0.9998511757695551,17201.5
ENSG00000055957,ITIH1,0.9998508204873197,1407.7
ENSG00000179580,RNF151,0.9998494623655916,186.0
ENSG00000113262,GRM6,0.9998484848484849,39.6
ENSG00000101200,AVP,0.9998472861085557,4348.0
ENSG00000173431,RNASE8,0.9998452611218569,51.7
ENSG00000212122,TSSK1B,0.9998452611218568,51.7
ENSG00000273976,GOLGA6L1,0.99984375,12.8
ENSG00000074803,SLC12A1,0.9998434677904876,664.4
ENSG00000120937,NPPB,0.9998431502728273,4819.9
ENSG00000102055,PPP1R2C,0.9998425196850395,76.2
ENSG00000268221,OPN1MW,0.9998412698412699,12.6
ENSG00000112337,SLC17A2,0.9998387096774194,74.4
ENSG00000258436,RNASE12,0.9998386360176588,656.9
ENSG00000213265,TSGA13,0.9998373983739838,12.3
ENSG00000258223,PRSS58,0.9998360655737705,24.4
ENSG00000161610,HCRT,0.9998353293413174,400.8
ENSG00000213416,KRTAP4-12,0.9998347107438016,24.2
ENSG00000131686,CA6,0.9998346097718249,8839.7
ENSG00000163206,SMCP,0.9998327059807611,717.3
ENSG00000184502,GAST,0.9998296083204249,9038.0
ENSG00000206047,DEFA1,0.9998275105683816,59493.5
ENSG00000129221,AIPL1,0.9998271190814089,775.1
ENSG00000255974,CYP2A6,0.9998262484249618,1507.9
ENSG00000198083,KRTAP9-9,0.9998245614035087,22.8
ENSG00000127928,GNGT1,0.9998238936544908,1760.3
ENSG00000204880,KRTAP4-8,0.9998230088495574,22.6
ENSG00000204669,C9orf57,0.9998230088495574,11.3
ENSG00000204873,KRTAP9-3,0.9998222222222222,45.0
ENSG00000212722,KRTAP4-9,0.9998206278026907,44.6
ENSG00000155087,ODF1,0.9998198198198197,333.0
ENSG00000163810,TGM4,0.999815031913508,767.7
ENSG00000116785,CFHR3,0.9998146128680478,366.8
ENSG00000267467,APOC4,0.9998088410991636,585.9
ENSG00000109181,UGT2B10,0.9998078682525161,218.6
ENSG00000106128,GHRHR,0.9998073022312375,197.2
ENSG00000197891,SLC22A12,0.9998069498069497,103.6
ENSG00000163440,PDCL2,0.9998058252427185,61.8
ENSG00000021852,C8B,0.999805793285056,607.6
ENSG00000187066,TMEM262,0.9998048780487805,20.5
ENSG00000159650,UROC1,0.9998046181172292,112.6
ENSG00000244537,KRTAP4-2,0.9998039215686275,20.4
ENSG00000265203,RBP3,0.9998015873015873,504.0
ENSG00000185303,SFTPA2,0.9998014181611048,10182.2
ENSG00000221837,KRTAP10-9,0.9998,10.0
ENSG00000164893,SLC7A13,0.9997959183673469,39.2
ENSG00000255251,PRR23D1,0.9997953382603753,175.9
ENSG00000170748,RBMXL2,0.9997952218430035,29.3
ENSG00000162078,ZG16B,0.9997946188351912,80766.9
ENSG00000166118,SPATA19,0.999792663476874,125.4
ENSG00000163631,ALB,0.9997908462360684,198523.8
ENSG00000109061,MYH1,0.9997898300494279,7384.5
ENSG00000222028,PSMB11,0.9997894736842105,28.5
ENSG00000231924,PSG1,0.9997881010594947,245.4
ENSG00000203989,RHOXF2B,0.9997864768683274,28.1
ENSG00000115138,POMC,0.9997847467666452,30726.6
ENSG00000241595,KRTAP9-4,0.9997843665768193,37.1
ENSG00000141086,CTRL,0.9997808335696057,7054.0
ENSG00000110169,HPX,0.9997802820320878,4942.7
ENSG00000104826,LHB,0.999778945550539,4053.3
ENSG00000109047,RCVRN,0.9997772104896728,430.9
ENSG00000244234,GMCL2,0.9997765363128491,17.9
ENSG00000189064,GAGE2A,0.9997757847533633,89.2
ENSG00000168484,SFTPC,0.9997757765116707,17411.2
ENSG00000171557,FGG,0.9997753810960833,15475.1
ENSG00000240871,KRTAP4-7,0.9997744360902255,53.2
ENSG00000170373,CST1,0.9997742289716999,26681.9
ENSG00000163217,BMP10,0.9997717271727172,727.2
ENSG00000136488,CSH1,0.9997704211472446,9234.3
ENSG00000263761,GDF2,0.9997701149425288,17.4
ENSG00000229314,ORM1,0.9997699225012094,42168.4
ENSG00000171396,KRTAP4-4,0.9997674418604652,17.2
ENSG00000221859,KRTAP10-10,0.999766081871345,17.1
ENSG00000143278,F13B,0.9997649572649573,187.2
ENSG00000187272,KRTAP9-8,0.9997601918465228,41.7
ENSG00000243130,PSG11,0.9997595190380761,49.9
ENSG00000213218,CSH2,0.9997591447707367,3105.6
ENSG00000116218,NPHS2,0.9997550020416496,244.9
ENSG00000274391,TPTE,0.9997537878787878,105.6
ENSG00000221880,KRTAP1-3,0.9997519729425028,88.7
ENSG00000156096,UGT2B4,0.9997514276116896,1190.8
ENSG00000182333,LIPF,0.9997477217818843,35389.5
ENSG00000233803,TSPY4,0.9997452229299364,31.4
ENSG00000151655,ITIH2,0.9997450902598692,2016.4
ENSG00000213512,GBP7,0.9997438633938099,93.7
ENSG00000241476,SSX2,0.9997435897435898,15.6
ENSG00000105392,CRX,0.9997428288822948,202.2
ENSG00000198090,KRTAP4-6,0.999742765273312,31.1
ENSG00000164744,SUN3,0.999742268041237,38.8
ENSG00000102104,RS1,0.9997373737373738,198.0
ENSG00000166069,TMCO5A,0.9997354497354496,113.4
ENSG00000165120,SSMEM1,0.9997350993377484,30.2
ENSG00000241123,KRTAP10-5,0.9997350993377484,15.1
ENSG00000221826,PSG3,0.9997303370786517,133.5
ENSG00000187758,ADH1A,0.9997288532916586,2559.5
ENSG00000129991,TNNI3,0.9997285504672178,10359.2
ENSG00000142515,KLK3,0.9997278603921151,7518.2
ENSG00000212935,KRTAP10-3,0.9997222222222223,21.6
ENSG00000160994,CCDC105,0.9997202797202798,14.3
ENSG00000212899,KRTAP3-3,0.9997178423236514,120.5
ENSG00000224916,APOC4-APOC2,0.9997161488300729,1303.5
ENSG00000242221,PSG2,0.9997155555555556,225.0
ENSG00000228278,ORM2,0.9997126780505071,8192.9
ENSG00000239886,KRTAP9-2,0.99971119133574,27.7
ENSG00000221864,KRTAP12-2,0.9997087378640777,20.6
ENSG00000042832,TG,0.9997028751801277,8743.8
ENSG00000186009,ATP4B,0.9996985426232782,1001.8
ENSG00000204296,TSBP1,0.9996969696969696,33.0
ENSG00000143006,DMRTB1,0.9996954314720813,59.1
ENSG00000101890,GUCY2F,0.9996930946291559,39.1
ENSG00000187516,H2AP,0.9996881959910914,44.9
ENSG00000139797,RNF113B,0.999685393258427,44.5
ENSG00000166569,CPLX4,0.9996846074734316,291.7
ENSG00000179213,SIGLECL1,0.9996842105263158,19.0
ENSG00000198765,SYCP1,0.9996808510638299,37.6
ENSG00000172155,LCE1D,0.9996807297605472,87.7
ENSG00000267710,EDDM13,0.9996781115879828,93.2
ENSG00000135222,CSN2,0.9996767001114827,538.2
ENSG00000183395,PMCH,0.9996747055524396,713.2
ENSG00000170516,COX7B2,0.9996745932415518,79.9
ENSG00000188581,KRTAP1-1,0.9996730245231608,73.4
ENSG00000105550,FGF21,0.9996725440806046,79.4
ENSG00000165584,SSX3,0.9996666666666667,12.0
ENSG00000156194,PPEF2,0.9996653098145636,221.1
ENSG00000184999,SLC22A10,0.9996628029504743,94.9
ENSG00000180872,DEFB112,0.999655172413793,23.2
ENSG00000174876,AMY1B,0.9996527332498754,9825.3
ENSG00000130377,ACSBG2,0.9996523178807948,120.8
ENSG00000132703,APCS,0.9996512657107454,3389.4
ENSG00000106013,ANKRD7,0.9996465903434546,803.6
ENSG00000212725,KRTAP2-1,0.9996445880452342,61.9
ENSG00000269058,CALR3,0.9996445880452342,61.9
ENSG00000250803,ENSG00000250803,0.9996436285097192,185.2
ENSG00000134571,MYBPC3,0.9996435422984097,1615.9
ENSG00000187175,KRTAP12-1,0.9996428571428573,22.4
ENSG00000064835,POU1F1,0.9996389891696751,55.4
ENSG00000122787,AKR1D1,0.9996389167502508,398.8
ENSG00000107018,RLN1,0.9996363636363637,22.0
ENSG00000188782,CATSPER4,0.9996363636363637,11.0
ENSG00000214518,KRTAP2-2,0.9996356275303644,49.4
ENSG00000126545,CSN1S1,0.9996356024189796,1289.8
ENSG00000173699,SPATA3,0.9996340023612751,169.4
ENSG00000204511,MCCD1,0.9996339434276206,120.2
ENSG00000177558,FAM187B,0.9996319018404908,65.2
ENSG00000128617,OPN1SW,0.9996315789473685,38.0
ENSG00000171804,WDR87,0.999622641509434,15.9
ENSG00000244414,CFHR1,0.9996221545449854,1937.3
ENSG00000105675,ATP4A,0.9996180956042547,780.3
ENSG00000114204,SERPINI2,0.9996175108322127,1338.6
ENSG00000183607,GKN2,0.9996171171171171,4351.2
ENSG00000104499,GML,0.9996162280701755,182.4
ENSG00000188334,BSPH1,0.9996069748131746,361.3
ENSG00000248746,ACTN3,0.9996069673961588,1567.3
ENSG00000137090,DMRT1,0.9996031746031747,25.2
ENSG00000185974,GRK1,0.9995949367088608,39.5
ENSG00000151846,PABPC3,0.9995930232558139,34.4
ENSG00000120054,CPN1,0.9995901639344262,73.2
ENSG00000185198,PRSS57,0.9995894804361771,155.9
ENSG00000196748,CLPSL2,0.9995851615476664,501.4
ENSG00000175003,SLC22A1,0.9995803256672819,595.7
ENSG00000214686,IQCF6,0.9995798319327731,23.8
ENSG00000005381,MPO,0.999577781197107,3249.5
ENSG00000204414,CSHL1,0.9995753715498938,141.3
ENSG00000124196,GTSF1L,0.9995732574679943,210.9
ENSG00000109208,SMR3A,0.9995729537366549,56.2
ENSG00000168454,TXNDC2,0.9995714285714286,98.0
ENSG00000238074,TSPY9,0.9995714285714286,14.0
ENSG00000080618,CPB2,0.9995674740484429,1387.2
ENSG00000227234,SPANXB1,0.9995606936416185,86.5
ENSG00000212901,KRTAP3-1,0.9995604395604396,218.4
ENSG00000140505,CYP1A2,0.999556856187291,478.4
ENSG00000196565,HBG2,0.9995492660303527,9659.8
ENSG00000138115,CYP2C8,0.999549200675206,2014.2
ENSG00000244474,UGT1A4,0.9995486677542144,367.8
ENSG00000213417,KRTAP2-4,0.9995465994962217,39.7
ENSG00000175877,TMEM270,0.999544235924933,74.6
ENSG00000165076,PRSS37,0.9995384615384616,39.0
ENSG00000272804,KRTAP10-7,0.9995384615384615,13.0
ENSG00000168263,KCNV2,0.9995376584638329,268.2
ENSG00000186118,TEX38,0.9995335276967929,377.3
ENSG00000139053,PDE6H,0.9995332306598743,844.1
ENSG00000173728,C1orf100,0.999526066350711,21.1
ENSG00000171402,XAGE3,0.9995252722703155,358.1
ENSG00000167910,CYP7A1,0.999524838012959,46.3
ENSG00000175189,INHBC,0.9995071335927367,154.2
ENSG00000149516,MS4A3,0.999506421556283,397.1
ENSG00000206150,RNASE13,0.9995031055900623,289.8
ENSG00000283536,ENSG00000283536,0.9995031055900622,16.1
ENSG00000203942,C10orf62,0.9994980988593156,263.0
ENSG00000189252,SPANXN3,0.999493670886076,47.4
ENSG00000140932,CMTM2,0.9994909208819714,616.8
ENSG00000132915,PDE6A,0.9994885114885116,1001.0
ENSG00000154646,TMPRSS15,0.9994836750189826,921.9
ENSG00000130649,CYP2E1,0.9994812828709909,9697.0
ENSG00000105954,NPVF,0.9994809010773751,204.2
ENSG00000254647,INS,0.9994793844438432,12197.1
ENSG00000138483,CCDC54,0.9994655172413792,116.0
ENSG00000169393,ELSPBP1,0.9994642990934293,2669.4
ENSG00000148965,SAA4,0.9994612892306205,2067.9
ENSG00000212724,KRTAP2-3,0.9994594594594595,18.5
ENSG00000132693,CRP,0.9994542916466268,8524.7
ENSG00000257017,HP,0.999447680404526,55848.1
ENSG00000214107,MAGEB1,0.9994444444444445,14.4
ENSG00000101405,OXT,0.999434457823106,2931.7
ENSG00000153498,SPACA7,0.9994272076372315,83.8
ENSG00000082126,MPP4,0.9994268476621417,265.2
ENSG00000204539,CDSN,0.9994246121403826,663.9
ENSG00000171540,OTP,0.999421965317919,17.3
ENSG00000142511,GPR32,0.9994139194139194,54.6
ENSG00000163705,FANCD2OS,0.9994137931034482,58.0
ENSG00000106927,AMBP,0.999407669593445,10227.4
ENSG00000164334,FAM170A,0.9994029850746269,13.4
ENSG00000183668,PSG9,0.9994023904382471,100.4
ENSG00000124678,TCP11,0.9994017094017095,327.6
ENSG00000148795,CYP17A1,0.9993995187530677,8353.3
ENSG00000236027,PATE3,0.9993971868720696,149.3
ENSG00000284701,TMEM247,0.9993965517241379,46.4
ENSG00000204941,PSG5,0.9993933649289098,105.5
ENSG00000120500,ARR3,0.9993902097902096,357.5
ENSG00000186910,SERPINA11,0.9993807239424334,458.6
ENSG00000131187,F12,0.9993796358732299,593.2
ENSG00000077935,SMC1B,0.9993793103448274,29.0
ENSG00000198077,CYP2A7,0.9993734643734643,162.8
ENSG00000268447,SSX2B,0.9993710691823899,15.9
ENSG00000230054,TEX53,0.9993636363636363,66.0
ENSG00000275489,C17orf98,0.9993617021276596,18.8
ENSG00000239839,DEFA3,0.9993580714513907,34745.3
ENSG00000197561,ELANE,0.9993534858387799,3672.0
ENSG00000005421,PON1,0.9993534136546185,498.0
ENSG00000141371,CHCT1,0.9993476531424025,125.7
ENSG00000274274,GAGE13,0.9993436293436294,51.8
ENSG00000183638,RP1L1,0.9993170731707317,41.0
ENSG00000161850,KRT82,0.9993162393162394,11.7
ENSG00000170848,PSG6,0.9993147751605995,46.7
ENSG00000158485,CD1B,0.9993132872815929,492.2
ENSG00000118271,TTR,0.9993130752284928,672504.5
ENSG00000145863,GABRA6,0.9993110871905273,185.8
ENSG00000164821,DEFA4,0.9993099116781159,2547.5
ENSG00000258713,C20orf141,0.9993070104754231,124.1
ENSG00000185056,C5orf47,0.9993069306930693,20.2
ENSG00000178021,TSPYL6,0.9993034825870646,20.1
ENSG00000215182,MUC5AC,0.9993020594965675,174.8
ENSG00000010438,PRSS3,0.9992979418201157,29336.6
ENSG00000203859,HSD3B2,0.9992925739279263,2103.4
ENSG00000161973,CCDC42,0.9992904656319291,90.2
ENSG00000168634,WFDC13,0.9992899408284024,84.5
ENSG00000112706,IMPG1,0.9992821503299533,621.3
ENSG00000198326,TMEM239,0.9992777777777778,36.0
ENSG00000152670,DDX4,0.9992703862660944,139.8
ENSG00000131183,SLC34A1,0.9992699724517905,145.2
ENSG00000186860,KRTAP17-1,0.999269406392694,21.9
ENSG00000118194,TNNT2,0.9992661390991653,8731.9
ENSG00000163467,TSACC,0.9992652411282986,879.2
ENSG00000099399,MAGEB2,0.999264705882353,27.2
ENSG00000136881,BAAT,0.9992646404744255,674.5
ENSG00000163825,RTP3,0.9992612612612612,111.0
ENSG00000184507,NUTM1,0.9992592592592593,18.9
ENSG00000189186,DCAF8L2,0.999247311827957,18.6
ENSG00000187733,AMY1C,0.9992439086294415,7880.0
ENSG00000172867,KRT2,0.9992320043420249,4421.9
ENSG00000174450,GOLGA6L2,0.9992307692307691,46.8
ENSG00000187581,COX8C,0.999221140472879,71.9
ENSG00000240038,AMY2B,0.9992201545879673,33016.8
ENSG00000168594,ADAM29,0.99921875,38.4
ENSG00000112041,TULP1,0.9992177045805455,194.3
ENSG00000203933,CXorf66,0.9992125984251969,12.7
ENSG00000186452,TMPRSS12,0.9992079207920793,20.2
ENSG00000182591,KRTAP11-1,0.9991991457554725,187.3
ENSG00000155622,XAGE2,0.999198717948718,187.2
ENSG00000196415,PRTN3,0.9991981799797776,1978.0
ENSG00000162771,GARIN4,0.9991957104557642,74.6
ENSG00000161031,PGLYRP2,0.9991725279271823,241.7
ENSG00000101425,BPI,0.9991720059142435,1420.3
ENSG00000070915,SLC12A3,0.999171974522293,94.2
ENSG00000096088,PGC,0.9991682730212318,57583.8
ENSG00000092345,DAZL,0.9991677852348992,74.5
ENSG00000177938,CAPZA3,0.9991576550939101,175.7
ENSG00000100253,MIOX,0.9991527756537698,653.9
ENSG00000205301,MGAT4D,0.9991509433962265,21.2
ENSG00000198099,ADH4,0.9991461616727922,4815.9
ENSG00000186226,LCE1E,0.9991349480968857,57.8
ENSG00000187166,H1-7,0.999134199134199,207.9
ENSG00000198336,MYL4,0.9991295436137329,6049.7
ENSG00000204019,CT83,0.9991238670694864,66.2
ENSG00000078898,BPIFB2,0.9991186440677966,2419.0
ENSG00000145309,CABS1,0.9991167811579981,101.9
ENSG00000147378,FATE1,0.9991139784946236,232.5
ENSG00000124812,CRISP1,0.9991130551816957,1486.0
ENSG00000112499,SLC22A2,0.999108635097493,143.6
ENSG00000106328,FSCN3,0.9991013584117033,95.7
ENSG00000221852,KRTAP1-5,0.9991011235955056,71.2
ENSG00000139351,SYCP3,0.9990967741935484,77.5
ENSG00000186075,ZPBP2,0.9990796857463523,89.1
ENSG00000170231,FABP6,0.9990775002931176,4264.5
ENSG00000268994,FAM236B,0.9990702479338843,96.8
ENSG00000196900,TEX43,0.9990654205607477,21.4
ENSG00000042813,ZPBP,0.9990575916230366,133.7
ENSG00000164707,SLC13A4,0.9990566166906278,1460.7
ENSG00000275722,LYZL6,0.9990454545454546,44.0
ENSG00000274749,KRTAP7-1,0.9990308370044053,22.7
ENSG00000157093,LYZL4,0.999030303030303,49.5
ENSG00000135443,KRT85,0.9990290037831022,158.6
ENSG00000186977,KRTAP19-5,0.9990259740259739,30.8
ENSG00000229894,GK3P,0.9990243902439024,12.3
ENSG00000197079,KRT35,0.9990235081374322,55.3
ENSG00000189037,DUSP21,0.9990196078431373,10.2
ENSG00000145826,LECT2,0.9990166142792996,445.4
ENSG00000162592,CCDC27,0.9990123456790124,16.2
ENSG00000180432,CYP8B1,0.9990058170280275,378.2
ENSG00000197616,MYH6,0.9990025617717544,4840.4
ENSG00000168878,SFTPB,0.9990003570153517,3361.2
ENSG00000196570,PFN3,0.9990000000000001,24.0
ENSG00000139547,RDH16,0.9989981538461538,812.5
ENSG00000169397,RNASE3,0.9989934609995329,856.4
ENSG00000151962,RBM46,0.9989922480620155,25.8
ENSG00000166796,LDHC,0.9989830508474575,247.8
ENSG00000107187,LHX3,0.9989816700610997,49.1
ENSG00000172497,ACOT12,0.9989798087141339,94.1
ENSG00000104901,DKKL1,0.9989781436275902,352.3
ENSG00000163554,SPTA1,0.9989635854341736,71.4
ENSG00000198650,TAT,0.9989548973409628,1188.4
ENSG00000231852,CYP21A2,0.9989495798319327,2046.8
ENSG00000196228,SULT1C3,0.9989426321709787,266.7
ENSG00000174990,CA5A,0.9989368770764119,30.1
ENSG00000081148,IMPG2,0.9989324849770237,282.9
ENSG00000172232,AZU1,0.9989320066334991,1507.5
ENSG00000261649,GOLGA6L7,0.9989312977099237,26.2
ENSG00000219435,CATSPERZ,0.9989311294765839,544.5
ENSG00000149507,OOSP2,0.9989285714285714,16.8
ENSG00000077498,TYR,0.9989261744966442,29.8
ENSG00000183640,KRTAP8-1,0.9989090909090911,60.5
ENSG00000189375,TBC1D28,0.9989071038251366,18.3
ENSG00000261341,ENSG00000261341,0.9988985005767013,346.8
ENSG00000131738,KRT33B,0.9988948787061993,74.2
ENSG00000070729,CNGB1,0.9988904847396768,557.0
ENSG00000167751,KLK2,0.9988847023360964,530.8
ENSG00000171478,SPACA5B,0.9988823529411764,34.0
ENSG00000148513,ANKRD30A,0.9988709677419355,62.0
ENSG00000204001,LCN8,0.9988650693568727,79.3
ENSG00000142025,DMRTC2,0.998857142857143,38.5
ENSG00000121351,IAPP,0.9988535031847134,157.0
ENSG00000184361,SPATA32,0.9988505747126437,43.5
ENSG00000134216,CHIA,0.9988463802236609,339.8
ENSG00000109758,HGFAC,0.9988372093023256,223.6
ENSG00000118113,MMP8,0.9988267566997255,473.9
ENSG00000181562,EDDM3A,0.9988178488178489,600.6
ENSG00000185527,PDE6G,0.9988175994959572,1904.6
ENSG00000130167,TSPAN16,0.9988112449799196,124.5
ENSG00000223609,HBD,0.9988111144852718,2634.4
ENSG00000171446,KRT27,0.9988036809815951,65.2
ENSG00000175018,TEX36,0.9987999999999999,25.0
ENSG00000118491,ZC2HC1B,0.9987919463087248,14.9
ENSG00000124469,CEACAM8,0.9987890625,204.8
ENSG00000115718,PROC,0.9987810306454376,584.1
ENSG00000169877,AHSP,0.9987793546744734,1571.3
ENSG00000257987,TEX49,0.9987755102040816,19.6
ENSG00000048545,GUCA1A,0.9987713310580203,703.2
ENSG00000148377,IDI2,0.9987691131498471,261.6
ENSG00000106304,SPAM1,0.9987654320987654,16.2
ENSG00000242550,SERPINB10,0.9987638668779715,63.1
ENSG00000203782,LORICRIN,0.9987536656891497,1773.2
ENSG00000132518,GUCY2D,0.9987381703470032,31.7
ENSG00000198443,KRTAP4-1,0.9987368421052633,19.0
ENSG00000165496,RPL10L,0.998711790393013,91.6
ENSG00000162344,FGF19,0.9987073608617593,222.8
ENSG00000271321,CTAGE6,0.9986956521739131,13.8
ENSG00000182676,PPP1R27,0.9986909027352966,1144.3
ENSG00000166349,RAG1,0.9986887921653973,367.6
ENSG00000140623,SEPTIN12,0.9986885245901638,103.7
ENSG00000139269,INHBE,0.9986726323639076,134.1
ENSG00000080511,RDH8,0.9986629001883238,106.2
ENSG00000039600,SOX30,0.9986614173228346,76.2
ENSG00000114124,GRK7,0.9986538461538461,10.4
ENSG00000198610,AKR1C4,0.9986394151872295,670.3
ENSG00000284931,ENSG00000284931,0.998634191762025,4081.1
ENSG00000100197,CYP2D6,0.9986276540652511,386.2
ENSG00000187223,LCE2D,0.9986151797603194,150.2
ENSG00000036828,CASR,0.9986094866796623,615.6
ENSG00000159455,LCE2B,0.9986073123081216,716.6
ENSG00000111215,PRR4,0.9986066047310485,6404.5
ENSG00000151704,KCNJ1,0.9985930735930735,184.8
ENSG00000178257,PRM3,0.9985856079404466,80.6
ENSG00000204897,KRT25,0.9985812807881773,101.5
ENSG00000115705,TPO,0.9985701931392331,1387.6
ENSG00000110245,APOC3,0.9985676294574237,28690.9
ENSG00000198854,C1orf68,0.9985613760750586,639.5
ENSG00000173464,RNASE11,0.9985601799775029,622.3
ENSG00000234906,APOC2,0.9985588873435326,8987.5
ENSG00000137948,BRDT,0.9985504885993486,122.8
ENSG00000014257,ACP3,0.9985470010265435,3409.5
ENSG00000142319,SLC6A3,0.9985360602798707,92.9
ENSG00000275520,FAM236A,0.99853591160221,144.8
ENSG00000236543,ENSG00000236543,0.9985185185185185,10.8
ENSG00000164438,TLX3,0.9984999999999999,24.0
ENSG00000173976,RAX2,0.9984974958263774,59.9
ENSG00000169154,GOT1L1,0.9984962406015039,13.3
ENSG00000125207,PIWIL1,0.9984962406015038,39.9
ENSG00000213934,HBG1,0.9984943755408133,346.7
ENSG00000186844,LCE1A,0.9984919588716058,379.3
ENSG00000155875,SAXO1,0.9984916201117318,35.8
ENSG00000197084,LCE1C,0.9984856982613572,534.9
ENSG00000151418,ATP6V1G3,0.9984756097560975,65.6
ENSG00000170180,GYPA,0.9984646739130434,147.2
ENSG00000185231,MC2R,0.9984584980237153,50.6
ENSG00000109072,VTN,0.9984545068027212,5644.8
ENSG00000169059,VCX3A,0.9984476534296028,55.4
ENSG00000184351,KRTAP19-1,0.998443113772455,16.7
ENSG00000212657,KRTAP16-1,0.9984415584415584,15.4
ENSG00000278570,NR2E3,0.9984413453650534,121.9
ENSG00000185294,SPPL2C,0.9984357541899442,35.8
ENSG00000104237,RP1,0.9984285061671996,218.9
ENSG00000100448,CTSG,0.9984107744107744,5049.0
ENSG00000170965,PLAC1,0.9983969465648856,26.2
ENSG00000140093,SERPINA10,0.9983937500000001,320.0
ENSG00000164265,SCGB3A2,0.9983880697050939,1193.6
ENSG00000270806,C17orf50,0.9983864118895966,94.2
ENSG00000240386,LCE1F,0.9983699870633893,154.6
ENSG00000189182,KRT77,0.9983511450381678,262.0
ENSG00000135248,GARIN1B,0.9983502824858757,88.5
ENSG00000139151,PLCZ1,0.9983458646616541,39.9
ENSG00000168267,PTF1A,0.9983451059535823,99.1
ENSG00000077800,FKBP6,0.9983396226415095,53.0
ENSG00000204538,PSORS1C2,0.9983386581469647,250.4
ENSG00000225805,DEFB131B,0.9983216783216783,57.2
ENSG00000143520,FLG2,0.9983216476774759,456.4
ENSG00000244057,LCE3C,0.9983185840707963,22.6
ENSG00000079557,AFM,0.9983155318202048,898.8
ENSG00000197408,CYP2B6,0.9983151382823872,549.6
ENSG00000196844,PATE2,0.9983066792097837,425.2
ENSG00000163958,ZDHHC19,0.9983050847457627,47.2
ENSG00000235942,LCE6A,0.9982953077916487,232.3
ENSG00000187180,LCE2C,0.9982769623484364,313.4
ENSG00000233056,ERVH48-1,0.9982765809589992,143.9
ENSG00000140675,SLC5A2,0.9982758620689655,52.2
ENSG00000132855,ANGPTL3,0.9982747704969926,631.8
ENSG00000145321,GC,0.9982729862729863,7722.0
ENSG00000170788,DYDC1,0.9982517482517482,114.4
ENSG00000160182,TFF1,0.9982481887918175,7508.8
ENSG00000176160,HSF5,0.9982456140350877,45.6
ENSG00000160870,CYP3A7,0.9982340574632095,285.4
ENSG00000184647,PRSS55,0.9982307692307691,26.0
ENSG00000263639,MSMB,0.9982276893611199,8771.6
ENSG00000185863,TMEM210,0.9982262996941895,32.7
ENSG00000196811,CHRNG,0.9982222222222222,31.5
ENSG00000166926,MS4A6E,0.9982198952879581,19.1
ENSG00000204025,TRPC5OS,0.9982178217821783,20.2
ENSG00000151790,TDO2,0.9982150101419878,739.5
ENSG00000188393,CLEC2A,0.9981952117863719,54.3
ENSG00000187173,LCE2A,0.9981899641577061,111.6
ENSG00000182583,VCX,0.9981879194630872,29.8
ENSG00000204583,LRCOL1,0.9981818181818183,47.3
ENSG00000165953,SERPINA12,0.9981796175260227,413.1
ENSG00000143954,REG3G,0.9981657971014493,3450.0
ENSG00000006047,YBX2,0.998158215010142,493.0
ENSG00000057593,F7,0.998149300155521,128.6
ENSG00000166220,TBATA,0.9981484570475396,119.9
ENSG00000151224,MAT1A,0.9981468836840015,1259.5
ENSG00000135226,UGT2B28,0.9981380417335473,186.9
ENSG00000198670,LPA,0.998133704735376,71.8
ENSG00000198812,LRRC10,0.9981283422459891,37.4
ENSG00000114487,MORC1,0.9981208053691275,14.9
ENSG00000172023,REG1B,0.9981179347690465,40073.0
ENSG00000173239,LIPM,0.9981132075471697,26.5
ENSG00000186652,PRG2,0.9981090317331166,2458.0
ENSG00000122194,PLG,0.9980923573301067,2479.5
ENSG00000197683,KRTAP26-1,0.9980790960451977,17.7
ENSG00000275152,CCL16,0.9980782918149466,112.4
ENSG00000107447,DNTT,0.9980678851174936,306.4
ENSG00000188050,RNF133,0.9980676328502415,41.4
ENSG00000124557,BTN1A1,0.9980536912751677,29.8
ENSG00000186451,SPATA12,0.9980373831775701,21.4
ENSG00000224107,ETDB,0.9980357142857141,11.2
ENSG00000180245,RRH,0.9980285714285715,70.0
ENSG00000158488,CD1E,0.9980075943712308,895.4
ENSG00000150201,FXYD4,0.9979993353273514,300.9
ENSG00000196734,LCE1B,0.9979964221824688,167.7
ENSG00000085465,OVGP1,0.9979935407802326,1950.7
ENSG00000112077,RHAG,0.99797513321492,112.6
ENSG00000138109,CYP2C9,0.9979746205523762,1607.6
ENSG00000149742,SLC22A9,0.9979676674364896,43.3
ENSG00000100593,ISM2,0.9979661016949153,200.6
ENSG00000141255,SPATA22,0.9979534883720931,215.0
ENSG00000204165,CXorf65,0.9979527559055118,25.4
ENSG00000139209,SLC38A4,0.9979519551113449,570.3
ENSG00000102195,GPR50,0.997948717948718,15.6
ENSG00000186150,UBL4B,0.9979462571976967,104.2
ENSG00000152430,BOLL,0.9979431072210067,45.7
ENSG00000236362,GAGE12F,0.997929648241206,99.5
ENSG00000105198,LGALS13,0.9979245283018868,10.6
ENSG00000205186,FABP9,0.9979104477611941,33.5
ENSG00000010318,PHF7,0.9979094865100088,1149.0
ENSG00000169906,S100G,0.997900848593122,223.9
ENSG00000159516,SPRR2G,0.9978983634797587,928.8
ENSG00000139648,KRT71,0.9978901098901098,91.0
ENSG00000103310,ZP2,0.9978857142857143,35.0
ENSG00000213927,CCL27,0.9978799824791938,456.6
ENSG00000104941,RSPH6A,0.9978798586572438,28.3
ENSG00000206177,HBM,0.9978784377166628,432.7
ENSG00000214711,CAPN14,0.9978754997144488,175.1
ENSG00000164266,SPINK1,0.997866253575024,49964.7
ENSG00000125492,BARHL1,0.9978658536585365,32.8
ENSG00000171989,LDHAL6B,0.9978421052631581,38.0
ENSG00000203783,PRR9,0.9978228782287824,54.2
ENSG00000227868,TEX46,0.9978119658119659,58.5
ENSG00000101306,MYLK2,0.9978049846961085,686.1
ENSG00000275158,TRBV12-5,0.9978026905829596,44.6
ENSG00000244588,RAD21L1,0.9978,10.0
ENSG00000169575,VPREB1,0.9977935943060499,28.1
ENSG00000161944,ASGR2,0.9977924865831842,559.0
ENSG00000134339,SAA2,0.9977741643154167,31118.2
ENSG00000186367,MINAR2,0.9977575757575758,33.0
ENSG00000106327,TFR2,0.9977543859649123,313.5
ENSG00000203756,TMEM244,0.9977441077441077,59.4
ENSG00000129988,LBP,0.997739077761793,1320.7
ENSG00000171053,PATE1,0.9977373462563057,1764.3
ENSG00000138136,LBX1,0.9977215189873418,23.7
ENSG00000178586,OR6B3,0.997720207253886,19.3
ENSG00000113073,SLC4A9,0.9977173913043478,36.8
ENSG00000137204,SLC22A7,0.9977152396851895,419.3
ENSG00000278139,P3R3URF-PIK3R3,0.9977114427860697,20.1
ENSG00000169385,RNASE2,0.9977037404012882,1614.8
ENSG00000123838,C4BPA,0.997693637428205,1793.3
ENSG00000215269,GAGE12G,0.9976856649395509,57.9
ENSG00000169194,IL13,0.9976824034334766,23.3
ENSG00000178093,TSSK6,0.9976818622696412,206.2
ENSG00000169953,HSFY2,0.9976649746192894,19.7
ENSG00000239605,STPG4,0.9976642335766422,13.7
ENSG00000143631,FLG,0.997660656495608,432.6
ENSG00000204382,XAGE1B,0.9976337115072934,61.7
ENSG00000111713,GYS2,0.9976123076923078,162.5
ENSG00000185640,KRT79,0.9976119402985075,67.0
ENSG00000165131,LLCFC1,0.9976065573770492,61.0
ENSG00000111700,SLCO1B3,0.9975857892612031,247.7
ENSG00000179270,PCARE,0.9975757575757576,26.4
ENSG00000170509,HSD17B13,0.9975615212527965,536.4
ENSG00000173908,KRT28,0.9975471698113207,10.6
ENSG00000205678,TECRL,0.997542978559011,517.7
ENSG00000171360,KRT38,0.9975308641975309,16.2
ENSG00000187658,C5orf52,0.9975280898876404,35.6
ENSG00000234068,PAGE2,0.9975265017667845,28.3
ENSG00000135346,CGA,0.9975244626054828,6387.3
ENSG00000235631,RNF148,0.9975155279503106,48.3
ENSG00000109205,ODAM,0.9974968789013734,320.4
ENSG00000131400,NAPSA,0.9974951712920606,983.7
ENSG00000166670,MMP10,0.9974929915899079,249.7
ENSG00000188107,EYS,0.9974891774891774,23.1
ENSG00000148677,ANKRD1,0.9974751448861318,6125.5
ENSG00000173585,CCR9,0.9974668874172187,120.8
ENSG00000132972,RNF17,0.997444933920705,22.7
ENSG00000006659,LGALS14,0.9974392220421393,61.7
ENSG00000178997,EXD1,0.9974358974358976,11.7
ENSG00000187772,LIN28B,0.9974308943089432,61.5
ENSG00000128040,SPINK2,0.9974248875078188,4955.9
ENSG00000006059,KRT33A,0.9974178403755868,42.6
ENSG00000137976,DNASE2B,0.9974173424828447,160.3
ENSG00000139055,ERP27,0.9974151420671804,1699.9
ENSG00000112619,PRPH2,0.9974046058161037,594.9
ENSG00000198049,AVPR1B,0.997391304347826,13.8
ENSG00000176919,C8G,0.9973851454823891,522.4
ENSG00000213759,UGT2B11,0.9973824312333629,225.4
ENSG00000267206,LCN6,0.9973797722705962,1493.0
ENSG00000008438,PGLYRP1,0.9973777105395863,594.9
ENSG00000284779,ENSG00000284779,0.9973770491803279,12.2
ENSG00000131737,KRT34,0.9973684210526315,64.6
ENSG00000158639,PAGE5,0.99734375,25.6
ENSG00000170523,KRT83,0.9973223140495868,60.5
ENSG00000179636,TPPP2,0.9973067729083667,251.0
ENSG00000090512,FETUB,0.9972913816689466,219.3
ENSG00000146276,GABRR1,0.9972807017543859,22.8
ENSG00000240021,TEX35,0.9972727272727273,112.2
ENSG00000184148,SPRR4,0.997269372693727,135.5
ENSG00000147465,STAR,0.997269278122566,3979.9
ENSG00000159197,KCNE2,0.9972584419926446,299.1
ENSG00000135413,LACRT,0.997258064516129,12.4
ENSG00000111305,GSG1,0.997253261137091,406.3
ENSG00000170498,KISS1,0.9972454545454545,220.0
ENSG00000115386,REG1A,0.9972430931311507,108891.6
ENSG00000178772,CPN2,0.9972420537897311,204.5
ENSG00000187791,FAM205C,0.9972340425531915,28.2
ENSG00000168631,MUCL3,0.9972262773722628,191.8
ENSG00000224659,GAGE12J,0.9972222222222222,21.6
ENSG00000204033,LRIT2,0.9972212065813528,54.7
ENSG00000134940,ACRV1,0.9972151898734176,110.6
ENSG00000124493,GRM4,0.997212598425197,254.0
ENSG00000175121,WFDC5,0.9972074468085107,376.0
ENSG00000262874,C19orf84,0.9971844660194175,20.6
ENSG00000197901,SLC22A6,0.9971692977681001,183.7
ENSG00000198570,RD3,0.9971689497716895,43.8
ENSG00000283227,SPRR5,0.9971454219030521,111.4
ENSG00000007350,TKTL1,0.9971404541631625,118.9
ENSG00000147606,SLC26A7,0.997137330754352,310.2
ENSG00000185972,CCIN,0.997122507122507,70.2
ENSG00000198759,EGFL6,0.9971206868086512,605.7
ENSG00000204505,PRAMEF9,0.9971153846153845,31.2
ENSG00000143452,HORMAD1,0.9971117166212534,110.1
ENSG00000166947,EPB42,0.9971061093247588,93.3
ENSG00000143552,NUP210L,0.9970967741935484,24.8
ENSG00000175294,CATSPER1,0.997090909090909,16.5
ENSG00000113889,KNG1,0.997071096078497,2986.1
ENSG00000178645,C10orf53,0.9970642201834863,10.9
ENSG00000105610,KLF1,0.997061855670103,38.8
ENSG00000172717,GARIN2,0.9970535714285715,22.4
ENSG00000144035,NAT8,0.9970424597364569,683.0
ENSG00000197953,AADACL2,0.9970297029702969,10.1
ENSG00000171611,PTCRA,0.9970283806343906,119.8
ENSG00000184459,BPIFC,0.997016317016317,42.9
ENSG00000141505,ASGR1,0.996997549019608,1142.4
ENSG00000205426,KRT81,0.9969923664122138,131.0
ENSG00000126467,TSKS,0.9969775474956822,115.8
ENSG00000162267,ITIH3,0.9969714428857714,798.4
ENSG00000247595,SPTY2D1OS,0.9969689336691856,476.4
ENSG00000091137,SLC26A4,0.99696038803557,247.4
ENSG00000159398,CES5A,0.9969544740973313,63.7
ENSG00000177627,C12orf54,0.9969539078156312,49.9
ENSG00000083067,TRPM3,0.9969474004256612,657.8
ENSG00000169550,MUC15,0.996944550046163,1841.3
ENSG00000167612,ANKRD33,0.9969411764705882,17.0
ENSG00000238210,ETDA,0.9969325153374232,16.3
ENSG00000173714,WFIKKN2,0.9969201486449742,1103.3
ENSG00000120211,INSL4,0.9969127516778523,14.9
ENSG00000131126,TEX101,0.9969120287253144,111.4
ENSG00000164047,CAMP,0.9968902616279071,2752.0
ENSG00000214510,SPINK13,0.9968858800773696,310.2
ENSG00000125571,IL37,0.9968651488616461,114.2
ENSG00000105141,CASP14,0.9968613775065387,458.8
ENSG00000129152,MYOD1,0.9968604651162791,34.4
ENSG00000164406,LEAP2,0.996847409796412,496.1
ENSG00000140459,CYP11A1,0.9968389180460232,990.8
ENSG00000149021,SCGB1A1,0.9968256272029855,2893.8
ENSG00000211840,TRAJ49,0.996816390858944,380.7
ENSG00000156575,PRG3,0.9968122270742359,45.8
ENSG00000126838,PZP,0.9968062827225131,76.4
ENSG00000205143,ARID3C,0.9968,10.0
ENSG00000151360,ALLC,0.9967948717948718,15.6
ENSG00000161992,PRR35,0.9967930029154519,137.2
ENSG00000095596,CYP26A1,0.9967857142857143,16.8
ENSG00000169340,PDILT,0.9967664670658684,116.9
ENSG00000170099,SERPINA6,0.9967456599614221,725.8
ENSG00000055955,ITIH4,0.9967423981640848,1743.0
ENSG00000105549,THEG,0.9967164179104477,40.2
ENSG00000165409,TSHR,0.9967159533073929,257.0
ENSG00000206140,TMEM191C,0.9967005076142132,39.4
ENSG00000250361,GYPB,0.9967003367003366,59.4
ENSG00000221986,MYBPHL,0.9966863905325444,101.4
ENSG00000143032,BARHL2,0.9966745843230405,42.1
ENSG00000167476,JSRP1,0.9966656432299663,325.7
ENSG00000186207,LCE5A,0.9966586538461537,83.2
ENSG00000188716,DUSP29,0.9966495375128468,97.3
ENSG00000236737,GAGE12B,0.9966490566037735,132.5
ENSG00000205642,VCX3B,0.9966433566433566,14.3
ENSG00000243543,WFDC6,0.9966396953831509,210.1
ENSG00000169688,MT1B,0.9966153846153847,19.5
ENSG00000212900,KRTAP3-2,0.9966144200626958,95.7
ENSG00000104760,FGL1,0.9966116173120728,3863.2
ENSG00000204010,IFIT1B,0.9966115702479338,24.2
ENSG00000205639,MFSD2B,0.9966071428571429,11.2
ENSG00000283268,TEX54,0.9965986394557822,73.5
ENSG00000196335,STK31,0.996594323873122,59.9
ENSG00000173432,SAA1,0.9965920266801399,54032.7
ENSG00000112812,PRSS16,0.9965831494223031,770.3
ENSG00000188624,IGFL3,0.9965758754863814,25.7
ENSG00000197249,SERPINA1,0.996567430697686,31416.7
ENSG00000203786,KPRP,0.9965671172587237,318.1
ENSG00000272297,ENSG00000272297,0.9965371024734982,28.3
ENSG00000143257,NR1I3,0.9965365239294709,158.8
ENSG00000112212,TSPO2,0.9965327695560253,47.3
ENSG00000007933,FMO3,0.9965092363359359,1050.2
ENSG00000170948,MBD3L1,0.9964980544747081,25.7
ENSG00000170454,KRT75,0.9964963503649635,27.4
ENSG00000168333,PPDPFL,0.9964786832164059,741.2
ENSG00000124490,CRISP2,0.9964752228903171,482.3
ENSG00000134765,DSC1,0.9964629629629629,216.0
ENSG00000186526,CYP4F8,0.9964479526393686,202.7
ENSG00000175097,RAG2,0.9964377682403434,139.8
ENSG00000134183,GNAT2,0.9964109589041095,73.0
ENSG00000004939,SLC4A1,0.996386621016592,379.7
ENSG00000158477,CD1A,0.9963851351351352,296.0
ENSG00000203985,LDLRAD1,0.996376944190302,109.3
ENSG00000180083,WFDC11,0.996347237880496,88.7
ENSG00000096395,MLN,0.9963461538461539,239.2
ENSG00000169442,CD52,0.9963437777562811,34113.9
ENSG00000186395,KRT10,0.996343086018408,14580.6
ENSG00000283697,HSFX3,0.9963358778625954,13.1
ENSG00000163581,SLC2A2,0.9963345696380611,781.9
ENSG00000162779,AXDND1,0.9963265306122449,14.7
ENSG00000148482,SLC39A12,0.9963245749613603,647.0
ENSG00000112599,GUCA1B,0.996322849213691,432.4
ENSG00000156009,MAGEA8,0.9963199999999999,12.5
ENSG00000141096,DPEP3,0.9963138686131389,54.8
ENSG00000177414,UBE2U,0.9962666666666666,30.0
ENSG00000080166,DCT,0.996259842519685,101.6
ENSG00000162365,CYP4A22,0.9962581290645324,199.9
ENSG00000073734,ABCB11,0.9962549800796812,75.3
ENSG00000133661,SFTPD,0.9962513045293256,479.1
ENSG00000130783,CCDC62,0.9962442748091602,65.5
ENSG00000176635,HORMAD2,0.996244131455399,21.3
ENSG00000135902,CHRND,0.9962234042553192,75.2
ENSG00000009724,MASP2,0.9961978361669243,452.9
ENSG00000188869,TMC3,0.9961832061068704,78.6
ENSG00000171209,CSN3,0.9961650341347581,336.9
ENSG00000186458,DEFB132,0.996140625,256.0
ENSG00000165685,TMEM52B,0.996140018921476,105.7
ENSG00000125531,FNDC11,0.996120527306968,106.2
ENSG00000205882,DEFB134,0.9961181434599156,23.7
ENSG00000145975,FAM217A,0.9961151079136691,13.9
ENSG00000183396,TMEM89,0.996113074204947,28.3
ENSG00000183324,REC114,0.9961066666666667,37.5
ENSG00000167014,TERB2,0.9960975609756098,20.5
ENSG00000197416,FABP12,0.9960844529750479,52.1
ENSG00000159289,GOLGA6A,0.9960655737704919,12.2
ENSG00000149735,GPHA2,0.9960447321954091,339.8
ENSG00000183379,SYNDIG1L,0.9960032726528943,488.9
ENSG00000274209,ANTXRL,0.9960000000000001,12.0
ENSG00000161634,DCD,0.9959957748604193,3313.5
ENSG00000107831,FGF8,0.995975975975976,33.3
ENSG00000123843,C4BPB,0.9959427532939571,440.2
ENSG00000204305,AGER,0.9959109429569267,687.2
ENSG00000110375,UPK2,0.9959090909090907,61.6
ENSG00000173698,ADGRG2,0.9959013282732448,1159.4
ENSG00000269526,ERVV-1,0.9958940397350995,15.1
ENSG00000102001,CACNA1F,0.995869191049914,116.2
ENSG00000134760,DSG1,0.9958499061913696,533.0
ENSG00000162039,MEIOB,0.9958490566037735,26.5
ENSG00000173401,GLIPR1L1,0.9958477508650518,28.9
ENSG00000237353,PATE4,0.9958407960199005,100.5
ENSG00000164853,UNCX,0.9958181818181819,22.0
ENSG00000126231,PROZ,0.9958058608058608,109.2
ENSG00000171199,OPRPN,0.9958046767537827,145.4
ENSG00000102239,BRS3,0.9958024691358025,24.3
ENSG00000188163,FAM166A,0.9958024691358024,56.7
ENSG00000167768,KRT1,0.9957815755208332,12288.0
ENSG00000138207,RBP4,0.9957801700741813,11054.0
ENSG00000120215,MLANA,0.9957635467980296,40.6
ENSG00000141316,SPACA3,0.9957519116397623,117.7
ENSG00000178919,FOXE1,0.9957252747252748,182.0
ENSG00000177202,SPACA4,0.9957245080500896,111.8
ENSG00000125900,SIRPD,0.9956989247311827,65.1
ENSG00000161594,KLHL10,0.9956962025316456,55.3
ENSG00000164778,EN2,0.9956896551724138,34.8
ENSG00000141485,SLC13A5,0.9956892612338156,393.9
ENSG00000234511,C5orf58,0.9956616915422888,201.0
ENSG00000186146,DEFB131A,0.9956155679110403,125.9
ENSG00000182035,ADIG,0.9956149732620321,18.7
ENSG00000143632,ACTA1,0.9955990520608321,123974.2
ENSG00000177294,FBXO39,0.995578947368421,28.5
ENSG00000166035,LIPC,0.9955722326454035,159.9
ENSG00000137561,TTPA,0.9955642023346304,154.2
ENSG00000158578,ALAS2,0.9955586690017513,571.0
ENSG00000172955,ADH6,0.995546435628515,657.9
ENSG00000065371,ROPN1,0.9955188367481824,151.3
ENSG00000125888,BANF2,0.9955159474671669,106.6
ENSG00000166589,CDH16,0.995511498810468,252.2
ENSG00000130173,ANGPTL8,0.9955055079559364,408.5
ENSG00000183072,NKX2-5,0.995502351432236,233.9
ENSG00000178404,CEP295NL,0.9954789272030652,26.1
ENSG00000120160,EQTN,0.9954674220963173,35.3
ENSG00000148702,HABP2,0.995465884079237,408.9
ENSG00000066923,STAG3,0.9954618473895581,49.8
ENSG00000214819,CDRT15L2,0.9954362416107384,14.9
ENSG00000047617,ANO2,0.9954321634363539,190.9
ENSG00000109511,ANXA10,0.9954291938997821,459.0
ENSG00000100024,UPB1,0.9954199475065616,152.4
ENSG00000142698,C1orf94,0.9954098360655738,18.3
ENSG00000222046,DCDC2B,0.9953846153846154,26.0
ENSG00000160181,TFF2,0.9953832822702938,6462.6
ENSG00000108849,PPY,0.9953634577603142,152.7
ENSG00000267335,ENSG00000267335,0.9953548387096773,15.5
ENSG00000174963,ZIC4,0.9953326063249728,91.7
ENSG00000147160,AWAT2,0.9953271028037384,10.7
ENSG00000159450,TCHH,0.995309973045822,37.1
ENSG00000124103,FAM209A,0.9952948972829688,150.9
ENSG00000148602,LRIT1,0.9952941176470589,23.8
ENSG00000167941,SOST,0.9952852852852854,66.6
ENSG00000117983,MUC5B,0.9952850819113921,2643.1
ENSG00000185962,LCE3A,0.9952835820895523,100.5
ENSG00000124564,SLC17A3,0.9952772341813437,153.3
ENSG00000170442,KRT86,0.9952751283932503,136.3
ENSG00000187268,FAM9C,0.9952646239554318,35.9
ENSG00000238269,PAGE2B,0.9952509652509653,51.8
ENSG00000173093,CCDC63,0.9951807228915663,16.6
ENSG00000104804,TULP2,0.9951700680272109,29.4
ENSG00000179148,ALOXE3,0.9951672862453532,53.8
ENSG00000121270,ABCC11,0.9951487414187643,43.7
ENSG00000123454,DBH,0.9951359751359751,257.4
ENSG00000157017,GHRL,0.995110861633455,356.3
ENSG00000244617,ASPRV1,0.995110605074821,614.8
ENSG00000081800,SLC13A1,0.9950785340314136,76.4
ENSG00000211691,TRGJP,0.995078125,25.6
ENSG00000021461,CYP3A43,0.9950777202072538,38.6
ENSG00000240720,LRRD1,0.995072463768116,13.8
ENSG00000153060,TEKT5,0.9950657894736841,30.4
ENSG00000274600,RIMBP3B,0.9950649350649351,15.4
ENSG00000255587,RAB44,0.995,55.6
ENSG00000099937,SERPIND1,0.9949965858654831,1171.6
ENSG00000257046,SLCO1B3-SLCO1B7,0.9949753694581281,20.3
ENSG00000151062,CACNA2D4,0.9949732620320855,18.7
ENSG00000095464,PDE6C,0.9949532710280371,21.4
ENSG00000135094,SDS,0.9949434039925911,971.8
ENSG00000073754,CD5L,0.9949416774671357,540.1
ENSG00000150628,SPATA4,0.9949233128834355,130.4
ENSG00000204021,LIPK,0.9948905109489051,27.4
ENSG00000091128,LAMB4,0.9948773841961852,36.7
ENSG00000185247,MAGEA11,0.9948743718592965,19.9
ENSG00000275793,RIMBP3,0.9948550724637681,27.6
ENSG00000160282,FTCD,0.9948441430602647,914.3
ENSG00000159251,ACTC1,0.9948338114962039,10840.1
ENSG00000172425,TTC36,0.9948321291967701,235.3
ENSG00000138472,GUCA1C,0.9948180494905385,274.8
ENSG00000203857,HSD3B1,0.9947742818057455,73.1
ENSG00000111837,MAK,0.9947683923705724,110.1
ENSG00000121053,EPX,0.9947634069400633,31.7
ENSG00000069482,GAL,0.994750365573428,957.4
ENSG00000166743,ACSM1,0.9947425742574256,202.0
ENSG00000187048,CYP4A11,0.9947225368063419,794.7
ENSG00000115592,PRKAG3,0.9946923076923077,78.0
ENSG00000102145,GATA1,0.9946858168761221,55.7
ENSG00000180483,DEFB119,0.994655391587907,1809.3
ENSG00000140522,RLBP1,0.9946428571428573,246.4
ENSG00000138315,OIT3,0.9946138996138996,103.6
ENSG00000164879,CA3,0.9946113528280887,4941.5
ENSG00000094796,KRT31,0.9946055188495919,257.3
ENSG00000129535,NRL,0.9945955132562883,294.2
ENSG00000136697,IL1F10,0.9945901639344262,12.2
ENSG00000147381,MAGEA4,0.9945893719806763,20.7
ENSG00000009765,IYD,0.994557792354671,442.1
ENSG00000213030,CGB8,0.9945454545454545,17.6
ENSG00000143194,MAEL,0.9945161290322581,148.8
ENSG00000159588,CCDC17,0.9945132743362832,33.9
ENSG00000145491,ROPN1L,0.9945036160420776,304.2
ENSG00000206384,COL6A6,0.9944994944388271,98.9
ENSG00000184374,COLEC10,0.9944951140065146,61.4
ENSG00000230062,ANKRD66,0.9944647519582246,38.3
ENSG00000215277,RNF212B,0.9944628099173555,24.2
ENSG00000217442,SYCE3,0.9944377811094454,133.4
ENSG00000183631,PRR32,0.9944230769230767,20.8
ENSG00000140955,ADAD2,0.9944132231404957,60.5
ENSG00000167749,KLK4,0.9943790849673201,260.1
ENSG00000179363,TMEM31,0.994375,105.6
ENSG00000261587,TMEM249,0.9943726235741446,26.3
ENSG00000198798,MAGEB3,0.99437125748503,16.7
ENSG00000101470,TNNC2,0.9943613552047463,28518.2
ENSG00000125780,TGM3,0.994360128255611,1777.7
ENSG00000231256,CFAP97D1,0.9943548387096774,12.4
ENSG00000125551,PLGLB2,0.9943393148450245,122.6
ENSG00000106804,C5,0.9943361986628463,418.8
ENSG00000131668,BARX1,0.9943272267845862,158.3
ENSG00000101448,EPPIN,0.9943226640801811,309.3
ENSG00000185013,NT5C1B,0.994319526627219,33.8
ENSG00000138435,CHRNA1,0.994294631710362,160.2
ENSG00000204421,LY6G6C,0.9942831347056698,553.8
ENSG00000102891,MT4,0.9942536327608984,151.4
ENSG00000261272,MUC22,0.9942514970059879,16.7
ENSG00000165702,GFI1B,0.9942391304347825,36.8
ENSG00000159173,TNNI1,0.9942251082251081,11781.0
ENSG00000165682,CLEC1B,0.9942245989304813,74.8
ENSG00000261873,SMIM36,0.9942,10.0
ENSG00000179088,C12orf42,0.9941975308641976,16.2
ENSG00000124237,C20orf85,0.994185557373218,427.9
ENSG00000167711,SERPINF2,0.9941756260434056,1497.5
ENSG00000101435,CST9L,0.9941588785046729,85.6
ENSG00000137707,BTG4,0.9941509433962264,21.2
ENSG00000171722,SPATA46,0.9941414141414141,29.7
ENSG00000185686,PRAME,0.9941234084231146,102.1
ENSG00000215910,C1orf167,0.9941176470588234,13.6
ENSG00000165863,C10orf82,0.9941159420289856,69.0
ENSG00000188817,SNTN,0.9941068139963167,162.9
ENSG00000146678,IGFBP1,0.9940847835787595,1120.5
ENSG00000104848,KCNA7,0.9940750670241286,74.6
ENSG00000165841,CYP2C19,0.9940449438202248,178.0
ENSG00000232258,TMEM114,0.9940259740259739,15.4
ENSG00000115263,GCG,0.994019516981955,1834.3
ENSG00000118137,APOA1,0.9939854101533423,20151.0
ENSG00000102243,VGLL1,0.993953002610966,191.5
ENSG00000214274,ANG,0.993925578753018,2816.4
ENSG00000154611,PSMA8,0.9939240506329113,15.8
ENSG00000236444,UBE2L5,0.9939211136890953,43.1
ENSG00000260286,ARMH2,0.9939200000000001,12.5
ENSG00000175315,CST6,0.993881963381379,1026.8
ENSG00000204540,PSORS1C1,0.9938578199052133,105.5
ENSG00000126259,KIRREL2,0.9938507462686568,67.0
ENSG00000155754,C2CD6,0.9938337801608579,37.3
ENSG00000137745,MMP13,0.9938317757009345,10.7
ENSG00000187550,SBK2,0.9937868852459016,122.0
ENSG00000180209,MYL11,0.9937834405825211,18663.7
ENSG00000157335,CLEC18C,0.9937748344370861,15.1
ENSG00000124568,SLC17A1,0.9937729866835764,157.7
ENSG00000204140,CLPSL1,0.9937513098148796,572.6
ENSG00000170162,VGLL2,0.9937510305028855,121.3
ENSG00000276819,TRBV15,0.9937471264367816,43.5
ENSG00000171487,NLRP5,0.9937440758293838,21.1
ENSG00000011590,ZBTB32,0.9937021276595744,47.0
ENSG00000214872,SMTNL1,0.9936984200030681,651.9
ENSG00000185615,PDIA2,0.9936779324055665,2364.1
ENSG00000206422,LRRC30,0.9936486486486487,14.8
ENSG00000277745,H2AB3,0.993609958506224,24.1
ENSG00000146360,GPR6,0.9936046511627907,34.4
ENSG00000184925,LCN12,0.9936,75.0
ENSG00000109943,CRTAM,0.9935725429017161,128.2
ENSG00000242220,TCP10L,0.9935624123422159,142.6
ENSG00000272968,RBAK-RBAKDN,0.9935412844036696,54.5
ENSG00000187045,TMPRSS6,0.9935289575289573,129.5
ENSG00000136929,HEMGN,0.9934821811936453,232.9
ENSG00000188037,CLCN1,0.993476821192053,60.4
ENSG00000120289,MAGEB4,0.9934630350194553,25.7
ENSG00000166840,GLYATL1,0.9934579807124583,508.1
ENSG00000105467,SYNGR4,0.9934545454545455,49.5
ENSG00000092067,CEBPE,0.9934403669724772,43.6
ENSG00000171236,LRG1,0.9934295956980681,1004.2
ENSG00000179168,GGN,0.9934295227524972,90.1
ENSG00000164344,KLKB1,0.9934289439374185,306.8
ENSG00000166211,SPIC,0.9933793103448276,29.0
ENSG00000261701,HPR,0.9933772739256527,758.6
ENSG00000183091,NEB,0.9933767752715121,7182.0
ENSG00000084734,GCKR,0.9933533834586467,133.0
ENSG00000147127,RAB41,0.9933457943925232,53.5
ENSG00000086967,MYBPC2,0.993339564169413,4065.8
ENSG00000248713,C4orf54,0.9933333333333333,65.7
ENSG00000184709,LRRC26,0.9933216660833043,285.7
ENSG00000159261,CLDN14,0.9932994923857867,39.4
ENSG00000109163,GNRHR,0.9932773109243698,11.9
ENSG00000163749,CCDC158,0.9932500000000001,32.0
ENSG00000198691,ABCA4,0.9932461210830542,328.7
ENSG00000164451,CALHM4,0.9932420091324201,21.9
ENSG00000145757,SPATA9,0.9932173913043479,23.0
ENSG00000256797,KLRF2,0.9932142857142858,11.2
ENSG00000172551,MUCL1,0.9932019218112412,3038.8
ENSG00000172468,HSFY1,0.9931884057971015,13.8
ENSG00000152977,ZIC1,0.9931704587840358,536.2
ENSG00000100312,ACR,0.9931520395550062,80.9
ENSG00000144410,CPO,0.9931433998100665,105.3
ENSG00000244122,UGT1A7,0.9931385006353242,78.7
ENSG00000213714,FAM209B,0.9931111111111111,108.0
ENSG00000105877,DNAH11,0.9930642750373692,66.9
ENSG00000039537,C6,0.9930545639979604,588.3
ENSG00000099769,IGFALS,0.9930434782608696,112.7
ENSG00000183873,SCN5A,0.9930382293762575,49.7
ENSG00000275113,GAGE2E,0.9929770992366411,52.4
ENSG00000184302,SIX6,0.9929655172413794,29.0
ENSG00000154025,SLC5A10,0.9929562982005141,38.9
ENSG00000158022,TRIM63,0.9929539794260964,1847.0
ENSG00000106648,GALNTL5,0.9929523809523809,10.5
ENSG00000185269,NOTUM,0.9929411764705882,127.5
ENSG00000125813,PAX1,0.992904918032787,152.5
ENSG00000105679,GAPDHS,0.9928538638102526,261.4
ENSG00000278558,TMEM191B,0.9928455284552846,86.1
ENSG00000184716,SERINC4,0.9928169014084507,14.2
ENSG00000105852,PON3,0.9928149947934745,576.2
ENSG00000121101,TEX14,0.9927777777777779,25.2
ENSG00000021826,CPS1,0.9927428111803739,994.6
ENSG00000197272,IL27,0.9927413127413126,25.9
ENSG00000147003,CLTRN,0.9927204585537919,453.6
ENSG00000025423,HSD17B6,0.992695249955524,1686.3
ENSG00000107159,CA9,0.9926641714869002,293.9
ENSG00000157884,CIB4,0.9926506024096386,16.6
ENSG00000110195,FOLR1,0.9926449718620016,2860.9
ENSG00000184530,C6orf58,0.992638978738086,2318.7
ENSG00000176177,ENTHD1,0.9926213592233009,10.3
ENSG00000130208,APOC1,0.9926001747061881,18659.9
ENSG00000105697,HAMP,0.992599072745336,3623.6
ENSG00000159224,GIP,0.9925625256252562,243.9
ENSG00000182264,IZUMO1,0.9924571428571428,17.5
ENSG00000182645,CCDC172,0.9924561403508771,11.4
ENSG00000159763,PIP,0.9924484425036391,17175.0
ENSG00000107807,TLX1,0.9924468085106384,56.4
ENSG00000152086,TUBA3E,0.9924468085106382,169.2
ENSG00000130595,TNNT3,0.9924336683802656,13033.0
ENSG00000106336,FBXO24,0.99242542153048,77.1
ENSG00000118520,ARG1,0.9923321774695473,1124.7
ENSG00000178372,CALML5,0.992317787672838,2986.9
ENSG00000163645,ERICH6,0.9923021582733814,27.8
ENSG00000079101,CLUL1,0.9923015585357013,275.9
ENSG00000066405,CLDN18,0.9922888044431454,684.2
ENSG00000130598,TNNI2,0.9922615541155679,7469.2
ENSG00000135436,FAM186B,0.9922347629796839,44.3
ENSG00000123307,NEUROD4,0.9922142857142856,28.0
ENSG00000163126,ANKRD23,0.9922048237476809,1347.5
ENSG00000111664,GNB3,0.9921938904317092,396.1
ENSG00000103375,AQP8,0.9921417922809342,1207.4
ENSG00000177483,RBM44,0.992108843537415,14.7
ENSG00000171403,KRT9,0.9920353982300886,11.3
ENSG00000092200,RPGRIP1,0.9920210280373832,171.2
ENSG00000181016,LSMEM1,0.9920157068062827,76.4
ENSG00000196188,CTSE,0.9919796954314722,1103.2
ENSG00000215644,GCGR,0.9919736842105263,167.2
ENSG00000139780,METTL21C,0.9919658119658119,23.4
ENSG00000152254,G6PC2,0.991958762886598,29.1
ENSG00000180878,C11orf42,0.9919341563786008,24.3
ENSG00000180251,SLC9A4,0.9919291338582679,50.8
ENSG00000170627,GTSF1,0.9919286125503741,173.7
ENSG00000240045,STRIT1,0.9919220444539891,1862.6
ENSG00000161609,KASH5,0.9919157088122604,52.2
ENSG00000157119,KLHL40,0.991902368987796,417.9
ENSG00000167769,ACER1,0.991901983663944,85.7
ENSG00000243649,CFB,0.9918736291547158,2370.8
ENSG00000196296,ATP2A1,0.9918214891440853,7723.9
ENSG00000102924,CBLN1,0.9918194640338506,425.4
ENSG00000166863,TAC3,0.9918091942659417,404.6
ENSG00000283463,HSFX4,0.9917880794701988,15.1
ENSG00000248099,INSL3,0.9917825405122842,382.6
ENSG00000120440,TTLL2,0.9917482517482518,14.3
ENSG00000196407,THEM5,0.9917271407837446,137.8
ENSG00000118702,GHRH,0.9916951788491446,64.3
ENSG00000186510,CLCNKA,0.991690734055355,332.4
ENSG00000182308,DCAF4L1,0.9916883116883117,23.1
ENSG00000189068,VSTM1,0.9916748768472907,40.6
ENSG00000036565,SLC18A1,0.9916455696202532,23.7
ENSG00000101842,VSIG1,0.9916365626710454,182.7
ENSG00000108878,CACNG1,0.9916201475777993,311.7
ENSG00000171790,SLFNL1,0.9915297450424929,70.6
ENSG00000084674,APOB,0.9915267929270263,1114.1
ENSG00000177752,YIPF7,0.9914860681114551,64.6
ENSG00000160471,COX6B2,0.9914416475972538,87.4
ENSG00000043355,ZIC2,0.9914228723404256,150.4
ENSG00000161249,DMKN,0.9914209115281502,4625.2
ENSG00000163060,TEKT4,0.99140625,12.8
ENSG00000172116,CD8B,0.9913971448630938,427.3
ENSG00000163221,S100A12,0.9913779180959899,3294.1
ENSG00000137270,GCM1,0.9913684210526316,19.0
ENSG00000112053,SLC26A8,0.9913592233009709,41.2
ENSG00000144481,TRPM8,0.9913527851458886,75.4
ENSG00000105398,SULT2A1,0.9913367813805452,1005.4
ENSG00000241119,UGT1A9,0.9913025210084035,428.4
ENSG00000282301,CYP3A7-CYP3A51P,0.9912605042016807,11.9
ENSG00000104879,CKM,0.9912572106070479,68908.9
ENSG00000143450,OAZ3,0.9912477718360071,224.4
ENSG00000211692,TRGJP1,0.9912311848707063,259.1
ENSG00000168427,KLHL30,0.991229566453447,140.7
ENSG00000133115,STOML3,0.9912195121951219,32.8
ENSG00000132026,RTBDN,0.9911327102803738,267.5
ENSG00000125931,CITED1,0.9911213473441773,1389.4
ENSG00000158525,CPA5,0.9911184210526315,30.4
ENSG00000253649,PRSS51,0.9911111111111112,18.0
ENSG00000171759,PAH,0.9911095921622237,1316.7
ENSG00000174697,LEP,0.9911057192374351,288.5
ENSG00000170477,KRT4,0.9910945646489209,18547.1
ENSG00000178934,LGALS7B,0.9910944437565231,5653.1
ENSG00000136694,IL36A,0.9910679108346295,385.8
ENSG00000169136,ATF5,0.991061715921529,2375.4
ENSG00000125255,SLC10A2,0.9910514541387024,89.4
ENSG00000158104,HPD,0.9910044812716666,2365.4
ENSG00000160868,CYP3A4,0.9909987823349471,3367.1
ENSG00000137869,CYP19A1,0.9909649871904356,117.1
ENSG00000005189,REXO5,0.9909611197511665,321.5
ENSG00000198515,CNGA1,0.9909558823529412,244.8
ENSG00000111046,MYF6,0.9909137163451347,471.7
ENSG00000101892,ATP1B4,0.9909021113243763,52.1
ENSG00000177238,TRIM72,0.9909001406469762,142.2
ENSG00000248383,PCDHAC1,0.9908571428571429,28.0
ENSG00000276597,TRBV11-3,0.9908292682926829,20.5
ENSG00000231887,PRH1,0.990820995962315,222.9
ENSG00000154040,CABYR,0.990816255644321,287.9
ENSG00000042781,USH2A,0.9907865168539327,17.8
ENSG00000205916,DAZ4,0.9907377049180329,24.4
ENSG00000230778,ANKRD63,0.9907344632768361,17.7
ENSG00000243137,PSG4,0.9907306273062731,135.5
ENSG00000187753,C9orf153,0.9907291666666665,19.2
ENSG00000211706,TRBV6-1,0.9906875753920386,82.9
ENSG00000276953,TRBV12-4,0.99068359375,102.4
ENSG00000189052,CGB5,0.9906611570247934,24.2
ENSG00000185290,NUPR2,0.9906506024096388,332.0
ENSG00000167580,AQP2,0.9906261101243339,450.4
ENSG00000163395,IGFN1,0.9906246418338109,174.5
ENSG00000169429,CXCL8,0.9906138560867093,2989.3
ENSG00000165370,GPR101,0.990608695652174,11.5
ENSG00000113946,CLDN16,0.9905902192242835,59.3
ENSG00000169495,HTRA4,0.9905901116427432,62.7
ENSG00000136535,TBR1,0.9905740181268883,33.1
ENSG00000128276,RFPL3,0.9905579399141631,23.3
ENSG00000136352,NKX2-1,0.9905340699815838,162.9
ENSG00000140835,CHST4,0.990521472392638,65.2
ENSG00000143839,REN,0.9905122494432073,134.7
ENSG00000244734,HBB,0.9905042440722055,125480.9
ENSG00000164112,SMIM43,0.9904950495049505,10.1
ENSG00000275743,TRBV14,0.990473933649289,42.2
ENSG00000255501,CARD18,0.9904738154613467,40.1
ENSG00000182816,KRTAP13-2,0.9904424778761062,11.3
ENSG00000179869,ABCA13,0.9904038004750595,42.1
ENSG00000244476,ERVFRD-1,0.9904022988505747,34.8
ENSG00000183918,SH2D1A,0.9903740648379052,200.5
ENSG00000131482,G6PC1,0.9903706624605678,253.6
ENSG00000185105,MYADML2,0.9903684879288437,78.7
ENSG00000261793,ENSG00000261793,0.990344827586207,43.5
ENSG00000110484,SCGB2A2,0.9903274635834634,2629.3
ENSG00000165462,PHOX2A,0.9903191489361702,18.8
ENSG00000259803,SLC22A31,0.990316265060241,132.8
ENSG00000111254,AKAP3,0.9902887700534759,93.5
ENSG00000143318,CASQ1,0.9902645426367765,4161.9
ENSG00000196218,RYR1,0.9902599230552689,1065.7
ENSG00000111644,ACRBP,0.9902583025830259,271.0
ENSG00000165181,SHOC1,0.9902439024390245,20.5
ENSG00000284713,SMIM38,0.9902395209580839,33.4
ENSG00000181092,ADIPOQ,0.9902253320683111,843.2
ENSG00000118017,A4GNT,0.9902242152466367,22.3
ENSG00000137731,FXYD2,0.9901865098288561,3774.6
ENSG00000116748,AMPD1,0.9901412639405204,538.0
ENSG00000256162,SMLR1,0.9901323251417771,52.9
ENSG00000278505,C17orf78,0.9901166666666668,120.0
ENSG00000130427,EPO,0.9901162790697674,34.4
ENSG00000125414,MYH2,0.9901121287769363,11977.3
ENSG00000147647,DPYS,0.9901119570085086,446.6
ENSG00000153157,SYCP2L,0.9900928792569659,64.6
ENSG00000196344,ADH7,0.9900848356309649,188.6
ENSG00000138829,FBN2,0.9900316455696202,63.2
ENSG00000124159,MATN4,0.99,23.4
ENSG00000122145,TBX22,0.99,10.4
ENSG00000182938,OTOP3,0.9899866488651534,74.9
ENSG00000068976,PYGM,0.9899747882210569,7932.8
ENSG00000147246,HTR2C,0.9899616858237548,104.4
ENSG00000196620,UGT2B15,0.9899485672299779,272.2
ENSG00000178597,PSAPL1,0.9899270072992701,95.9
ENSG00000211820,TRAV41,0.9899201596806388,100.2
ENSG00000227471,AKR1B15,0.9898916507329509,156.9
ENSG00000105492,SIGLEC6,0.9898804780876496,100.4
ENSG00000273706,LHX1,0.9898757763975155,32.2
ENSG00000136943,CTSV,0.9898715596330276,599.5
ENSG00000182759,MAFA,0.9898630136986302,21.9
ENSG00000211843,TRAJ46,0.9898333333333333,12.0
ENSG00000100665,SERPINA4,0.9898327499027616,514.2
ENSG00000177791,MYOZ1,0.9898306555366063,6684.6
ENSG00000180535,BHLHA15,0.9898101025446259,526.6
ENSG00000167653,PSCA,0.9897857214046045,3010.1
ENSG00000259916,AQP7B,0.9897643097643097,29.7
ENSG00000184908,CLCNKB,0.9897607655502392,125.4
ENSG00000197768,STPG3,0.9897560975609756,41.0
ENSG00000180336,MEIOC,0.989752808988764,44.5
ENSG00000253506,NACA2,0.9897478991596639,59.5
ENSG00000114547,ROPN1B,0.98974609375,204.8
ENSG00000126010,GRPR,0.989738219895288,19.1
ENSG00000273540,AGBL1,0.9897222222222223,21.6
ENSG00000164756,SLC30A8,0.9897165991902834,49.4
ENSG00000163157,TMOD4,0.989671745755333,1148.5
ENSG00000234965,SHISA8,0.9896672504378283,57.1
ENSG00000159708,LRRC36,0.9896363636363636,33.0
ENSG00000137251,TINAG,0.9896303501945525,102.8
ENSG00000211710,TRBV4-1,0.9896164639850327,106.9
ENSG00000108688,CCL7,0.9895901639344261,24.4
ENSG00000142623,PADI1,0.9895848161328589,84.3
ENSG00000186049,KRT73,0.9895808383233532,16.7
ENSG00000196091,MYBPC1,0.9895634740505374,10574.4
ENSG00000170956,CEACAM3,0.9895215311004784,41.8
ENSG00000122136,OBP2A,0.9894871794871796,23.4
ENSG00000099338,CATSPERG,0.9894771241830063,30.6
ENSG00000083807,SLC27A5,0.9894733650055595,989.3
ENSG00000167034,NKX3-1,0.9894729444834856,284.6
ENSG00000244025,KRTAP19-3,0.9894117647058823,15.3
ENSG00000137473,TTC29,0.989404761904762,67.2
ENSG00000186583,SPATC1,0.9894011976047904,33.4
ENSG00000140839,CLEC18B,0.9894,30.0
ENSG00000077984,CST7,0.9893613315269983,1033.4
ENSG00000107611,CUBN,0.9893363844393592,131.1
ENSG00000168676,KCTD19,0.989329073482428,31.3
ENSG00000134438,RAX,0.9893243243243242,14.8
ENSG00000176563,CNTD1,0.9892658227848102,39.5
ENSG00000100604,CHGA,0.9892625139583434,6179.1
ENSG00000105205,CLC,0.9892617764237169,426.7
ENSG00000159339,PADI4,0.9892555331991951,99.4
ENSG00000183347,GBP6,0.9892508143322475,276.3
ENSG00000183569,SERHL2,0.9892111194590534,399.3
ENSG00000185915,KLHL34,0.989205020920502,23.9
ENSG00000214782,MS4A18,0.9892045454545455,17.6
ENSG00000180767,CHST13,0.9891605839416058,54.8
ENSG00000120498,TEX11,0.9891531531531532,55.5
ENSG00000214140,PRCD,0.9891479820627802,44.6
ENSG00000249961,TERB1,0.9890598290598291,11.7
ENSG00000164816,DEFA5,0.9890439889196676,9025.0
ENSG00000170484,KRT74,0.989041095890411,14.6
ENSG00000177354,C10orf71,0.9890285714285715,262.5
ENSG00000175946,KLHL38,0.9890016778523489,238.4
ENSG00000166527,CLEC4D,0.9889689034369887,61.1
ENSG00000242715,CCDC169,0.9889568345323743,55.6
ENSG00000163515,RETNLB,0.9889524688509459,216.7
ENSG00000165972,CCDC38,0.9889171974522294,15.7
ENSG00000170324,FRMPD2,0.9889082969432315,22.9
ENSG00000234438,KBTBD13,0.9888888888888888,28.8
ENSG00000148604,RGR,0.9888682170542638,129.0
ENSG00000216937,CCDC7,0.9888648648648649,74.0
ENSG00000148942,SLC5A12,0.9888639200998752,160.2
ENSG00000005471,ABCB4,0.9888271068635969,115.1
ENSG00000146926,ASB10,0.9888219178082193,73.0
ENSG00000122180,MYOG,0.9888211382113821,98.4
ENSG00000139445,FOXN4,0.9888073394495414,10.9
ENSG00000186442,KRT3,0.9887999999999998,10.0
ENSG00000162761,LMX1A,0.9887499999999999,19.2
ENSG00000179813,FAM216B,0.9887397260273971,73.0
ENSG00000137225,CAPN11,0.9887323943661974,28.4
ENSG00000173838,MARCHF10,0.9887250384024577,130.2
ENSG00000197353,LYPD2,0.9886920578683202,338.7
ENSG00000084110,HAL,0.9886876355748374,184.4
ENSG00000108759,KRT32,0.9886746987951807,16.6
ENSG00000099840,IZUMO4,0.9886663568773235,430.4
ENSG00000173262,SLC2A14,0.9886649214659684,76.4
ENSG00000103569,AQP9,0.9886275106512479,657.2
ENSG00000088926,F11,0.9885739436619718,227.2
ENSG00000137709,POU2F3,0.9885523385300669,44.9
ENSG00000187492,CDHR4,0.9885304659498207,55.8
ENSG00000149489,ROM1,0.9885273288541856,1101.4
ENSG00000204866,IGFL2,0.9885213032581455,39.9
ENSG00000166396,SERPINB7,0.9885176085176086,122.1
ENSG00000101446,SPINT3,0.9885148514851485,10.1
ENSG00000157765,SLC34A2,0.9884695603156709,709.6
ENSG00000166961,MS4A15,0.988439024390244,41.0
ENSG00000188176,SMTNL2,0.988412232928362,477.4
ENSG00000185028,LRRC14B,0.9884052532833022,106.6
ENSG00000158296,SLC13A3,0.9883991574512901,379.8
ENSG00000164532,TBX20,0.9883957219251337,37.4
ENSG00000134160,TRPM1,0.9883950617283951,16.2
ENSG00000179846,NKPD1,0.9883928571428572,11.2
ENSG00000226490,C8orf90,0.9883720930232559,12.9
ENSG00000175544,CABP4,0.9883676703645008,63.1
ENSG00000260325,HSPB9,0.9883358778625955,65.5
ENSG00000075886,TUBA3D,0.9883230987246102,211.7
ENSG00000036473,OTC,0.9882582837723026,353.1
ENSG00000122133,PAEP,0.9882577962577962,240.5
ENSG00000165917,RAPSN,0.9882352941176471,83.3
ENSG00000124882,EREG,0.9882304526748973,121.5
ENSG00000170290,SLN,0.9882220283590057,7680.1
ENSG00000162763,LRRC52,0.9882051282051282,15.6
ENSG00000156535,CD109,0.9881750885098165,310.7
ENSG00000188133,TMEM215,0.9881656804733727,16.9
ENSG00000240204,SMKR1,0.9881470137825421,130.6
ENSG00000168026,TTC21A,0.9881206496519721,43.1
ENSG00000168955,TM4SF20,0.9880652866242039,251.2
ENSG00000182156,ENPP7,0.9880609137055838,98.5
ENSG00000187546,AGMO,0.9880594405594405,114.4
ENSG00000240247,DEFA1B,0.9880286362842674,1718.1
ENSG00000163646,CLRN1,0.9879661016949153,11.8
ENSG00000164822,DEFA6,0.9879593863811941,4530.5
ENSG00000004846,ABCB5,0.9879377431906614,25.7
ENSG00000100351,GRAP2,0.9879348458406051,171.9
ENSG00000274183,H2AB1,0.9879245283018867,10.6
ENSG00000086159,AQP6,0.9879157894736842,47.5
ENSG00000167748,KLK1,0.9878681503999645,9013.3
ENSG00000130433,CACNG6,0.9878680800942286,84.9
ENSG00000172399,MYOZ2,0.9878614958448754,722.0
ENSG00000157315,TMED6,0.9878396594537068,281.9
ENSG00000163736,PPBP,0.9878172588832487,78.8
ENSG00000189433,GJB4,0.9878156996587032,58.6
ENSG00000124701,APOBEC2,0.9878144536134035,799.8
ENSG00000176083,ZNF683,0.9877908496732027,76.5
ENSG00000164199,ADGRV1,0.9877905801495857,494.7
ENSG00000118514,ALDH8A1,0.9877715274772825,231.1
ENSG00000185482,STAC3,0.9877462191073405,2168.8
ENSG00000115850,LCT,0.9877385989656793,212.7
ENSG00000124935,SCGB1D2,0.987735187937991,3767.2
ENSG00000188089,PLA2G4E,0.9877241379310345,14.5
ENSG00000128322,IGLL1,0.9877224736048266,66.3
ENSG00000211753,TRBV28,0.9877213822894167,185.2
ENSG00000139899,CBLN3,0.9877179557256079,365.9
ENSG00000188508,KRTDAP,0.9876834054950835,7413.9
ENSG00000185271,KLHL33,0.9876788321167885,68.5
ENSG00000148584,A1CF,0.9876729559748427,143.1
ENSG00000166343,MSS51,0.9876728016359918,244.5
ENSG00000213822,CEACAM18,0.9876635514018693,21.4
ENSG00000170681,CAVIN4,0.9876625386996905,258.4
ENSG00000091513,TF,0.98761396011396,7020.0
ENSG00000104918,RETN,0.9875986277873069,233.2
ENSG00000157653,C9orf43,0.987590909090909,44.0
ENSG00000155657,TTN,0.987567003132614,861.9
ENSG00000157766,ACAN,0.987563025210084,35.7
ENSG00000177994,C2orf73,0.98755939524838,46.3
ENSG00000187689,AMTN,0.9875471698113207,26.5
ENSG00000113492,AGXT2,0.9875154639175259,194.0
ENSG00000172410,INSL5,0.9874414570685169,115.3
ENSG00000184956,MUC6,0.9874137496852178,397.1
ENSG00000117594,HSD11B1,0.9874107636202895,904.9
ENSG00000181617,FDCSP,0.9873953201970441,7470.4
ENSG00000288649,ACTL10,0.9873952641165756,54.9
ENSG00000186007,LEMD1,0.9873904761904763,52.5
ENSG00000181656,GPR88,0.9873541383989145,73.7
ENSG00000095627,TDRD1,0.9873469387755103,14.7
ENSG00000124003,MOGAT1,0.9873417721518988,15.8
ENSG00000227729,RD3L,0.9873394495412845,21.8
ENSG00000244219,TMEM225B,0.9873373676248108,132.2
ENSG00000158715,SLC45A3,0.9873307879208607,288.1
ENSG00000006634,DBF4,0.9873239436619718,14.2
ENSG00000203697,CAPN8,0.9872707423580787,274.8
ENSG00000211813,TRAV34,0.9872580645161291,12.4
ENSG00000116183,PAPPA2,0.9871910112359551,53.4
ENSG00000277399,GPR179,0.9871875,12.8
ENSG00000204020,LIPN,0.9871428571428571,25.2
ENSG00000198848,CES1,0.9871211928125398,2354.1
ENSG00000204444,APOM,0.9871167557932264,448.8
ENSG00000167194,C16orf92,0.9871084337349397,33.2
ENSG00000162040,HS3ST6,0.9871010638297874,75.2
ENSG00000143355,LHX9,0.9870786516853933,17.8
ENSG00000139515,PDX1,0.9870558375634519,39.4
ENSG00000064195,DLX3,0.9870520231213873,51.9
ENSG00000214946,TBC1D26,0.9870440251572328,15.9
ENSG00000179761,PIPOX,0.9870285110876453,473.5
ENSG00000163793,DNAJC5G,0.9870135746606334,44.2
ENSG00000275791,TRBV10-3,0.9869987849331713,82.3
ENSG00000158764,ITLN2,0.9869927159209158,384.4
ENSG00000144671,SLC22A14,0.9869724770642202,10.9
ENSG00000136011,STAB2,0.9869716088328078,63.4
ENSG00000171773,NXNL1,0.9869681742043551,59.7
ENSG00000182533,CAV3,0.9869509345794393,171.2
ENSG00000198754,OXCT2,0.9869252873563219,69.6
ENSG00000196600,SLC22A25,0.9869127516778522,29.8
ENSG00000169876,MUC17,0.9869082125603864,41.4
ENSG00000047936,ROS1,0.9869077757685352,55.3
ENSG00000162391,FAM151A,0.9868588957055215,163.0
ENSG00000167094,TTC16,0.9868421052631579,15.2
ENSG00000198723,TEX45,0.9868041237113403,19.4
ENSG00000183378,OVCH2,0.9867981961668544,177.4
ENSG00000160339,FCN2,0.9867883995703544,93.1
ENSG00000211829,TRDC,0.986769394261424,376.4
ENSG00000172995,ARPP21,0.9867604501607716,746.4
ENSG00000167914,GSDMA,0.9867586206896553,58.0
ENSG00000141837,CACNA1A,0.9867481662591687,286.3
ENSG00000149435,GGTLC1,0.9867307692307693,31.2
ENSG00000213889,PPM1N,0.986726511071215,167.1
ENSG00000136449,MYCBPAP,0.9866774716369531,61.7
ENSG00000134240,HMGCS2,0.9866734039281164,2275.9
ENSG00000182557,SPNS3,0.9866666666666667,29.4
ENSG00000145384,FABP2,0.9866589416763231,517.8
ENSG00000260001,TGFBR3L,0.9866465256797582,33.1
ENSG00000148848,ADAM12,0.9866403785488959,126.8
ENSG00000105825,TFPI2,0.9866251667407738,899.6
ENSG00000163492,CCDC141,0.9866094420600858,69.9
ENSG00000167195,GOLGA6C,0.986608695652174,11.5
ENSG00000250298,GIMD1,0.9865891472868217,25.8
ENSG00000182327,GLTPD2,0.9865604249667993,75.3
ENSG00000075891,PAX2,0.9865392781316348,94.2
ENSG00000154342,WNT3A,0.986530612244898,14.7
ENSG00000124134,KCNS1,0.9864999999999998,24.0
ENSG00000147570,DNAJC5B,0.9864939550949914,57.9
ENSG00000157578,LCA5L,0.9864922480620154,103.2
ENSG00000196260,SFTA2,0.9864840693124652,178.9
ENSG00000211818,TRAV39,0.9864793388429751,60.5
ENSG00000183654,MARCHF11,0.9864631043256997,78.6
ENSG00000166323,C11orf65,0.9864556962025316,47.4
ENSG00000154485,MMP21,0.9864440078585462,50.9
ENSG00000183549,ACSM5,0.9864423820572314,258.6
ENSG00000104938,CLEC4M,0.9864163822525598,58.6
ENSG00000138795,LEF1,0.9864022140221402,325.2
ENSG00000105989,WNT2,0.9864,37.5
ENSG00000162877,PM20D1,0.9863858695652175,73.6
ENSG00000167244,IGF2,0.9863597521074713,2597.9
ENSG00000095981,KCNK16,0.9863392857142859,22.4
ENSG00000163092,XIRP2,0.9862831031259738,962.9
ENSG00000242950,ERVW-1,0.9862768031189083,51.3
ENSG00000211828,TRDJ3,0.9862244897959184,98.0
ENSG00000140986,RPL3L,0.9862194570135746,884.0
ENSG00000105048,TNNT1,0.9861830723857407,20208.4
ENSG00000222036,POTEM,0.9861363636363636,17.6
ENSG00000179477,ALOX12B,0.9861160714285715,89.6
ENSG00000197893,NRAP,0.9860847564832385,2213.4
ENSG00000147485,PXDNL,0.9860829493087558,43.4
ENSG00000129159,KCNC1,0.986066734074823,98.9
ENSG00000211725,TRBV5-5,0.9860115606936417,17.3
ENSG00000181781,ODF3L2,0.9860089686098654,22.3
ENSG00000067842,ATP2B3,0.9859322033898306,106.2
ENSG00000244067,GSTA2,0.9859237323358271,1924.8
ENSG00000165588,OTX2,0.9859167950693375,259.6
ENSG00000211893,IGHG2,0.9859111693319162,4045.9
ENSG00000154358,OBSCN,0.9859088069956278,320.2
ENSG00000145692,BHMT,0.9858911679310668,1067.7
ENSG00000163283,ALPP,0.9858895705521473,32.6
ENSG00000167759,KLK13,0.9858564282817358,739.7
ENSG00000186847,KRT14,0.9858289395712094,6581.3
ENSG00000282499,TRBV25-1,0.9858008658008659,23.1
ENSG00000176732,PFN4,0.9857806451612903,77.5
ENSG00000114113,RBP2,0.98575263963575,2547.7
ENSG00000078114,NEBL,0.985703526189661,292.1
ENSG00000091536,MYO15A,0.985679012345679,40.5
ENSG00000007038,PRSS21,0.9856723716381418,81.8
ENSG00000174038,C9orf131,0.9856637168141592,33.9
ENSG00000253409,TRBV7-4,0.9856540084388186,23.7
ENSG00000183423,LRIT3,0.9856441717791412,16.3
ENSG00000189283,FHIT,0.9856239710240368,607.4
ENSG00000115607,IL18RAP,0.9856188605108054,101.8
ENSG00000167525,PROCA1,0.9856137479541737,122.2
ENSG00000047457,CP,0.985545651925494,1750.2
ENSG00000173531,MST1,0.9854987271464938,864.2
ENSG00000104043,ATP8B4,0.9854545454545455,73.7
ENSG00000173705,SUSD5,0.9853936545240894,170.2
ENSG00000162571,TTLL10,0.9853768844221105,39.8
ENSG00000181541,MAB21L2,0.9853764705882352,170.0
ENSG00000204659,CBY3,0.9853658536585366,12.3
ENSG00000180424,DEFB123,0.9853656174334141,206.5
ENSG00000163746,PLSCR2,0.9853543307086616,12.7
ENSG00000221843,C2orf16,0.9853465346534653,10.1
ENSG00000010932,FMO1,0.9853096392030156,185.7
ENSG00000141434,MEP1B,0.9853033838973161,342.8
ENSG00000216921,FAM240C,0.9852596474511672,209.9
ENSG00000168530,MYL1,0.985217446623179,20434.9
ENSG00000172404,DNAJB7,0.9852000000000001,10.0
ENSG00000168269,FOXI1,0.9851666666666666,36.0
ENSG00000183747,ACSM2A,0.9851542857142858,350.0
ENSG00000167754,KLK5,0.9851253196930947,195.5
ENSG00000111241,FGF6,0.9851162790697674,12.9
ENSG00000182698,RESP18,0.9850862068965518,46.4
ENSG00000105668,UPK1A,0.9850778050778051,122.1
ENSG00000182324,KCNJ14,0.9850735294117647,54.4
ENSG00000174502,SLC26A9,0.9850658857979502,68.3
ENSG00000214814,FER1L6,0.9850122850122851,40.7
ENSG00000143858,SYT2,0.9849872773536896,39.3
ENSG00000182010,RTKN2,0.9849726775956285,73.2
ENSG00000163737,PF4,0.9849285714285715,28.0
ENSG00000119915,ELOVL3,0.9849110320284697,28.1
ENSG00000143627,PKLR,0.9848786127167629,86.5
ENSG00000171864,PRND,0.9848567119155355,66.3
ENSG00000120903,CHRNA2,0.984835164835165,27.3
ENSG00000239474,KLHL41,0.9848049168167851,4718.5
ENSG00000134762,DSC3,0.984800910125142,351.6
ENSG00000135253,KCP,0.9847252747252747,18.2
ENSG00000174429,ABRA,0.9847162859248343,135.7
ENSG00000276405,TRBV13,0.9846853146853146,28.6
ENSG00000188039,NWD1,0.9846797385620916,76.5
ENSG00000143536,CRNN,0.9846777741645465,5227.7
ENSG00000170423,KRT78,0.9846007043053504,880.3
ENSG00000139800,ZIC5,0.9845864661654136,26.6
ENSG00000121933,TMIGD3,0.9845825242718448,51.5
ENSG00000124713,GNMT,0.9845812633073102,563.6
ENSG00000184599,TAFA3,0.9845647058823529,42.5
ENSG00000079393,DUSP13,0.9845579078455791,240.9
ENSG00000100362,PVALB,0.9845541672938934,1992.9
ENSG00000129749,CHRNA10,0.9845535714285714,44.8
ENSG00000186628,FSD2,0.9845504840940527,144.6
ENSG00000124743,KLHL31,0.984546783625731,136.8
ENSG00000244355,LY6G6D,0.9845373134328359,33.5
ENSG00000226763,SRRM5,0.9844888888888887,45.0
ENSG00000134827,TCN1,0.9844863474960206,816.7
ENSG00000144771,LRTM1,0.9844596443228455,73.1
ENSG00000164007,CLDN19,0.9844339622641509,42.4
ENSG00000276557,TRBV18,0.984375,25.6
ENSG00000066813,ACSM2B,0.984370341310318,509.8
ENSG00000211721,TRBV6-5,0.9843660130718953,76.5
ENSG00000204544,MUC21,0.9843625377643503,662.0
ENSG00000081248,CACNA1S,0.984331797235023,238.7
ENSG00000211747,TRBV20-1,0.984281914893617,150.4
ENSG00000272514,CFAP206,0.9842753623188406,55.2
ENSG00000116882,HAO2,0.9842745788282626,397.7
ENSG00000160472,TMEM190,0.9842340261739799,129.9
ENSG00000283378,CNTNAP3C,0.9841904761904762,10.5
ENSG00000164588,HCN1,0.9841717791411042,16.3
ENSG00000100121,GGTLC2,0.9841595441595442,35.1
ENSG00000156006,NAT2,0.984113238967527,120.1
ENSG00000110244,APOA4,0.9840697634731561,2929.9
ENSG00000110203,FOLR3,0.9840486725663716,90.4
ENSG00000110786,PTPN5,0.9840292067706603,301.3
ENSG00000255071,SAA2-SAA4,0.9839958158995817,95.6
ENSG00000159527,PGLYRP3,0.9839430894308944,49.2
ENSG00000133454,MYO18B,0.9839348171701112,251.6
ENSG00000007314,SCN4A,0.983916083916084,128.7
ENSG00000092295,TGM1,0.9839122957867584,697.8
ENSG00000197191,CYSRT1,0.983879235447437,460.4
ENSG00000198881,ASB12,0.983867924528302,84.8
ENSG00000113924,HGD,0.9838310580204777,703.2
ENSG00000129744,ART1,0.9838288288288288,44.4
ENSG00000231824,AKAIN1,0.9838235294117648,40.8
ENSG00000108515,ENO3,0.9837975763535399,13830.4
ENSG00000163380,LMOD3,0.9837955865272937,430.5
ENSG00000182791,CCDC87,0.9837593984962406,13.3
ENSG00000180316,PNPLA1,0.9837333333333332,22.5
ENSG00000161180,CCDC116,0.9837192982456141,28.5
ENSG00000223510,CDRT15,0.9836999999999999,20.0
ENSG00000118492,ADGB,0.9836885245901638,24.4
ENSG00000162873,KLHDC8A,0.9836612612612612,277.5
ENSG00000174827,PDZK1,0.9836419198274312,556.3
ENSG00000136487,GH2,0.9836242726517039,120.3
ENSG00000161270,NPHS1,0.9836180904522616,39.8
ENSG00000156925,ZIC3,0.9836158192090396,17.7
ENSG00000187908,DMBT1,0.9836113976276433,1551.2
ENSG00000163394,CCKAR,0.9835897435897435,27.3
ENSG00000101327,PDYN,0.9835811350919265,125.1
ENSG00000188293,IGFL1,0.9835807860262008,114.5
ENSG00000007001,UPP2,0.9835597189695551,42.7
ENSG00000259823,LYPD8,0.9835456790123456,202.5
ENSG00000147571,CRH,0.983529411764706,52.7
ENSG00000196767,POU3F4,0.9835175879396985,19.9
ENSG00000160808,MYL3,0.983478389849847,8764.4
ENSG00000205784,ARRDC5,0.983478260869565,16.1
ENSG00000147614,ATP6V0D2,0.9834751773049645,56.4
ENSG00000230561,CCDC192,0.9834722222222223,14.4
ENSG00000197140,ADAM32,0.9834716981132076,26.5
ENSG00000155714,PDZD9,0.9834615384615385,10.4
ENSG00000196860,TOMM20L,0.9834615384615384,10.4
ENSG00000138100,TRIM54,0.9834456140350877,570.0
ENSG00000161798,AQP5,0.9834316902609587,586.3
ENSG00000168070,MAJIN,0.9834285714285714,21.0
ENSG00000175564,UCP3,0.9834146341463417,393.6
ENSG00000168334,XIRP1,0.9834146341463414,602.7
ENSG00000198626,RYR2,0.9834082668600435,137.9
ENSG00000116031,CD207,0.9833574879227055,82.8
ENSG00000125618,PAX8,0.983343261355175,537.2
ENSG00000211751,TRBC1,0.9833422837761447,1415.2
ENSG00000183066,WBP2NL,0.9833333333333336,17.4
ENSG00000205838,TTC23L,0.9832539682539684,25.2
ENSG00000156886,ITGAD,0.9831958762886598,19.4
ENSG00000211728,TRBV5-6,0.9831948881789137,31.3
ENSG00000164708,PGAM2,0.9831818739118708,4078.1
ENSG00000128250,RFPL1,0.9831707317073171,16.4
ENSG00000143595,AQP10,0.9831627906976743,64.5
ENSG00000161896,IP6K3,0.9831510147918816,290.7
ENSG00000187730,GABRD,0.9831363967906637,274.2
ENSG00000241794,SPRR2A,0.9831211400549381,5424.3
ENSG00000173991,TCAP,0.983111596371332,14837.4
ENSG00000107859,PITX3,0.9830967741935485,15.5
ENSG00000185100,ADSS1,0.9830865956911728,1192.9
ENSG00000249139,EPPIN-WFDC6,0.9830564784053156,60.2
ENSG00000153495,TEX29,0.9830327868852459,48.8
ENSG00000164122,ASB5,0.9830285152409046,203.4
ENSG00000164675,IQUB,0.9830031948881789,31.3
ENSG00000119655,NPC2,0.982976627902572,15839.4
ENSG00000147689,FAM83A,0.982953020134228,59.6
ENSG00000118156,ZNF541,0.9829383886255925,21.1
ENSG00000182885,ADGRG3,0.9829352517985612,139.0
ENSG00000074621,SLC24A1,0.9829017857142859,179.2
ENSG00000203907,OOEP,0.9828571428571431,13.3
ENSG00000205279,CTXN3,0.9828494623655913,74.4
ENSG00000136999,CCN3,0.9828448358380397,1044.7
ENSG00000186280,KDM4D,0.9828295819935694,31.1
ENSG00000171401,KRT13,0.9828197102834568,38499.7
ENSG00000185958,FAM186A,0.9828169014084507,14.2
ENSG00000211804,TRDV1,0.9828,70.0
ENSG00000133055,MYBPH,0.9827983539094651,72.9
ENSG00000250799,PRODH2,0.982767429483768,187.9
ENSG00000149452,SLC22A8,0.982762148337596,312.8
ENSG00000105707,HPN,0.9827209603389432,849.7
ENSG00000175518,UBQLNL,0.9827152317880794,30.2
ENSG00000135423,GLS2,0.982713987473904,191.6
ENSG00000102387,TAF7L,0.9827118644067796,29.5
ENSG00000241635,UGT1A1,0.9827030162412993,344.8
ENSG00000158014,SLC30A2,0.9826952141057936,79.4
ENSG00000132554,RGS22,0.9826876090750437,57.3
ENSG00000242441,GTF2A1L,0.982602495543672,56.1
ENSG00000150783,TEX12,0.9825906735751295,19.3
ENSG00000186439,TRDN,0.9825178591053964,1819.8
ENSG00000269437,NXF2B,0.9825174825174825,14.3
ENSG00000172689,MS4A10,0.9824783147459728,80.7
ENSG00000147255,IGSF1,0.9824322190050013,379.9
ENSG00000115474,KCNJ13,0.9824231464737795,165.9
ENSG00000129910,CDH15,0.9824090338770389,79.7
ENSG00000211812,TRAV26-2,0.9823316062176167,38.6
ENSG00000142677,IL22RA1,0.9823174603174603,189.0
ENSG00000178602,OTOS,0.982251655629139,105.7
ENSG00000211752,TRBV27,0.9822457067371202,75.7
ENSG00000133256,PDE6B,0.9822396416573349,357.2
ENSG00000173809,TDRD12,0.9822388059701495,13.4
ENSG00000100473,COCH,0.9821851225697378,473.2
ENSG00000182177,ASB18,0.9821818181818182,11.0
ENSG00000129214,SHBG,0.9821585160202361,59.3
ENSG00000142224,IL19,0.982139037433155,18.7
ENSG00000166819,PLIN1,0.982082173477341,898.1
ENSG00000277639,ENSG00000277639,0.982014652014652,163.8
ENSG00000164037,SLC9B1,0.982010582010582,37.8
ENSG00000167286,CD3D,0.9819718309859153,809.4
ENSG00000143199,ADCY10,0.9819512195121951,16.4
ENSG00000129170,CSRP3,0.9819358529111338,2447.5
ENSG00000170054,SERPINA9,0.9819117647058824,68.0
ENSG00000183571,PGPEP1L,0.9818881118881119,28.6
ENSG00000155918,RAET1L,0.9818859649122806,45.6
ENSG00000165192,ASB11,0.9818825722273998,107.3
ENSG00000121905,HPCA,0.9818654822335026,945.6
ENSG00000109705,NKX3-2,0.9818604651162791,21.5
ENSG00000149124,GLYAT,0.9818591808559595,651.9
ENSG00000145358,DDIT4L,0.9818193803559656,303.4
ENSG00000138347,MYPN,0.9818006669136717,269.9
ENSG00000145244,CORIN,0.981797752808989,53.4
ENSG00000205277,MUC12,0.9817924528301887,63.6
ENSG00000070886,EPHA8,0.9817777777777777,31.5
ENSG00000159212,CLIC6,0.9817658536585366,410.0
ENSG00000185873,TMPRSS11B,0.9817407213800314,382.6
ENSG00000124092,CTCFL,0.9817307692307692,10.4
ENSG00000237702,TRBV3-1,0.9817299578059071,47.4
ENSG00000205076,LGALS7,0.9817175817133093,1404.3
ENSG00000086570,FAT2,0.9817122366651725,223.1
ENSG00000211933,IGHV6-1,0.9817068466730955,414.8
ENSG00000164900,GBX1,0.9816981132075472,10.6
ENSG00000092054,MYH7,0.981682375981985,13633.1
ENSG00000240747,KRBOX1,0.9816571130797288,191.9
ENSG00000249481,SPATS1,0.9816504854368933,20.6
ENSG00000070601,FRMPD1,0.9815649452269171,63.9
ENSG00000163209,SPRR3,0.9815638484984213,18307.4
ENSG00000012223,LTF,0.981562795324546,4021.0
ENSG00000211734,TRBV5-1,0.9815609756097561,41.0
ENSG00000085265,FCN1,0.9815599999999999,150.0
ENSG00000132837,DMGDH,0.9815222305953278,265.4
ENSG00000080293,SCTR,0.9814930015552099,64.3
ENSG00000090402,SI,0.9814725360342813,513.4
ENSG00000172901,LVRN,0.9814705882352941,20.4
ENSG00000116981,NT5C1A,0.9814620689655171,72.5
ENSG00000172382,PRSS27,0.9814438502673797,374.0
ENSG00000118729,CASQ2,0.9813829357056207,989.2
ENSG00000274752,TRBV12-3,0.9813403880070547,56.7
ENSG00000125409,TEKT3,0.9813377926421404,29.9
ENSG00000104369,JPH1,0.9813225371120109,222.3
ENSG00000143994,ABHD1,0.9813065326633165,19.9
ENSG00000169314,C22orf15,0.9812790697674418,17.2
ENSG00000115363,EVA1A,0.9812661064425771,178.5
ENSG00000183386,FHL3,0.981220113220113,1501.5
ENSG00000224982,TMEM233,0.9811965811965812,70.2
ENSG00000122862,SRGN,0.9811641693384807,7641.5
ENSG00000086991,NOX4,0.9811636927851048,128.9
ENSG00000139656,SMIM2,0.9811555555555554,22.5
ENSG00000099985,OSM,0.9811459265890781,111.7
ENSG00000145949,MYLK4,0.9811411411411413,66.6
ENSG00000159184,HOXB13,0.9811384217335057,77.3
ENSG00000114771,AADAC,0.9811352329262778,884.4
ENSG00000143028,SYPL2,0.9811160058737152,340.5
ENSG00000019991,HGF,0.9810993513144416,292.9
ENSG00000153086,ACMSD,0.9810928242264647,151.9
ENSG00000077009,NMRK2,0.9810926503663935,1378.3
ENSG00000171532,NEUROD2,0.9810909090909091,99.0
ENSG00000211720,TRBV11-1,0.9810526315789473,13.3
ENSG00000159496,RGL4,0.981041388518024,149.8
ENSG00000260220,CCDC187,0.9809893992932861,28.3
ENSG00000150722,PPP1R1C,0.9809865470852017,22.3
ENSG00000180638,SLC47A2,0.9809756097560975,123.0
ENSG00000178445,GLDC,0.980926462072959,172.7
ENSG00000180818,HOXC10,0.980884289746002,106.3
ENSG00000139988,RDH12,0.9808809293320426,206.6
ENSG00000089199,CHGB,0.9808315512922345,3273.4
ENSG00000175874,CREG2,0.9808270676691729,53.2
ENSG00000077943,ITGA8,0.9807579185520362,353.6
ENSG00000183034,OTOP2,0.9807446808510639,18.8
ENSG00000168959,GRM5,0.9807194244604315,13.9
ENSG00000132141,CCT6B,0.9806955046649702,117.9
ENSG00000206172,HBA1,0.9806862479814953,22913.0
ENSG00000124939,SCGB2A1,0.9806651255647787,1903.4
ENSG00000169885,CALML6,0.9806491712707183,144.8
ENSG00000096006,CRISP3,0.9806449332979945,2263.8
ENSG00000164326,CARTPT,0.9806210350584307,599.0
ENSG00000132677,RHBG,0.9805825242718446,10.3
ENSG00000132702,HAPLN2,0.9805457025920874,659.7
ENSG00000138079,SLC3A1,0.980515958326443,604.7
ENSG00000124107,SLPI,0.9805098248286367,26260.0
ENSG00000102010,BMX,0.9804953560371517,96.9
ENSG00000119411,BSPRY,0.9804802662862576,420.6
ENSG00000011083,SLC6A7,0.9804726735598227,67.7
ENSG00000163295,ALPI,0.980465815176559,133.1
ENSG00000089225,TBX5,0.9804619565217391,73.6
ENSG00000130957,FBP2,0.9804560260586318,706.1
ENSG00000111701,APOBEC1,0.9804395604395605,27.3
ENSG00000130656,HBZ,0.9804316546762589,13.9
ENSG00000260456,C16orf95,0.9804268292682928,98.4
ENSG00000154415,PPP1R3A,0.98041928721174,143.1
ENSG00000215853,RPTN,0.9804089979550102,48.9
ENSG00000211745,TRBV4-2,0.9804081632653063,19.6
ENSG00000260903,XKR7,0.9802758620689654,14.5
ENSG00000104055,TGM5,0.9802673796791441,37.4
ENSG00000071203,MS4A12,0.9802177554438862,238.8
ENSG00000214128,TMEM213,0.9801692524682651,70.9
ENSG00000136918,WDR38,0.9801641586867305,73.1
ENSG00000095777,MYO3A,0.9801398601398601,14.3
ENSG00000271824,SMIM32,0.9801252609603341,47.9
ENSG00000167619,TMEM145,0.9800843170320406,237.2
ENSG00000081059,TCF7,0.9800693909020817,518.8
ENSG00000144452,ABCA12,0.98,19.6
ENSG00000164794,KCNV1,0.98,12.7
ENSG00000204390,HSPA1L,0.9799999999999999,54.8
ENSG00000184378,ACTRT3,0.9799630314232902,54.1
ENSG00000187783,TMEM72,0.9799478487614082,76.7
ENSG00000173868,PHOSPHO1,0.9799337748344371,90.6
ENSG00000182585,EPGN,0.9799130434782609,46.0
ENSG00000171234,UGT2B7,0.9799084394904457,1507.2
ENSG00000140519,RHCG,0.9799054336468128,3828.0
ENSG00000136231,IGF2BP3,0.9798529411764707,27.2
ENSG00000172016,REG3A,0.9798379841147115,11381.6
ENSG00000186529,CYP4F3,0.9798347865993575,217.9
ENSG00000231274,SBK3,0.9798032786885245,30.5
ENSG00000120729,MYOT,0.9797662591687042,2045.0
ENSG00000185272,RBM11,0.9797658079625293,42.7
ENSG00000213213,CCDC183,0.9797424892703863,23.3
ENSG00000198553,KCNRG,0.9797023809523808,33.6
ENSG00000168843,FSTL5,0.9796810933940776,87.8
ENSG00000276699,TRAJ36,0.9796774193548385,24.8
ENSG00000100314,CABP7,0.979659090909091,52.8
ENSG00000160207,HSF2BP,0.9796491228070175,22.8
ENSG00000243910,TUBA4B,0.979628647214854,37.7
ENSG00000170262,MRAP,0.9796134020618555,155.2
ENSG00000100170,SLC5A1,0.9795979899497488,497.5
ENSG00000198788,MUC2,0.9795604395604396,436.8
ENSG00000117245,KIF17,0.9795238095238097,21.0
ENSG00000129151,BBOX1,0.9794868270332189,436.5
ENSG00000225110,PNMA6F,0.9794488188976379,25.4
ENSG00000204334,ERICH2,0.979422706863374,155.9
ENSG00000179603,GRM8,0.9794117647058823,20.4
ENSG00000165325,DEUP1,0.9793464052287583,15.3
ENSG00000146809,ASB15,0.9793202146690518,111.8
ENSG00000105641,SLC5A5,0.979284649776453,134.2
ENSG00000214097,SMCO1,0.9792269148174659,139.7
ENSG00000188375,H3-5,0.9791919191919192,19.8
ENSG00000167916,KRT24,0.9791895113230035,167.8
ENSG00000142748,FCN3,0.9791834955687928,688.3
ENSG00000114200,BCHE,0.9791755102040816,490.0
ENSG00000124251,TP53TG5,0.9791715976331361,16.9
ENSG00000168004,PLAAT5,0.9791472868217055,51.6
ENSG00000010379,SLC6A13,0.9791456582633054,142.8
ENSG00000236383,CCDC200,0.9791448931116391,42.1
ENSG00000151882,CCL28,0.9791448763250883,283.0
ENSG00000168509,HJV,0.9791334175844015,553.9
ENSG00000189127,ANKRD34B,0.9790654205607477,10.7
ENSG00000135638,EMX1,0.9790476190476189,39.9
ENSG00000144644,GADL1,0.9790283400809716,24.7
ENSG00000160202,CRYAA,0.9790028763183125,104.3
ENSG00000171711,DEFB4A,0.9789794565937706,150.9
ENSG00000121552,CSTA,0.978940747524667,5787.1
ENSG00000184313,MROH7,0.9788954635108482,50.7
ENSG00000119715,ESRRB,0.9788790560471976,33.9
ENSG00000165066,NKX6-3,0.9788679245283017,26.5
ENSG00000004848,ARX,0.9788674388674388,77.7
ENSG00000162598,C1orf87,0.9788652482269504,28.2
ENSG00000163216,SPRR2D,0.9788617471569178,1960.9
ENSG00000136944,LMX1B,0.9788571428571429,17.5
ENSG00000029534,ANK1,0.9788469874295623,922.8
ENSG00000007952,NOX1,0.9787833827893173,67.4
ENSG00000101204,CHRNA4,0.9787651331719128,82.6
ENSG00000186453,FAM228A,0.9786982248520709,33.8
ENSG00000176194,CIDEA,0.9786891566265061,207.5
ENSG00000234409,CCDC188,0.9786802030456851,39.4
ENSG00000115155,OTOF,0.9786538461538461,20.8
ENSG00000156076,WIF1,0.9786397984886649,555.8
ENSG00000105143,SLC1A6,0.9786121673003803,105.2
ENSG00000077522,ACTN2,0.9786092985318108,1961.6
ENSG00000283992,SLURP2,0.9785945072697899,866.6
ENSG00000211875,TRAJ14,0.9785221674876847,20.3
ENSG00000112818,MEP1A,0.9785065819337269,440.6
ENSG00000205403,CFI,0.9785047951176984,917.6
ENSG00000164309,CMYA5,0.9785006693440428,747.0
ENSG00000167083,GNGT2,0.9784467353951891,145.5
ENSG00000211815,TRAV36DV7,0.9784313725490196,25.5
ENSG00000162992,NEUROD1,0.9784182144997005,166.9
ENSG00000169509,CRCT1,0.9784044526901668,1886.5
ENSG00000162383,SLC1A7,0.9783957219251335,37.4
ENSG00000095110,NXPE1,0.9783783783783784,70.3
ENSG00000182752,PAPPA,0.9783553597650514,68.1
ENSG00000173627,APOBEC4,0.9783486238532112,10.9
ENSG00000114854,TNNC1,0.9783227321259597,19761.9
ENSG00000167656,LY6D,0.9783185720125357,2201.7
ENSG00000111181,SLC6A12,0.9782430453879942,68.3
ENSG00000184811,TRARG1,0.9782371458551943,95.3
ENSG00000248144,ADH1C,0.9781735159817351,1927.2
ENSG00000123610,TNFAIP6,0.9781528312259483,181.9
ENSG00000182931,WFDC10B,0.978125,25.6
ENSG00000186051,TAL2,0.978125,12.8
ENSG00000161640,SIGLEC11,0.9780988593155894,52.6
ENSG00000113196,HAND1,0.9780757097791799,63.4
ENSG00000169174,PCSK9,0.9780631578947369,47.5
ENSG00000115257,PCSK4,0.978048,62.5
ENSG00000145681,HAPLN1,0.9780369843527739,70.3
ENSG00000153012,LGI2,0.978021612635079,120.3
ENSG00000078814,MYH7B,0.978010038382049,338.7
ENSG00000104892,KLC3,0.977995991983968,99.8
ENSG00000211689,TRGC1,0.9779643765903309,39.3
ENSG00000211887,TRAJ2,0.9779411764705883,68.0
ENSG00000168703,WFDC12,0.9779292929292929,39.6
ENSG00000163519,TRAT1,0.9779273216689098,74.3
ENSG00000125735,TNFSF14,0.9778401727861771,92.6
ENSG00000170486,KRT72,0.9778165938864629,22.9
ENSG00000187862,TTC24,0.9777664974619289,19.7
ENSG00000164591,MYOZ3,0.9777382580939353,219.3
ENSG00000123405,NFE2,0.9777191328934967,106.1
ENSG00000255569,TRAV1-1,0.9777108433734939,16.6
ENSG00000072694,FCGR2B,0.9776691331923891,378.4
ENSG00000078081,LAMP3,0.9776629647513277,207.1
ENSG00000146904,EPHA1,0.9776519052523172,194.2
ENSG00000162460,TMEM82,0.9776406533575317,55.1
ENSG00000188672,RHCE,0.977636761487965,45.7
ENSG00000147206,NXF3,0.977630662020906,57.4
ENSG00000211791,TRAV13-2,0.9776299376299378,48.1
ENSG00000154553,PDLIM3,0.9775686022197201,3108.5
ENSG00000226660,TRBV2,0.9775662650602409,83.0
ENSG00000198125,MB,0.977542875712848,38156.8
ENSG00000115593,SMYD1,0.9774826989619376,462.4
ENSG00000160951,PTGER1,0.9774809160305344,26.2
ENSG00000215187,FAM166B,0.9774599831508004,474.8
ENSG00000198734,F5,0.9774514563106795,164.8
ENSG00000183644,HOATZ,0.9774449339207049,158.9
ENSG00000100628,ASB2,0.977429264349232,494.8
ENSG00000173338,KCNK7,0.9774215246636772,89.2
ENSG00000178690,DYNAP,0.9773913043478261,27.6
ENSG00000159263,SIM2,0.9773125,64.0
ENSG00000065618,COL17A1,0.9773029197080291,548.0
ENSG00000156885,COX6A2,0.9772858046158711,6326.0
ENSG00000180176,TH,0.9772844827586207,185.6
ENSG00000177679,SRRM3,0.9772493573264781,77.8
ENSG00000117215,PLA2G2D,0.9772489959839359,99.6
ENSG00000187527,ATP13A5,0.9772455089820359,33.4
ENSG00000170289,CNGB3,0.9772413793103447,11.6
ENSG00000113790,EHHADH,0.977236882955604,322.1
ENSG00000130829,DUSP9,0.9772181551976573,68.3
ENSG00000268940,CT45A1,0.9772093023255815,12.9
ENSG00000036448,MYOM2,0.9771612903225807,372.0
ENSG00000108556,CHRNE,0.9771527777777778,57.6
ENSG00000131781,FMO5,0.9771321227301191,638.8
ENSG00000144229,THSD7B,0.977111111111111,18.0
ENSG00000009950,MLXIPL,0.9770957700054936,546.1
ENSG00000134376,CRB1,0.9770520231213873,69.2
ENSG00000211849,TRAJ40,0.9770370370370369,18.9
ENSG00000136931,NR5A1,0.9770236133992313,182.1
ENSG00000130528,HRC,0.9770177719982661,692.1
ENSG00000150361,KLHL1,0.977,12.0
ENSG00000143125,PROK1,0.9769916142557653,190.8
ENSG00000125869,LAMP5,0.976984553391538,297.8
ENSG00000132749,TESMIN,0.9769450101832993,49.1
ENSG00000169402,RSPH10B2,0.9769230769230769,18.2
ENSG00000198842,STYXL2,0.97690587138863,107.3
ENSG00000165383,LRRC18,0.9768965517241378,23.2
ENSG00000185664,PMEL,0.9768835930339138,109.1
ENSG00000171243,SOSTDC1,0.9768795542220318,233.3
ENSG00000105352,CEACAM4,0.976858006042296,33.1
ENSG00000125730,C3,0.9768560366624527,5062.4
ENSG00000184845,DRD1,0.976846153846154,26.0
ENSG00000165887,ANKRD2,0.9768421052631578,1141.9
ENSG00000108602,ALDH3A1,0.97680285600952,504.2
ENSG00000211776,TRAV2,0.97678776290631,52.3
ENSG00000166535,A2ML1,0.9767453093070779,538.3
ENSG00000111291,GPRC5D,0.9767424242424244,26.4
ENSG00000169436,COL22A1,0.9767326732673267,40.4
ENSG00000152208,GRID2,0.9767192429022081,31.7
ENSG00000167767,KRT80,0.9766840360018948,211.1
ENSG00000073146,MOV10L1,0.9766585956416464,41.3
ENSG00000196083,IL1RAP,0.9766129032258065,210.8
ENSG00000164440,TXLNB,0.9766108935564257,280.9
ENSG00000180914,OXTR,0.9765940594059406,50.5
ENSG00000122477,LRRC39,0.9765477959385835,403.8
ENSG00000184544,DHRS7C,0.9765148861646235,342.6
ENSG00000211802,TRAV22,0.9765094339622641,21.2
ENSG00000166246,DNAAF8,0.9765040650406503,73.8
ENSG00000168065,SLC22A11,0.9764542936288089,36.1
ENSG00000176692,FOXC2,0.9764324324324326,37.0
ENSG00000185479,KRT6B,0.9764045917262291,923.4
ENSG00000186973,FAM183A,0.976375227686703,109.8
ENSG00000211727,TRBV7-6,0.976280487804878,32.8
ENSG00000161664,ASB16,0.9762776025236594,63.4
ENSG00000173930,SLCO4C1,0.9762371134020619,38.8
ENSG00000187642,PERM1,0.9762232779097387,168.4
ENSG00000121570,DPPA4,0.976206896551724,11.6
ENSG00000002745,WNT16,0.9761855670103092,19.4
ENSG00000180660,MAB21L1,0.9761844197138313,62.9
ENSG00000141965,FEM1A,0.9761670569867291,256.2
ENSG00000075429,CACNG5,0.9761643835616439,14.6
ENSG00000072954,TMEM38A,0.9761589403973513,543.6
ENSG00000241563,CORT,0.9761203007518797,66.5
ENSG00000232869,TRBV29-1,0.976087431693989,91.5
ENSG00000044012,GUCA2B,0.9760347322720694,138.2
ENSG00000182866,LCK,0.9760073710073711,325.6
ENSG00000160213,CSTB,0.9760038870224237,20478.4
ENSG00000206113,CFAP99,0.976,15.0
ENSG00000168903,BTNL3,0.9759668508287292,108.6
ENSG00000158445,KCNB1,0.975943661971831,106.5
ENSG00000196917,HCAR1,0.9759366754617415,37.9
ENSG00000135604,STX11,0.9759264497878358,141.4
ENSG00000175664,TEX26,0.9759203980099502,20.1
ENSG00000151365,THRSP,0.9758892128279884,411.6
ENSG00000138308,PLA2G12B,0.9758734939759036,66.4
ENSG00000159625,DRC7,0.9758700696055683,43.1
ENSG00000070031,SCT,0.9758554216867471,41.5
ENSG00000137463,MGARP,0.9758383650719925,215.3
ENSG00000211746,TRBV19,0.9758064516129032,49.6
ENSG00000019102,VSIG2,0.9757959602875728,584.2
ENSG00000196616,ADH1B,0.9757957782484844,5476.4
ENSG00000183463,URAD,0.9757522123893804,22.6
ENSG00000196990,FAM163B,0.9757516339869282,61.2
ENSG00000111886,GABRR2,0.9757388316151203,29.1
ENSG00000163833,FBXO40,0.9757368421052631,152.0
ENSG00000171595,DNAI2,0.9757342657342657,28.6
ENSG00000164776,PHKG1,0.9757300073367574,272.6
ENSG00000162494,LRRC38,0.9757046979865772,44.7
ENSG00000169989,TIGD4,0.9756862745098038,20.4
ENSG00000169271,HSPB3,0.9756757921965941,463.9
ENSG00000269405,NXF2,0.9756643356643357,14.3
ENSG00000100987,VSX1,0.9756231003039513,32.9
ENSG00000213171,LINGO4,0.9755947136563876,22.7
ENSG00000161513,FDXR,0.9755843391227553,339.7
ENSG00000136689,IL1RN,0.9755543777824888,1886.8
ENSG00000168491,CCDC110,0.9755508021390373,93.5
ENSG00000133665,DYDC2,0.9755409836065574,91.5
ENSG00000176601,MAP3K19,0.975529411764706,17.0
ENSG00000105374,NKG7,0.9754671828259722,568.3
ENSG00000109103,UNC119,0.9754410544750669,1084.9
ENSG00000140379,BCL2A1,0.9753719574905726,583.4
ENSG00000133124,IRS4,0.9753389830508474,23.6
ENSG00000069011,PITX1,0.9753016688061616,701.1
ENSG00000211809,TRAV27,0.9753005464480874,18.3
ENSG00000074276,CDHR2,0.9752482269503546,253.8
ENSG00000004838,ZMYND10,0.9752317880794702,226.5
ENSG00000211801,TRAV21,0.9752299829642247,58.7
ENSG00000205856,C22orf42,0.9752,10.0
ENSG00000142619,PADI3,0.97515625,25.6
ENSG00000159182,PRAC1,0.9751323300467046,192.7
ENSG00000140090,SLC24A4,0.9751264367816092,43.5
ENSG00000196754,S100A2,0.9751064129668781,3547.5
ENSG00000164600,NEUROD6,0.9750895140664962,39.1
ENSG00000170465,KRT6C,0.9750883392226148,792.4
ENSG00000140279,DUOX2,0.9750714024166972,273.1
ENSG00000122367,LDB3,0.9750579576816927,2717.5
ENSG00000283703,VSIG10L2,0.975057471264368,17.4
ENSG00000124116,WFDC3,0.9750515463917527,19.4
ENSG00000170891,CYTL1,0.975050505050505,198.0
ENSG00000187627,RGPD1,0.9750442477876107,22.6
ENSG00000167889,MGAT5B,0.9750253807106597,39.4
ENSG00000023839,ABCC2,0.9750087873462213,113.8
ENSG00000187288,CIDEC,0.9749964503762601,704.3
ENSG00000126233,SLURP1,0.9749874638379942,1037.0
ENSG00000139914,FITM1,0.974986251145738,218.2
ENSG00000171695,LKAAEAR1,0.9749828178694159,29.1
ENSG00000185523,SPATA45,0.9749565217391306,11.5
ENSG00000117009,KMO,0.9749532710280374,85.6
ENSG00000168314,MOBP,0.9749307701109967,873.9
ENSG00000198203,SULT1C2,0.9748671419313026,154.3
ENSG00000105664,COMP,0.9748547469302187,333.9
ENSG00000100344,PNPLA3,0.9748275862068965,29.0
ENSG00000122986,HVCN1,0.9748268355432416,505.3
ENSG00000101951,PAGE4,0.97464721208963,959.5
ENSG00000179397,CATSPERE,0.9746268656716417,20.1
ENSG00000273777,CEACAM20,0.9746067415730337,35.6
ENSG00000173421,IHO1,0.9746058091286308,24.1
ENSG00000187010,RHD,0.9745945945945945,14.8
ENSG00000185437,SH3BGR,0.9745456075395489,1188.4
ENSG00000203963,C1orf141,0.9745454545454544,14.3
ENSG00000153789,CIBAR2,0.9744776119402984,80.4
ENSG00000188487,INSC,0.974453781512605,23.8
ENSG00000060566,CREB3L3,0.9744400734329923,381.3
ENSG00000181195,PENK,0.9744269596199524,673.6
ENSG00000163806,SPDYA,0.9744155844155843,30.8
ENSG00000169297,NR0B1,0.9744092219020173,34.7
ENSG00000256590,TRDV3,0.9744067796610169,11.8
ENSG00000145850,TIMD4,0.9743918426802622,137.3
ENSG00000171303,KCNK3,0.97438202247191,169.1
ENSG00000189001,SBSN,0.974372977869807,2318.1
ENSG00000162620,LRRIQ3,0.9743455497382199,19.1
ENSG00000211687,TRGJ2,0.9743290043290044,46.2
ENSG00000211690,TRGJ1,0.9743290043290044,46.2
ENSG00000186335,SLC36A2,0.9743200000000001,75.0
ENSG00000165799,RNASE7,0.9742613636363637,70.4
ENSG00000134757,DSG3,0.9741843971631207,296.1
ENSG00000174992,ZG16,0.9741826280623607,449.0
ENSG00000188611,ASAH2,0.9741655359565807,73.7
ENSG00000138356,AOX1,0.9740806529044648,833.2
ENSG00000155026,RSPH10B,0.9740659340659341,18.2
ENSG00000147256,ARHGAP36,0.9740300300300301,166.5
ENSG00000105246,EBI3,0.9740201729106629,138.8
ENSG00000156222,SLC28A1,0.9740018744142455,106.7
ENSG00000149599,DUSP15,0.9739942528735631,208.8
ENSG00000198183,BPIFA1,0.9739784946236558,18.6
ENSG00000169758,TMEM266,0.9739080459770115,17.4
ENSG00000133246,PRAM1,0.9739016393442622,91.5
ENSG00000170426,SDR9C7,0.9739007092198583,56.4
ENSG00000175262,C1orf127,0.9738853503184715,15.7
ENSG00000118473,SGIP1,0.9738421052631578,152.0
ENSG00000131096,PYY,0.9738368580060424,66.2
ENSG00000001626,CFTR,0.973807486631016,187.0
ENSG00000100985,MMP9,0.9738020247469066,355.6
ENSG00000135333,EPHA7,0.9737993920972644,65.8
ENSG00000152705,CATSPER3,0.9737857142857144,28.0
ENSG00000168237,GLYCTK,0.9737652987760979,138.9
ENSG00000160349,LCN1,0.9737600000000001,12.5
ENSG00000256660,CLEC12B,0.97376,12.5
ENSG00000211452,DIO1,0.9737140509449465,243.4
ENSG00000182271,TMIGD1,0.9736961451247166,132.3
ENSG00000168907,PLA2G4F,0.9736499321573949,73.7
ENSG00000133636,NTS,0.9736066623959002,156.1
ENSG00000136883,KIF12,0.9736011209715086,214.1
ENSG00000198523,PLN,0.9735939849624063,1463.0
ENSG00000141668,CBLN2,0.97359375,38.4
ENSG00000105427,CNFN,0.9735802551823448,2986.1
ENSG00000175868,CALCB,0.9735751295336789,19.3
ENSG00000166278,C2,0.9735473938860788,454.7
ENSG00000164761,TNFRSF11B,0.9735239085239086,192.4
ENSG00000197745,SCGB1D4,0.9735114503816794,78.6
ENSG00000244094,SPRR2F,0.9734936908517349,253.6
ENSG00000167210,LOXHD1,0.9734883720930233,21.5
ENSG00000157782,CABP1,0.9734795042897997,419.6
ENSG00000110944,IL23A,0.97344578313253,41.5
ENSG00000196839,ADA,0.9734405286343614,454.0
ENSG00000170323,FABP4,0.9734227697153786,3555.6
ENSG00000187715,KBTBD12,0.9734181818181818,55.0
ENSG00000149968,MMP3,0.9733963585434173,285.6
ENSG00000196421,C20orf204,0.9733962264150943,10.6
ENSG00000138755,CXCL9,0.973351724137931,290.0
ENSG00000188536,HBA2,0.973349404692392,35964.6
ENSG00000007306,CEACAM7,0.9733278929329198,612.7
ENSG00000109674,NEIL3,0.9732727272727274,22.0
ENSG00000163263,CFAP141,0.973240418118467,28.7
ENSG00000160654,CD3G,0.9732349602724177,88.1
ENSG00000145934,TENM2,0.9732317073170731,32.8
ENSG00000133317,LGALS12,0.9732244897959186,73.5
ENSG00000198963,RORB,0.9732038834951456,51.5
ENSG00000132541,RIDA,0.9731679788197589,1435.3
ENSG00000106341,PPP1R17,0.9731481481481482,21.6
ENSG00000112139,MDGA1,0.9731428571428573,80.5
ENSG00000185668,POU3F1,0.9731391585760518,30.9
ENSG00000130054,NALF2,0.9731213872832367,34.6
ENSG00000133863,TEX15,0.9730973451327434,11.3
ENSG00000197971,MBP,0.9730853808677814,89103.1
ENSG00000223573,TINCR,0.973060312732688,134.3
ENSG00000143921,ABCG8,0.973056768558952,45.8
ENSG00000173237,C11orf86,0.9730555555555555,64.8
ENSG00000135744,AGT,0.9730503569361373,1554.9
ENSG00000176273,SLC35G1,0.9730124223602484,64.4
ENSG00000167780,SOAT2,0.9730054644808743,18.3
ENSG00000104327,CALB1,0.9730026631158454,300.4
ENSG00000131730,CKMT2,0.9729637152617486,2166.2
ENSG00000085662,AKR1B1,0.9729618457254616,3016.7
ENSG00000125966,MMP24,0.9729481481481481,67.5
ENSG00000158571,PFKFB1,0.9729377990430623,104.5
ENSG00000159248,GJD2,0.9729292929292929,19.8
ENSG00000173452,TMEM196,0.972923076923077,19.5
ENSG00000186806,VSIG10L,0.9728901734104045,69.2
ENSG00000258227,CLEC5A,0.972871794871795,39.0
ENSG00000158786,PLA2G2F,0.9728671328671328,14.3
ENSG00000170703,TTLL6,0.9728571428571429,18.2
ENSG00000130812,ANGPTL6,0.9728327645051195,29.3
ENSG00000211888,TRAJ1,0.9728310502283105,87.6
ENSG00000127377,CRYGN,0.9728104575163399,15.3
ENSG00000179673,RPRML,0.9727542372881355,47.2
ENSG00000263155,MYZAP,0.9727539912917271,551.2
ENSG00000101605,MYOM1,0.9727539651330451,762.9
ENSG00000168298,H1-4,0.972753036437247,49.4
ENSG00000064218,DMRT3,0.9727272727272727,25.3
ENSG00000130270,ATP8B3,0.9727184466019417,20.6
ENSG00000137440,FGFBP1,0.9727052555098088,412.9
ENSG00000108786,HSD17B1,0.9726967741935485,77.5
ENSG00000169896,ITGAM,0.9726504629629629,172.8
ENSG00000141161,UNC45B,0.972627578718784,184.2
ENSG00000135951,TSGA10,0.9725726141078839,48.2
ENSG00000132429,POPDC3,0.9725392670157066,76.4
ENSG00000189051,RNF222,0.9725301204819278,16.6
ENSG00000166317,SYNPO2L,0.9725248661055853,261.4
ENSG00000173013,CCDC96,0.9725,61.6
ENSG00000168658,VWA3B,0.9725,28.8
ENSG00000183971,NPW,0.9724302788844621,25.1
ENSG00000121075,TBX4,0.9724271844660193,30.9
ENSG00000166415,WDR72,0.9724214792299898,98.7
ENSG00000115507,OTX1,0.9724137931034482,17.4
ENSG00000187054,TMPRSS11A,0.9724103831891224,80.9
ENSG00000106113,CRHR2,0.9723444976076554,20.9
ENSG00000173557,FAM166C,0.9723320158102766,25.3
ENSG00000100557,CCDC198,0.9723255813953489,86.0
ENSG00000021488,SLC7A9,0.9723139820114475,122.3
ENSG00000243284,VSIG8,0.9722881355932204,23.6
ENSG00000141294,LRRC46,0.9722764227642274,73.8
ENSG00000120669,SOHLH2,0.9722480620155038,25.8
ENSG00000145626,UGT3A1,0.9722140221402213,54.2
ENSG00000114638,UPK1B,0.9720868516284681,82.9
ENSG00000105929,ATP6V0A4,0.972043301759134,73.9
ENSG00000167549,CORO6,0.9720081847413039,342.1
ENSG00000198851,CD3E,0.9720060382422008,596.2
ENSG00000236782,ZNF593OS,0.972,20.0
ENSG00000133742,CA1,0.9719911214246078,1982.3
ENSG00000089250,NOS1,0.9719626168224299,53.5
ENSG00000140323,DISP2,0.971937984496124,25.8
ENSG00000211882,TRAJ7,0.9719289340101522,39.4
ENSG00000260287,TBC1D3G,0.9719230769230768,26.0
ENSG00000146054,TRIM7,0.971889502762431,181.0
ENSG00000152822,GRM1,0.971875,16.0
ENSG00000198467,TPM2,0.9718433131821539,36557.0
ENSG00000180999,C1orf105,0.971788617886179,24.6
ENSG00000127588,GNG13,0.9717667238421955,58.3
ENSG00000285133,ENSG00000285133,0.9717441860465117,17.2
ENSG00000172478,MAB21L4,0.9717194092827006,189.6
ENSG00000101438,SLC32A1,0.9717117117117118,44.4
ENSG00000109101,FOXN1,0.9717010309278351,38.8
ENSG00000133488,SEC14L4,0.9716666666666667,18.0
ENSG00000160097,FNDC5,0.9716539668310178,446.2
ENSG00000277893,SRD5A2,0.9716197183098592,56.8
ENSG00000148600,CDHR1,0.9716071428571429,291.2
ENSG00000116771,AGMAT,0.971568,125.0
ENSG00000165553,NGB,0.971531291611185,75.1
ENSG00000211878,TRAJ11,0.971526717557252,26.2
ENSG00000256870,SLC5A8,0.9714736842105264,19.0
ENSG00000160801,PTH1R,0.9714564770390676,583.6
ENSG00000124253,PCK1,0.9714028274040701,643.7
ENSG00000185955,SPACDR,0.9713939393939393,66.0
ENSG00000188910,GJB3,0.9713936781609196,139.2
ENSG00000243232,PCDHAC2,0.9713861386138615,40.4
ENSG00000110680,CALCA,0.9713807531380751,167.3
ENSG00000163050,COQ8A,0.9713699257765966,1091.3
ENSG00000160838,LRRC71,0.9713559322033899,23.6
ENSG00000166634,SERPINB12,0.9713464991023341,55.7
ENSG00000088726,TMEM40,0.9713202247191011,213.6
ENSG00000166928,MS4A14,0.9713131313131314,69.3
ENSG00000105695,MAG,0.9713077033014149,699.7
ENSG00000116690,PRG4,0.9713068508923431,173.7
ENSG00000162782,TDRD5,0.9712745098039215,20.4
ENSG00000211794,TRAV12-3,0.9712701252236136,55.9
ENSG00000042980,ADAM28,0.9712511144130758,336.5
ENSG00000162366,PDZK1IP1,0.9712412993039443,1034.4
ENSG00000166856,GPR182,0.9712345679012345,16.2
ENSG00000161860,SYCE2,0.9712252964426875,25.3
ENSG00000050767,COL23A1,0.9711702127659574,18.8
ENSG00000213022,KLK9,0.9711504424778762,11.3
ENSG00000131142,CCL25,0.9711262703605738,718.3
ENSG00000163630,SYNPR,0.971125524608928,262.1
ENSG00000158815,FGF17,0.9710893512851897,81.7
ENSG00000090382,LYZ,0.9710657412344235,21193.7
ENSG00000211886,TRAJ3,0.9710551558752998,83.4
ENSG00000211841,TRAJ48,0.9710424710424711,25.9
ENSG00000153563,CD8A,0.9710185185185186,216.0
ENSG00000169474,SPRR1A,0.9710060024009606,3332.0
ENSG00000111199,TRPV4,0.9710028653295129,69.8
ENSG00000278030,TRBV7-9,0.9709941520467835,51.3
ENSG00000100867,DHRS2,0.9709796407185628,417.5
ENSG00000189334,S100A14,0.9709774643231031,3629.8
ENSG00000167332,OR51E2,0.9709558823529412,27.2
ENSG00000168589,DYNLRB2,0.9709505703422053,157.8
ENSG00000105982,RNF32,0.9709154929577463,56.8
ENSG00000075035,WSCD2,0.970853889943074,105.4
ENSG00000174885,NLRP6,0.9708465608465608,37.8
ENSG00000101670,LIPG,0.9708248786943094,226.7
ENSG00000175793,SFN,0.9708113278163595,2404.7
ENSG00000182950,ODF3L1,0.9707834101382489,21.7
ENSG00000228672,PROB1,0.9707773386034256,75.9
ENSG00000196371,FUT4,0.9707564766839379,96.5
ENSG00000214212,C19orf38,0.9707127429805615,92.6
ENSG00000110887,DAO,0.9706647605432451,139.9
ENSG00000227877,MRLN,0.9706281833616298,176.7
ENSG00000128408,RIBC2,0.9706250000000002,28.8
ENSG00000121577,POPDC2,0.9705714285714286,378.0
ENSG00000139767,SRRM4,0.9705643340857787,44.3
ENSG00000112214,FHL5,0.9705516959542299,244.7
ENSG00000140795,MYLK3,0.9705371900826445,96.8
ENSG00000188100,FAM25A,0.9705294117647059,510.0
ENSG00000129451,KLK10,0.9705216752387947,136.1
ENSG00000167646,DNAAF3,0.9705211726384364,61.4
ENSG00000170689,HOXB9,0.9705060240963854,83.0
ENSG00000242366,UGT1A8,0.9704999999999999,28.0
ENSG00000165985,C1QL3,0.9704980842911879,26.1
ENSG00000123560,PLP1,0.9704699697932605,10196.4
ENSG00000211968,IGHV1-58,0.9704415584415584,192.5
ENSG00000008516,MMP25,0.970439414114514,75.1
ENSG00000102854,MSLN,0.9704321223709368,261.5
ENSG00000150275,PCDH15,0.9704195804195804,57.2
ENSG00000186115,CYP4F2,0.9704169339320079,155.9
ENSG00000004809,SLC22A16,0.9703999999999999,20.0
ENSG00000258484,SPESP1,0.9703964757709251,68.1
ENSG00000128610,FEZF1,0.970381679389313,13.1
ENSG00000107165,TYRP1,0.9703790087463556,137.2
ENSG00000172673,THEMIS,0.9703780068728523,29.1
ENSG00000120210,INSL6,0.9703448275862069,14.5
ENSG00000139908,TSSK4,0.9703030303030303,36.3
ENSG00000196208,GREB1,0.9702933124755572,255.7
ENSG00000197273,GUCA2A,0.9702703260420965,969.2
ENSG00000012504,NR1H4,0.970204081632653,112.7
ENSG00000161509,GRIN2C,0.9702022867194373,113.7
ENSG00000278023,RDM1,0.9701754385964912,11.4
ENSG00000166866,MYO1A,0.9701738570508692,310.6
ENSG00000086288,NME8,0.9701724137931036,11.6
ENSG00000100721,TCL1A,0.9701402805611223,249.5
ENSG00000283321,ENSG00000283321,0.9700699300699301,14.3
ENSG00000178776,C5orf46,0.9700644405389572,170.7
ENSG00000214435,AS3MT,0.9700383729854183,260.6
ENSG00000239388,ASB14,0.9700380228136883,26.3
ENSG00000204655,MOG,0.9700262085032033,686.8
ENSG00000149654,CDH22,0.970022271714922,44.9
ENSG00000126709,IFI6,0.9700032838761681,3349.7
ENSG00000138075,ABCG5,0.97,59.6
ENSG00000169035,KLK7,0.9699894291754757,189.2
ENSG00000171246,NPTX1,0.9699363057324841,188.4
ENSG00000185739,SRL,0.9699226103325664,478.1
ENSG00000188338,SLC38A3,0.9698709677419356,310.0
ENSG00000161905,ALOX15,0.9698295454545456,35.2
ENSG00000106484,MEST,0.9698095500966051,724.6
ENSG00000163827,LRRC2,0.9697602073882047,154.3
ENSG00000221887,HMSD,0.9697087378640776,30.9
ENSG00000163586,FABP1,0.9697040127461769,12176.2
ENSG00000134343,ANO3,0.969691780821918,58.4
ENSG00000115956,PLEK,0.9696830677639643,571.1
ENSG00000142530,GARIN5A,0.9696783625730994,68.4
ENSG00000109255,NMU,0.9696780893042576,96.3
ENSG00000211796,TRAV16,0.9696756756756757,37.0
ENSG00000054967,RELT,0.9696575342465755,146.0
ENSG00000242866,STRC,0.9696551724137932,40.6
ENSG00000156689,GLYATL2,0.9696428571428573,33.6
ENSG00000243955,GSTA1,0.969554307269671,2438.9
ENSG00000203837,PNLIPRP3,0.9695522388059702,13.4
ENSG00000143847,PPFIA4,0.9695454545454545,96.8
ENSG00000139194,RBP5,0.9695410414827892,453.2
ENSG00000167664,TMIGD2,0.9695384615384615,32.5
ENSG00000211817,TRAV38-2DV8,0.9695297805642633,31.9
ENSG00000146205,ANO7,0.9695195195195194,66.6
ENSG00000161653,NAGS,0.9694693877551022,49.0
ENSG00000039987,BEST2,0.9694613583138171,42.7
ENSG00000154479,CFAP210,0.9694259012016022,74.9
ENSG00000152503,TRIM36,0.9694103194103195,162.8
ENSG00000184601,C14orf180,0.969408341416101,103.1
ENSG00000182256,GABRG3,0.969402390438247,25.1
ENSG00000233041,PHGR1,0.9693941714700309,2480.9
ENSG00000197181,PIWIL2,0.9693680297397771,26.9
ENSG00000073067,CYP2W1,0.9693048128342246,18.7
ENSG00000147257,GPC3,0.9693042699313229,669.8
ENSG00000116783,TNNI3K,0.9693040293040291,54.6
ENSG00000081277,PKP1,0.9692691729323308,665.0
ENSG00000073670,ADAM11,0.9692543859649123,91.2
ENSG00000189090,FAM25G,0.9691534391534391,37.8
ENSG00000132259,CNGA4,0.9691358024691357,16.2
ENSG00000167755,KLK6,0.969135551948052,492.8
ENSG00000134193,REG4,0.9691264625741305,623.9
ENSG00000186297,GABRA5,0.9691043549712407,121.7
ENSG00000143549,TPM3,0.9690999292981342,8344.9
ENSG00000211784,TRAV10,0.9690666666666665,15.0
ENSG00000183682,BMP8A,0.9690570430733411,85.9
ENSG00000088386,SLC15A1,0.9690423861852433,191.1
ENSG00000011422,PLAUR,0.9690408853366124,650.6
ENSG00000172361,CFAP53,0.9689673202614381,76.5
ENSG00000125744,RTN2,0.968959598074105,477.7
ENSG00000239961,LILRA4,0.9689108910891089,10.1
ENSG00000173641,HSPB7,0.9689020937859124,3567.7
ENSG00000132938,MTUS2,0.9688936170212764,47.0
ENSG00000186474,KLK12,0.9688917525773197,77.6
ENSG00000178363,CALML3,0.9688810594095493,823.1
ENSG00000108244,KRT23,0.9688592233009709,164.8
ENSG00000163817,SLC6A20,0.9688559322033897,47.2
ENSG00000135374,ELF5,0.9688398576512455,140.5
ENSG00000005001,PRSS22,0.9688318356867779,77.9
ENSG00000198569,SLC34A3,0.9688111888111888,14.3
ENSG00000183770,FOXL2,0.9688018433179724,43.4
ENSG00000115556,PLCD4,0.9687979207277452,153.9
ENSG00000136383,ALPK3,0.9687644982349972,198.3
ENSG00000067191,CACNB1,0.968746021642266,314.2
ENSG00000134258,VTCN1,0.9686919831223628,94.8
ENSG00000113303,BTNL8,0.9686886708296164,112.1
ENSG00000135773,CAPN9,0.9686818980667838,56.9
ENSG00000161055,SCGB3A1,0.968677197636561,829.3
ENSG00000100302,RASD2,0.9686489419424851,184.3
ENSG00000131044,TTLL9,0.9686301369863014,14.6
ENSG00000276430,FAM25C,0.9686170212765959,37.6
ENSG00000101443,WFDC2,0.9686101598173517,4905.6
ENSG00000151164,RAD9B,0.9685981308411215,10.7
ENSG00000169064,ZBBX,0.9685714285714286,33.6
ENSG00000187151,ANGPTL5,0.9685263157894736,19.0
ENSG00000056998,GYG2,0.968514986376022,146.8
ENSG00000283361,CFAP97D2,0.9684782608695651,18.4
ENSG00000241224,C3orf85,0.9684638554216869,66.4
ENSG00000163995,ABLIM2,0.96843949044586,188.4
ENSG00000140284,SLC27A2,0.9684101040118872,269.2
ENSG00000187037,GPR141,0.9684081632653061,24.5
ENSG00000281106,TMEM272,0.9684057971014493,13.8
ENSG00000216588,IGSF23,0.9683842794759826,22.9
ENSG00000150773,PIH1D2,0.9683735909822866,62.1
ENSG00000164076,CAMKV,0.9683689232167196,220.1
ENSG00000128536,CDHR3,0.9683479960899316,102.3
ENSG00000152214,RIT2,0.9682601626016261,61.5
ENSG00000175445,LPL,0.9682445176684468,880.1
ENSG00000211805,TRAV24,0.9682412060301507,19.9
ENSG00000115523,GNLY,0.9682357274401475,271.5
ENSG00000211846,TRAJ43,0.9682170542635659,12.9
ENSG00000134201,GSTM5,0.9682109357126514,874.2
ENSG00000197826,CFAP299,0.968203125,25.6
ENSG00000060138,YBX3,0.9681981581171865,4495.4
ENSG00000275385,CCL18,0.9681974248927037,46.6
ENSG00000082482,KCNK2,0.9681836327345311,50.1
ENSG00000143127,ITGA10,0.9681754385964912,114.0
ENSG00000170893,TRH,0.968133971291866,62.7
ENSG00000211854,TRAJ35,0.9681203007518797,13.3
ENSG00000127325,BEST3,0.9681137724550898,66.8
ENSG00000053438,NNAT,0.9681090980443456,1528.9
ENSG00000268089,GABRQ,0.9680769230769231,20.8
ENSG00000196136,SERPINA3,0.9680422092501122,8462.6
ENSG00000239998,LILRA2,0.9680140597539543,56.9
ENSG00000117834,SLC5A9,0.9679706601466992,40.9
ENSG00000198768,APCDD1L,0.9679558011049724,18.1
ENSG00000104044,OCA2,0.9679285714285715,28.0
ENSG00000162722,TRIM58,0.9679207920792078,30.3
ENSG00000007516,BAIAP3,0.9678935698447892,360.8
ENSG00000165023,DIRAS2,0.9678843626806833,152.2
ENSG00000125998,FAM83C,0.9678802992518704,40.1
ENSG00000170927,PKHD1,0.9678740157480316,12.7
ENSG00000007062,PROM1,0.9678322784810126,252.8
ENSG00000183773,AIFM3,0.967798098024872,136.7
ENSG00000143178,TBX19,0.9677754677754677,48.1
ENSG00000166592,RRAD,0.9677497425334706,776.8
ENSG00000117600,PLPPR4,0.9677445109780439,50.1
ENSG00000157343,ARMC12,0.9677397260273972,58.4
ENSG00000162398,LEXM,0.9677310924369747,11.9
ENSG00000198829,SUCNR1,0.9676675603217157,37.3
ENSG00000160883,HK3,0.9676369582992641,122.3
ENSG00000250423,KIAA1210,0.9676142131979694,39.4
ENSG00000153294,ADGRF4,0.9675956284153006,36.6
ENSG00000000971,CFH,0.9675797704628579,1585.8
ENSG00000213901,SLC23A3,0.9675586854460093,42.6
ENSG00000232070,TMEM253,0.9675575027382256,91.3
ENSG00000158481,CD1C,0.9674917491749175,121.2
ENSG00000144810,COL8A1,0.9674834144183991,226.1
ENSG00000122735,DNAI1,0.9674617737003058,65.4
ENSG00000163288,GABRB1,0.9674418604651163,12.9
ENSG00000187094,CCK,0.9674206257242178,431.5
ENSG00000189056,RELN,0.9674045801526718,26.2
ENSG00000204978,ERICH4,0.9673999999999999,40.0
ENSG00000156219,ART3,0.9673728369166231,190.7
ENSG00000163421,PROK2,0.9673563218390807,60.9
ENSG00000157502,PWWP3B,0.9673552123552124,103.6
ENSG00000188015,S100A3,0.967348178137652,98.8
ENSG00000172350,ABCG4,0.9673291925465839,48.3
ENSG00000162882,HAAO,0.9673246565437456,276.6
ENSG00000146197,SCUBE3,0.9673239436619718,42.6
ENSG00000152611,CAPSL,0.9673128598848367,104.2
ENSG00000105146,AURKC,0.9673094170403589,44.6
ENSG00000197993,KEL,0.9673069679849341,53.1
ENSG00000198780,FAM169A,0.9672827586206897,72.5
ENSG00000117090,SLAMF1,0.9672758037225041,59.1
ENSG00000152910,CNTNAP4,0.9672650475184795,94.7
ENSG00000211890,IGHA2,0.9672612227788977,5009.9
ENSG00000015413,DPEP1,0.9672514130207241,477.7
ENSG00000136531,SCN2A,0.967223880597015,67.0
ENSG00000169856,ONECUT1,0.9671428571428571,14.0
ENSG00000171033,PKIA,0.9671386539168811,1087.6
ENSG00000198865,CCDC152,0.9671065182829891,125.8
ENSG00000129538,RNASE1,0.9671003453769492,8599.3
ENSG00000146411,SLC2A12,0.9670772238514175,102.3
ENSG00000243709,LEFTY1,0.9670678336980306,91.4
ENSG00000091138,SLC26A3,0.9670491959273005,1050.9
ENSG00000112964,GHR,0.9670476190476193,199.5
ENSG00000167858,TEKT1,0.9670464135021096,47.4
ENSG00000174567,GOLT1A,0.967025782688766,217.2
ENSG00000112539,C6orf118,0.967012987012987,15.4
ENSG00000143369,ECM1,0.9670039786802792,1332.1
ENSG00000182492,BGN,0.9669658712204141,4110.9
ENSG00000158865,SLC5A11,0.9669654289372599,78.1
ENSG00000172005,MAL,0.9669552102697203,2851.1
ENSG00000205683,DPF3,0.9669512195121951,16.4
ENSG00000178233,TMEM151B,0.9669128508124077,135.4
ENSG00000112175,BMP5,0.9669058295964125,66.9
ENSG00000180332,KCTD4,0.9668141592920354,45.2
ENSG00000213996,TM6SF2,0.9667791842475387,71.1
ENSG00000169220,RGS14,0.9667778240933722,239.9
ENSG00000136872,ALDOB,0.9667169825741362,10467.2
ENSG00000136811,ODF2,0.9667122819021553,292.3
ENSG00000260802,SERTM2,0.9666573033707867,71.2
ENSG00000237330,RNF223,0.9665891472868217,25.8
ENSG00000077274,CAPN6,0.9665704330512692,200.9
ENSG00000182870,GALNT9,0.9665622552858261,127.7
ENSG00000166183,ASPG,0.9665546218487396,142.8
ENSG00000188396,DYNLT4,0.9665502183406115,22.9
ENSG00000136695,IL36RN,0.9665333333333334,60.0
ENSG00000160396,HIPK4,0.9665116279069769,17.2
ENSG00000112183,RBM24,0.9665075034106414,293.2
ENSG00000118160,SLC8A2,0.9664919354838708,99.2
ENSG00000185559,DLK1,0.9664763022361302,1533.9
ENSG00000187486,KCNJ11,0.9664655984919888,106.1
ENSG00000160307,S100B,0.9664139917176431,4757.1
ENSG00000184343,SRPK3,0.9664076690211907,198.2
ENSG00000181143,MUC16,0.9663999999999998,15.0
ENSG00000138395,CDK15,0.9663888888888889,14.4
ENSG00000211883,TRAJ6,0.9663757115749526,52.7
ENSG00000151812,SLC35F4,0.9663636363636363,13.2
ENSG00000091482,SMPX,0.9663287943006584,1108.9
ENSG00000140274,DUOXA2,0.9662895174708821,60.1
ENSG00000186832,KRT16,0.9662738095238095,1008.0
ENSG00000270765,GAS2L2,0.9662666666666666,15.0
ENSG00000174871,CNIH2,0.9662470532767561,424.2
ENSG00000134864,GGACT,0.9662222222222222,67.5
ENSG00000111245,MYL2,0.9662186759304493,27634.5
ENSG00000197641,SERPINB13,0.9662097246631518,170.7
ENSG00000118094,TREH,0.9661858974358976,62.4
ENSG00000149925,ALDOA,0.9661587569788433,25093.7
ENSG00000183281,PLGLB1,0.9661577825159915,234.5
ENSG00000211795,TRAV8-6,0.9661471861471861,23.1
ENSG00000075073,TACR2,0.9661297539149889,134.1
ENSG00000101638,ST8SIA5,0.9661206896551724,23.2
ENSG00000142661,MYOM3,0.9661159701976026,308.7
ENSG00000196666,FAM180B,0.96609375,25.6
ENSG00000205038,PKHD1L1,0.9660912052117265,61.4
ENSG00000184261,KCNK12,0.966078431372549,10.2
ENSG00000171747,LGALS4,0.966071584938704,1827.2
ENSG00000178882,RFLNA,0.966062639821029,89.4
ENSG00000164185,ZNF474,0.9660493827160495,16.2
ENSG00000128591,FLNC,0.9660436325205707,1324.7
ENSG00000111012,CYP27B1,0.9660215053763441,18.6
ENSG00000123901,GPR83,0.9660000000000001,15.0
ENSG00000205420,KRT6A,0.9659600078746802,7111.4
ENSG00000137860,SLC28A2,0.965914844649022,86.9
ENSG00000136688,IL36G,0.9659078590785909,36.9
ENSG00000211658,IGLV3-27,0.9658522272606028,374.9
ENSG00000186471,AKAP14,0.9658159509202454,81.5
ENSG00000080572,DNAAF6,0.9657657657657657,11.1
ENSG00000156414,TDRD9,0.9657541899441341,35.8
ENSG00000100526,CDKN3,0.9657380457380458,192.4
ENSG00000070371,CLTCL1,0.965737976782753,180.9
ENSG00000136717,BIN1,0.9656777442094664,1986.0
ENSG00000196660,SLC30A10,0.9656108597285068,44.2
ENSG00000162129,CLPB,0.9655833333333332,120.0
ENSG00000091262,ABCC6,0.9655609756097561,82.0
ENSG00000174358,SLC6A19,0.9655439642324888,134.2
ENSG00000114279,FGF12,0.965518341307815,125.4
ENSG00000205502,C2CD4B,0.9655042016806722,95.2
ENSG00000167165,UGT1A6,0.9654545454545453,134.2
ENSG00000166596,CFAP52,0.9654411764705884,54.4
ENSG00000166091,CMTM5,0.9654369519201693,330.7
ENSG00000171954,CYP4F22,0.9654121863799284,55.8
ENSG00000165643,SOHLH1,0.9654112554112554,46.2
ENSG00000079435,LIPE,0.9653350350989152,783.5
ENSG00000211892,IGHG4,0.965325291928654,2337.9
ENSG00000197520,FAM177B,0.965305164319249,42.6
ENSG00000170807,LMOD2,0.9652630375114364,874.4
ENSG00000185518,SV2B,0.9652490421455937,52.2
ENSG00000123453,SARDH,0.9652399999999999,100.0
ENSG00000128510,CPA4,0.9652319109461964,53.9
ENSG00000178828,RNF186,0.9652068126520682,123.3
ENSG00000267060,PTGES3L,0.9652017167381973,116.5
ENSG00000198156,NPIPB6,0.9651933701657458,36.2
ENSG00000127074,RGS13,0.9651901565995525,44.7
ENSG00000172322,CLEC12A,0.9651792828685258,75.3
ENSG00000131910,NR0B2,0.9651746258018531,140.3
ENSG00000166426,CRABP1,0.9651474955454367,505.1
ENSG00000111732,AICDA,0.9651428571428571,10.5
ENSG00000111424,VDR,0.9651284362325372,221.9
ENSG00000240764,PCDHGC5,0.9651063829787234,28.2
ENSG00000101210,EEF1A2,0.9650826491516148,1827.0
ENSG00000152463,OLAH,0.9650793650793651,25.2
ENSG00000288635,ENSG00000288635,0.9650793650793651,12.6
ENSG00000181458,TMEM45A,0.9650690423162583,449.0
ENSG00000002726,AOC1,0.9650610670666382,466.7
ENSG00000124875,CXCL6,0.9650526315789475,95.0
ENSG00000111405,ENDOU,0.965012406947891,80.6
ENSG00000089505,CMTM1,0.965,29.2
ENSG00000144712,CAND2,0.9649880857823667,125.9
ENSG00000124302,CHST8,0.9649511400651466,61.4
ENSG00000198092,TMPRSS11F,0.9649295774647887,14.2
ENSG00000185742,C11orf87,0.9648888888888889,18.0
ENSG00000150637,CD226,0.964872231686542,58.7
ENSG00000005981,ASB4,0.9648539325842697,44.5
ENSG00000125999,BPIFB1,0.9648533834586468,532.0
ENSG00000186732,MPPED1,0.9648355899419729,51.7
ENSG00000137714,FDX1,0.9648135818908123,300.4
ENSG00000146755,TRIM50,0.9647826086956521,46.0
ENSG00000177984,LCN15,0.9646428571428571,11.2
ENSG00000130287,NCAN,0.9645888324873095,98.5
ENSG00000154997,SEPTIN14,0.9645283018867926,21.2
ENSG00000223953,C1QTNF5,0.9645033351361098,554.7
ENSG00000135097,MSI1,0.9644628099173554,96.8
ENSG00000143340,FAM163A,0.9644444444444445,29.7
ENSG00000086205,FOLH1,0.9644320446392985,250.9
ENSG00000135409,AMHR2,0.9644215938303341,38.9
ENSG00000108576,SLC6A4,0.9643684210526315,38.0
ENSG00000131746,TNS4,0.9643424445590512,193.9
ENSG00000229637,PRAC2,0.9643283582089553,13.4
ENSG00000130675,MNX1,0.9643137254901961,15.3
ENSG00000189325,BNIP5,0.964310344827586,23.2
ENSG00000188130,MAPK12,0.964293865905849,280.4
ENSG00000140481,CCDC33,0.9642487046632123,19.3
ENSG00000167880,EVPL,0.9642185338865837,289.2
ENSG00000108242,CYP2C18,0.9642128121606948,184.2
ENSG00000118898,PPL,0.9641898480068829,697.4
ENSG00000145708,CRHBP,0.96417469492614,155.7
ENSG00000157856,DRC1,0.9641734417344173,36.9
ENSG00000152154,TMEM178A,0.9641681997371879,380.5
ENSG00000087128,TMPRSS11E,0.9641619047619047,210.0
ENSG00000203785,SPRR2E,0.9641593079834204,1664.7
ENSG00000162711,NLRP3,0.9641553398058252,51.5
ENSG00000115194,SLC30A3,0.9641486068111454,64.6
ENSG00000157330,CFAP107,0.9641468682505399,46.3
ENSG00000224940,PRRT4,0.9641467889908256,54.5
ENSG00000164746,C7orf57,0.9641221374045802,13.1
ENSG00000157851,DPYSL5,0.9641025641025641,128.7
ENSG00000130720,FIBCD1,0.9640983606557376,24.4
ENSG00000179902,CFAP276,0.964083094555874,139.6
ENSG00000095932,SMIM24,0.9640627724498689,1491.1
ENSG00000157322,CLEC18A,0.9640590405904059,27.1
ENSG00000050165,DKK3,0.9640225806451613,1240.0
ENSG00000132840,BHMT2,0.963982080637133,401.8
ENSG00000136750,GAD2,0.963914373088685,65.4
ENSG00000008196,TFAP2B,0.9638853503184714,31.4
ENSG00000188505,NCCRP1,0.9638717015468607,439.6
ENSG00000197632,SERPINB2,0.9638701067615658,224.8
ENSG00000091664,SLC17A6,0.9638461538461539,15.6
ENSG00000153132,CLGN,0.9638418079096046,106.2
ENSG00000144407,PTH2R,0.9638157894736843,15.2
ENSG00000161036,LRWD1,0.9638032305433186,272.4
ENSG00000138798,EGF,0.9637706511175899,102.9
ENSG00000224650,IGHV3-74,0.9637044673539518,291.0
ENSG00000147804,SLC39A4,0.9636714975845408,82.8
ENSG00000138152,BTBD16,0.9636170212765955,18.8
ENSG00000143434,SEMA6C,0.9635983263598327,262.9
ENSG00000166006,KCNC2,0.9635502958579881,33.8
ENSG00000196132,MYT1,0.9635258358662614,32.9
ENSG00000198807,PAX9,0.9635202086049542,76.7
ENSG00000196535,MYO18A,0.963508127949659,381.4
ENSG00000166825,ANPEP,0.9635037861915368,2245.0
ENSG00000163202,LCE3D,0.9633935321293575,238.1
ENSG00000178234,GALNT11,0.9633616808404203,799.6
ENSG00000187726,DNAJB13,0.9633532934131737,50.1
ENSG00000165474,GJB2,0.9633081164251829,779.9
ENSG00000197360,ZNF98,0.963257142857143,35.0
ENSG00000264230,ANXA8L1,0.9632486979166666,307.2
ENSG00000232629,HLA-DQB2,0.96324,50.0
ENSG00000146221,TCTE1,0.9632394366197182,28.4
ENSG00000112299,VNN1,0.9632387475538161,204.4
ENSG00000006128,TAC1,0.9632286995515694,223.0
ENSG00000137634,NXPE4,0.9631878895814782,112.3
ENSG00000271178,IGHV3OR16-13,0.9631654676258995,27.8
ENSG00000100027,YPEL1,0.9631375166889187,149.8
ENSG00000172731,LRRC20,0.9631225986727209,286.3
ENSG00000132681,ATP1A4,0.9631168831168831,15.4
ENSG00000178104,PDE4DIP,0.9630907587347529,1934.8
ENSG00000257335,MGAM,0.9630545454545455,82.5
ENSG00000122711,SPINK4,0.9629961727720067,914.5
ENSG00000124466,LYPD3,0.962978047641289,1070.5
ENSG00000274252,GGTLC3,0.9629565217391306,11.5
ENSG00000247746,USP51,0.9629550321199143,46.7
ENSG00000176092,CRYBG2,0.9629173419773095,61.7
ENSG00000123612,ACVR1C,0.9628668941979522,29.3
ENSG00000144550,CPNE9,0.9628260869565214,36.8
ENSG00000286143,ENSG00000286143,0.9628037383177569,10.7
ENSG00000164749,HNF4G,0.9627962962962964,108.0
ENSG00000070182,SPTB,0.9627846454131427,153.7
ENSG00000185966,LCE3E,0.9627737226277372,54.8
ENSG00000184185,KCNJ12,0.9627511591962906,64.7
ENSG00000049540,ELN,0.9627494095610392,1227.9
ENSG00000116761,CTH,0.9627478260869564,115.0
ENSG00000171772,SYCE1,0.9627338129496404,69.5
ENSG00000156738,MS4A1,0.9627321711568939,631.0
ENSG00000237254,TRBV30,0.9627118644067795,23.6
ENSG00000166268,MYRFL,0.9626851851851852,21.6
ENSG00000163689,CFAP20DC,0.9626794258373205,20.9
ENSG00000188368,PRR19,0.9626470588235293,20.4
ENSG00000133328,PLAAT2,0.9626291079812205,63.9
ENSG00000164520,RAET1E,0.9626063829787235,37.6
ENSG00000185988,PLK5,0.9625925925925927,32.4
ENSG00000131095,GFAP,0.962584294350662,15929.3
ENSG00000100285,NEFH,0.962572542226072,230.9
ENSG00000133101,CCNA1,0.9625526315789474,76.0
ENSG00000155755,TMEM237,0.9625383542538354,71.7
ENSG00000206072,SERPINB11,0.9624918032786884,30.5
ENSG00000100191,SLC5A4,0.9624731182795699,18.6
ENSG00000211797,TRAV17,0.9624710424710426,25.9
ENSG00000179071,CCDC89,0.9624691358024693,24.3
ENSG00000134548,SPX,0.9624259789875835,104.7
ENSG00000198821,CD247,0.962425049966689,150.1
ENSG00000203896,LIME1,0.9624043293390027,258.7
ENSG00000230873,STMND1,0.9623952095808384,16.7
ENSG00000186326,RGS9BP,0.9623602484472049,16.1
ENSG00000105388,CEACAM5,0.9623557535586222,920.3
ENSG00000132872,SYT4,0.9623328591749645,140.6
ENSG00000160539,PLPP7,0.9622865853658539,196.8
ENSG00000126562,WNK4,0.9622650602409639,41.5
ENSG00000132517,SLC52A1,0.9622619047619048,33.6
ENSG00000137078,SIT1,0.9621942857142858,87.5
ENSG00000144820,ADGRG7,0.9621287128712871,40.4
ENSG00000137077,CCL21,0.9621136809094472,2551.0
ENSG00000169126,ODAD2,0.9621052631578948,38.0
ENSG00000211810,TRAV29DV5,0.9620967741935484,24.8
ENSG00000180720,CHRM4,0.9620833333333334,14.4
ENSG00000160862,AZGP1,0.9620534085254603,3617.4
ENSG00000099953,MMP11,0.962026825633383,134.2
ENSG00000204361,NXPE2,0.9620168067226891,23.8
ENSG00000225828,FAM229A,0.9620069204152251,86.7
ENSG00000129204,USP6,0.9620000000000001,19.0
ENSG00000121769,FABP3,0.9619874087852341,1397.8
ENSG00000260027,HOXB7,0.961974921630094,127.6
ENSG00000160299,PCNT,0.961968470387729,234.7
ENSG00000181856,SLC2A4,0.9619616788321167,219.2
ENSG00000117152,RGS4,0.9619334719334719,192.4
ENSG00000165125,TRPV6,0.9619295558958652,65.3
ENSG00000146250,PRSS35,0.9619230769230769,46.8
ENSG00000211884,TRAJ5,0.9619024390243903,41.0
ENSG00000139219,COL2A1,0.961888888888889,18.0
ENSG00000163735,CXCL5,0.9618827708703376,56.3
ENSG00000186431,FCAR,0.9618623481781379,24.7
ENSG00000146090,RASGEF1C,0.9618181818181817,31.9
ENSG00000174564,IL20RB,0.9618094089264173,165.8
ENSG00000179914,ITLN1,0.961792597646256,1172.6
ENSG00000196353,CPNE4,0.961788617886179,24.6
ENSG00000211826,TRDJ4,0.9617886178861788,12.3
ENSG00000118402,ELOVL4,0.9617848410757948,163.6
ENSG00000148483,TMEM236,0.9617777777777777,31.5
ENSG00000211792,TRAV14DV4,0.9617573221757323,23.9
ENSG00000135046,ANXA1,0.961742518703242,7699.2
ENSG00000103044,HAS3,0.9617090069284064,86.6
ENSG00000137877,SPTBN5,0.9616800000000001,25.0
ENSG00000120907,ADRA1A,0.9616370106761566,56.2
ENSG00000075702,WDR62,0.961624758220503,103.4
ENSG00000063127,SLC6A16,0.9616136363636365,88.0
ENSG00000167676,PLIN4,0.9615567356064839,715.6
ENSG00000099834,CDHR5,0.9614954530144828,296.9
ENSG00000211885,TRAJ4,0.9614942528735633,52.2
ENSG00000120057,SFRP5,0.9614636405743399,215.9
ENSG00000040731,CDH10,0.9614054054054054,18.5
ENSG00000189269,DRICH1,0.9613636363636364,44.0
ENSG00000159723,AGRP,0.9613186813186814,36.4
ENSG00000169994,MYO7B,0.9612449255751015,73.9
ENSG00000211870,TRAJ19,0.9612435233160622,19.3
ENSG00000126778,SIX1,0.961216457960644,111.8
ENSG00000205795,CYS1,0.9612116040955633,117.2
ENSG00000164825,DEFB1,0.9611833355950604,2947.6
ENSG00000133116,KL,0.9611783189316574,127.3
ENSG00000165828,PRAP1,0.9611764705882352,1069.3
ENSG00000204632,HLA-G,0.961167883211679,13.7
ENSG00000143768,LEFTY2,0.9611375,160.0
ENSG00000135324,MRAP2,0.9611316872427983,97.2
ENSG00000204740,MALRD1,0.9610921501706484,29.3
ENSG00000168748,CA7,0.9610861423220973,53.4
ENSG00000183671,CMKLR2,0.961079365079365,31.5
ENSG00000063438,AHRR,0.9610526315789474,22.8
ENSG00000183785,TUBA8,0.9610472213299068,311.3
ENSG00000251503,CENPS-CORT,0.9610210210210209,33.3
ENSG00000133710,SPINK5,0.9610088087248322,953.6
ENSG00000136014,USP44,0.9609734513274337,22.6
ENSG00000111783,RFX4,0.960968660968661,70.2
ENSG00000285938,ENSG00000285938,0.9609345794392522,21.4
ENSG00000101440,ASIP,0.9609275362318841,34.5
ENSG00000211848,TRAJ41,0.960925925925926,10.8
ENSG00000111262,KCNA1,0.96090395480226,53.1
ENSG00000162676,GFI1,0.9608970976253297,75.8
ENSG00000154146,NRGN,0.9608927594382635,2193.2
ENSG00000117650,NEK2,0.960891719745223,62.8
ENSG00000022355,GABRA1,0.96087786259542,52.4
ENSG00000132185,FCRLA,0.9608686210640609,92.1
ENSG00000250366,TUNAR,0.9608677685950413,48.4
ENSG00000153266,FEZF2,0.9608527131782947,25.8
ENSG00000163032,VSNL1,0.9608491866556383,725.4
ENSG00000006016,CRLF1,0.9608394634357421,231.1
ENSG00000007216,SLC13A2,0.9607553366174056,121.8
ENSG00000156299,TIAM1,0.9607413010590016,264.4
ENSG00000104537,ANXA13,0.9607393983327293,275.9
ENSG00000113739,STC2,0.9606962962962965,135.0
ENSG00000204711,CFAP95,0.960693641618497,34.6
ENSG00000057149,SERPINB3,0.9606785009861933,760.5
ENSG00000115641,FHL2,0.960668361244019,1337.6
ENSG00000066468,FGFR2,0.9606666666666667,549.0
ENSG00000163885,CFAP100,0.960655737704918,30.5
ENSG00000109084,TMEM97,0.9606396307286513,303.3
ENSG00000198354,DCAF12L2,0.9605940594059404,20.2
ENSG00000128564,VGF,0.9605435540069687,143.5
ENSG00000153347,FAM81B,0.9605082592121983,78.7
ENSG00000117707,PROX1,0.9604932182490751,81.1
ENSG00000079841,RIMS1,0.9603685092127303,59.7
ENSG00000169738,DCXR,0.9603680598877107,1923.6
ENSG00000261678,SCRT1,0.9603385416666668,76.8
ENSG00000204099,NEU4,0.9603049555273188,78.7
ENSG00000189377,CXCL17,0.9602899408284022,338.0
ENSG00000111834,RSPH4A,0.9602857142857144,35.0
ENSG00000022267,FHL1,0.9602818973141554,10741.5
ENSG00000254521,SIGLEC12,0.9602484472049688,16.1
ENSG00000165309,ARMC3,0.9602464065708418,48.7
ENSG00000111339,ART4,0.9602414486921529,49.7
ENSG00000177494,ZBED2,0.9602406015037593,66.5
ENSG00000151136,ABTB3,0.96016967126193,94.3
ENSG00000204936,CD177,0.960155325443787,270.4
ENSG00000136541,ERMN,0.9601375377390137,596.2
ENSG00000162897,FCAMR,0.9601123595505618,35.6
ENSG00000167701,GPT,0.9600872410032715,183.4
ENSG00000160117,ANKLE1,0.96008547008547,23.4
ENSG00000181378,CFAP65,0.9600826446280992,24.2
ENSG00000155666,KDM8,0.9600768245838668,78.1
ENSG00000116039,ATP6V1B1,0.9600758725341426,131.8
ENSG00000186329,TMEM212,0.9600706713780919,28.3
ENSG00000142484,TM4SF5,0.9600525762355414,190.2
ENSG00000092850,TEKT2,0.9600291120815139,68.7
ENSG00000120457,KCNJ5,0.9599011532125205,60.7
ENSG00000211790,TRAV8-4,0.9598963730569949,19.3
ENSG00000136155,SCEL,0.9598686839851556,350.3
ENSG00000090932,DLL3,0.9598523985239854,27.1
ENSG00000119927,GPAM,0.9598050139275764,287.2
ENSG00000101331,CCM2L,0.9597977755308393,98.9
ENSG00000081041,CXCL2,0.9597580945292147,537.4
ENSG00000186976,EFCAB6,0.9597356828193833,22.7
ENSG00000186648,CARMIL3,0.9597285067873303,22.1
ENSG00000140506,LMAN1L,0.9597202797202796,57.2
ENSG00000108823,SGCA,0.9597016980266179,435.8
ENSG00000211842,TRAJ47,0.9596825396825398,12.6
ENSG00000206073,SERPINB4,0.9596551724137931,150.8
ENSG00000198010,DLGAP2,0.9596521739130435,11.5
ENSG00000163141,BNIPL,0.9596489174956114,170.9
ENSG00000211786,TRAV8-2,0.9596428571428572,22.4
ENSG00000086619,ERO1B,0.9596173913043478,172.5
ENSG00000138823,MTTP,0.9595987654320989,259.2
ENSG00000211803,TRAV23DV6,0.9595901639344262,24.4
ENSG00000102755,FLT1,0.9595840730408318,394.3
ENSG00000119899,SLC17A5,0.9595684931506849,292.0
ENSG00000168671,UGT3A2,0.9595588235294117,13.6
ENSG00000211778,TRAV4,0.9595454545454547,35.2
ENSG00000282420,TRBJ1-2,0.9594936708860761,94.8
ENSG00000240041,IGHJ4,0.9594167416741674,555.5
ENSG00000016490,CLCA1,0.9594157814871016,1318.0
ENSG00000113263,ITK,0.9593283582089552,53.6
ENSG00000054598,FOXC1,0.9593131868131867,145.6
ENSG00000186081,KRT5,0.9593069901328448,6496.3
ENSG00000121454,LHX4,0.9593006993006995,14.3
ENSG00000268500,SIGLEC5,0.9592753623188405,27.6
ENSG00000171189,GRIK1,0.9592307692307692,36.4
ENSG00000145536,ADAMTS16,0.9592105263157894,22.8
ENSG00000205358,MT1H,0.9592009618052346,1081.3
ENSG00000166407,LMO1,0.9592,27.5
ENSG00000144852,NR1I2,0.9591873589164785,44.3
ENSG00000126759,CFP,0.9591677175283734,79.3
ENSG00000110104,CCDC86,0.9591103603603602,355.2
ENSG00000125820,NKX2-2,0.9590930787589498,41.9
ENSG00000149201,CCDC81,0.9590697674418603,25.8
ENSG00000144355,DLX1,0.9590532544378696,16.9
ENSG00000205116,TMEM88B,0.9590496083550915,191.5
ENSG00000204616,TRIM31,0.9590338164251208,20.7
ENSG00000165140,FBP1,0.959033203125,819.2
ENSG00000211855,TRAJ34,0.9590062111801242,16.1
ENSG00000109832,DDX25,0.9588758782201406,85.4
ENSG00000169583,CLIC3,0.9588676639815881,434.5
ENSG00000188730,VWC2,0.9588349514563107,10.3
ENSG00000213413,PVRIG,0.9588314606741574,44.5
ENSG00000243566,UPK3B,0.9587643424536632,113.3
ENSG00000120332,TNN,0.9587610619469027,11.3
ENSG00000197057,DTHD1,0.9587596899224806,12.9
ENSG00000123360,PDE1B,0.9587447698744769,95.6
ENSG00000242887,IGHJ3,0.9587328767123288,58.4
ENSG00000079739,PGM1,0.9586883899233297,1460.8
ENSG00000163923,RPL39L,0.9586216730038022,210.4
ENSG00000134962,KLB,0.9585869565217391,18.4
ENSG00000171346,KRT15,0.9585831381733023,1708.0
ENSG00000166741,NNMT,0.958492090205318,297.1
ENSG00000284638,SMIM44,0.9584242424242424,16.5
ENSG00000275410,HNF1B,0.9583976261127597,67.4
ENSG00000130234,ACE2,0.9583947939262474,230.5
ENSG00000184408,KCND2,0.9583900928792569,32.3
ENSG00000163563,MNDA,0.9583676417479233,276.9
ENSG00000240563,L1TD1,0.9583486238532108,10.9
ENSG00000016602,CLCA4,0.9583427922814982,352.4
ENSG00000138379,MSTN,0.9583216783216782,14.3
ENSG00000156234,CXCL13,0.9583148734177215,505.6
ENSG00000180287,PLD5,0.9583141762452108,26.1
ENSG00000158055,GRHL3,0.9582974559686889,102.2
ENSG00000283706,PRSS50,0.9582456140350877,51.3
ENSG00000168135,KCNJ4,0.9582345828295042,82.7
ENSG00000171551,ECEL1,0.9582153846153844,97.5
ENSG00000130518,IQCN,0.9582059800664452,30.1
ENSG00000169903,TM4SF4,0.9582031074082414,888.2
ENSG00000256812,CAPNS2,0.9582020202020203,99.0
ENSG00000138792,ENPEP,0.9581829980532123,154.1
ENSG00000211448,DIO2,0.9581719783523756,332.6
ENSG00000156206,CFAP161,0.958128078817734,20.3
ENSG00000156804,FBXO32,0.9581220036369649,604.9
ENSG00000112293,GPLD1,0.9580974477958237,43.1
ENSG00000157551,KCNJ15,0.958083407275954,225.4
ENSG00000071909,MYO3B,0.958045112781955,13.3
ENSG00000176029,C11orf16,0.9580451127819549,13.3
ENSG00000188580,NKAIN2,0.9580261593341258,84.1
ENSG00000115425,PECR,0.9580227120908483,149.7
ENSG00000102683,SGCG,0.9579594594594596,148.0
ENSG00000240505,TNFRSF13B,0.9579557069846678,58.7
ENSG00000204475,NCR3,0.9579354838709677,15.5
ENSG00000168078,PBK,0.9579299847792998,65.7
ENSG00000092607,TBX15,0.9578972712680579,124.6
ENSG00000211837,TRAJ53,0.9578640776699028,10.3
ENSG00000160392,C19orf47,0.957859272510435,335.4
ENSG00000170074,FAM153A,0.9578195488721803,26.6
ENSG00000188778,ADRB3,0.9578125,12.8
ENSG00000152556,PFKM,0.9578034367995653,1472.3
ENSG00000172548,NIPAL4,0.9577460317460317,63.0
ENSG00000182566,CLEC4G,0.9577254901960783,51.0
ENSG00000276043,UHRF1,0.9576996805111823,62.6
ENSG00000112494,UNC93A,0.9576923076923077,18.2
ENSG00000064201,TSPAN32,0.957659574468085,18.8
ENSG00000230099,TRBV5-4,0.9576585365853658,20.5
ENSG00000173702,MUC13,0.9576303972366149,579.0
ENSG00000088756,ARHGAP28,0.9576210235131397,72.3
ENSG00000153820,SPHKAP,0.9576190476190476,33.6
ENSG00000178821,TMEM52,0.9576,280.0
ENSG00000176533,GNG7,0.9575830959164293,421.2
ENSG00000133067,LGR6,0.9575784753363229,66.9
ENSG00000211665,IGLV3-16,0.9575733333333332,75.0
ENSG00000141579,ZNF750,0.9575259259259259,135.0
ENSG00000105613,MAST1,0.9575135135135135,92.5
ENSG00000125878,TCF15,0.9575113122171947,44.2
ENSG00000106236,NPTX2,0.9575,200.0
ENSG00000153531,ADPRHL1,0.9574972637723459,274.1
ENSG00000232810,TNF,0.9574874371859294,19.9
ENSG00000127831,VIL1,0.9574872169466764,410.7
ENSG00000136960,ENPP2,0.9574319498452504,1260.1
ENSG00000211672,IGLV4-3,0.9574264705882354,27.2
ENSG00000160856,FCRL3,0.9574025974025973,46.2
ENSG00000163064,EN1,0.9573846153846154,13.0
ENSG00000119681,LTBP2,0.9573807407407409,337.5
ENSG00000152078,TLCD4,0.957349794238683,121.5
ENSG00000125910,S1PR4,0.9573378839590445,58.6
ENSG00000282133,TRBJ1-3,0.9573239436619719,198.8
ENSG00000211806,TRAV25,0.9573239436619717,14.2
ENSG00000142408,CACNG8,0.9572941176470587,34.0
ENSG00000165349,SLC7A3,0.9572826086956522,18.4
ENSG00000020129,NCDN,0.9572811918063314,912.9
ENSG00000167281,RBFOX3,0.9572650822669104,273.5
ENSG00000159871,LYPD5,0.9572614107883817,48.2
ENSG00000211897,IGHG3,0.957260876649829,1227.4
ENSG00000211799,TRAV19,0.957259475218659,34.3
ENSG00000110665,C11orf21,0.9572268907563025,47.6
ENSG00000136305,CIDEB,0.9572072273031451,448.3
ENSG00000163132,MSX1,0.957191732002851,140.3
ENSG00000143320,CRABP2,0.9571771720613288,1174.0
ENSG00000259092,TRAV30,0.9571653543307086,12.7
ENSG00000080007,DDX43,0.9571584699453553,18.3
ENSG00000183273,CCDC60,0.9571521035598706,30.9
ENSG00000188523,CFAP77,0.9571326164874552,27.9
ENSG00000211788,TRAV13-1,0.9571084337349397,58.1
ENSG00000181072,CHRM2,0.9571005917159762,33.8
ENSG00000086717,PPEF1,0.9570992366412213,13.1
ENSG00000113389,NPR3,0.9570945273631841,100.5
ENSG00000112186,CAP2,0.957082483781279,539.5
ENSG00000174607,UGT8,0.9570773638968483,244.3
ENSG00000154099,DNAAF1,0.9570685579196215,42.3
ENSG00000130948,HSD17B3,0.9570348837209302,34.4
ENSG00000188175,HEPACAM2,0.9570321151716502,90.3
ENSG00000198535,C2CD4A,0.957007874015748,12.7
ENSG00000117322,CR2,0.9570048899755501,163.6
ENSG00000088002,SULT2B1,0.9569734687192925,305.3
ENSG00000147573,TRIM55,0.9569550173010382,57.8
ENSG00000110148,CCKBR,0.9569491525423729,41.3
ENSG00000189280,GJB5,0.9569387755102041,98.0
ENSG00000170298,LGALS9B,0.9569072164948454,29.1
ENSG00000140873,ADAMTS18,0.9569072164948453,19.4
ENSG00000120088,CRHR1,0.9568983957219251,18.7
ENSG00000080644,CHRNA3,0.9568954248366013,61.2
ENSG00000129654,FOXJ1,0.9568945868945868,70.2
ENSG00000255150,EID3,0.956888111888112,57.2
ENSG00000100373,UPK3A,0.9568286445012787,39.1
ENSG00000119535,CSF3R,0.9568132160937917,375.3
ENSG00000142102,PGGHG,0.9568116872692246,622.9
ENSG00000132164,SLC6A11,0.9567824967824967,77.7
ENSG00000205002,AARD,0.9567772511848343,21.1
ENSG00000242265,PEG10,0.9567023457071282,439.1
ENSG00000166391,MOGAT2,0.9566960352422907,45.4
ENSG00000062282,DGAT2,0.9566845637583892,447.0
ENSG00000154162,CDH12,0.9566666666666666,10.8
ENSG00000153822,KCNJ16,0.9566520874751491,251.5
ENSG00000174437,ATP2A2,0.9566431214261689,2675.7
ENSG00000163792,TCF23,0.9566297117516629,45.1
ENSG00000106258,CYP3A5,0.9566061365059485,319.4
ENSG00000167968,DNASE1L2,0.9565831435079727,43.9
ENSG00000130988,RGN,0.9565821020351268,358.7
ENSG00000238243,OR2W3,0.9565573770491802,12.2
ENSG00000077327,SPAG6,0.9565568544102018,94.1
ENSG00000112837,TBX18,0.956549707602339,34.2
ENSG00000211782,TRAV8-1,0.9565454545454546,11.0
ENSG00000166862,CACNG2,0.9565048543689321,10.3
ENSG00000090534,THPO,0.9564985163204746,33.7
ENSG00000214860,EVPLL,0.9564912280701755,17.1
ENSG00000179023,KLHDC7A,0.9563736263736263,18.2
ENSG00000170417,TMEM182,0.9563404255319149,141.0
ENSG00000153790,C7orf31,0.9563398692810459,61.2
ENSG00000105509,HAS1,0.9563203463203463,46.2
ENSG00000017483,SLC38A5,0.9562734584450402,223.8
ENSG00000112796,ENPP5,0.9562711864406781,230.1
ENSG00000145879,SPINK7,0.9562549800796812,627.5
ENSG00000131969,ABHD12B,0.9562406015037596,13.3
ENSG00000104321,TRPA1,0.9562162162162161,25.9
ENSG00000173404,INSM1,0.9561904761904763,27.3
ENSG00000244482,LILRA6,0.9561728395061728,16.2
ENSG00000135919,SERPINE2,0.9561612021857924,1024.8
ENSG00000099812,MISP,0.9561555075593953,185.2
ENSG00000111537,IFNG,0.9561467889908257,10.9
ENSG00000137747,TMPRSS13,0.9561413043478261,36.8
ENSG00000175329,ISX,0.9561363636363636,35.2
ENSG00000167117,ANKRD40CL,0.9561347517730496,56.4
ENSG00000127423,AUNIP,0.9561073825503356,14.9
ENSG00000183715,OPCML,0.9561016949152542,35.4
ENSG00000154975,CA10,0.9560963455149502,120.4
ENSG00000167131,CCDC103,0.9560925449871466,38.9
ENSG00000129673,AANAT,0.956078431372549,10.2
ENSG00000204618,RNF39,0.9560753532182105,63.7
ENSG00000179564,LSMEM2,0.9560538116591928,22.3
ENSG00000112782,CLIC5,0.955995575221239,271.2
ENSG00000145040,UCN2,0.955967741935484,12.4
ENSG00000165556,CDX2,0.9559645232815964,45.1
ENSG00000073060,SCARB1,0.9559337860780985,235.6
ENSG00000164972,C9orf24,0.9558974358974359,226.2
ENSG00000244731,C4A,0.9558747805734348,341.8
ENSG00000139344,AMDHD1,0.9558561643835617,58.4
ENSG00000134028,ADAMDEC1,0.9558160459885028,400.1
ENSG00000170006,TMEM154,0.9557986870897156,45.7
ENSG00000146233,CYP39A1,0.9557974137931033,92.8
ENSG00000125089,SH3TC1,0.9557918050941306,90.3
ENSG00000124664,SPDEF,0.9557840236686391,135.2
ENSG00000183798,EMILIN3,0.9557312252964426,50.6
ENSG00000174156,GSTA3,0.9557281553398057,61.8
ENSG00000175267,VWA3A,0.9556877323420074,53.8
ENSG00000119938,PPP1R3C,0.9556689395720668,850.6
ENSG00000141506,PIK3R5,0.9556532066508313,84.2
ENSG00000120659,TNFSF11,0.9556521739130436,11.5
ENSG00000015520,NPC1L1,0.9556470588235294,51.0
ENSG00000099957,P2RX6,0.9556466876971611,31.7
ENSG00000183760,ACP7,0.9556435643564355,10.1
ENSG00000211860,TRAJ29,0.9555963302752295,10.9
ENSG00000180481,GLIPR1L2,0.9555963302752292,43.6
ENSG00000170439,METTL7B,0.9555871353777112,267.4
ENSG00000133026,MYH10,0.9555870764381403,253.8
ENSG00000036530,CYP46A1,0.9555778894472361,159.2
ENSG00000183496,MEX3B,0.9555654101995564,45.1
ENSG00000149043,SYT8,0.9555624036979968,64.9
ENSG00000284791,SMIM41,0.9555555555555554,18.9
ENSG00000132386,SERPINF1,0.9555224075891399,4585.5
ENSG00000227507,LTB,0.955474784189005,220.1
ENSG00000211876,TRAJ13,0.9554615384615385,26.0
ENSG00000132746,ALDH3B2,0.9554597336715281,157.7
ENSG00000164104,HMGB2,0.9554449812615704,2214.7
ENSG00000248485,PCP4L1,0.9554022988505747,191.4
ENSG00000197168,NEK5,0.9554,10.0
ENSG00000204052,LRRC73,0.9553664302600473,42.3
ENSG00000282939,TRBV7-2,0.9553517587939698,79.6
ENSG00000129455,KLK8,0.9553408110440035,115.9
ENSG00000144045,DQX1,0.9553246753246752,15.4
ENSG00000123977,DAW1,0.9553068592057763,55.4
ENSG00000137809,ITGA11,0.9553036437246963,74.1
ENSG00000184792,OSBP2,0.9552980576021435,149.3
ENSG00000148935,GAS2,0.9552972972972974,37.0
ENSG00000113088,GZMK,0.9552840300107183,93.3
ENSG00000172568,FNDC9,0.9552767527675278,27.1
ENSG00000007372,PAX6,0.9551741293532338,80.4
ENSG00000161281,COX7A1,0.9551499348109516,6519.5
ENSG00000182287,AP1S2,0.955127916331456,621.5
ENSG00000180061,TMEM150B,0.9551162790697674,60.2
ENSG00000224389,C4B,0.9550782144219764,262.1
ENSG00000213085,CFAP45,0.9550118764845607,42.1
ENSG00000185156,MFSD6L,0.9550000000000002,23.6
ENSG00000122121,XPNPEP2,0.9549904397705546,156.9
ENSG00000130540,SULT4A1,0.9549740394600208,96.3
ENSG00000101349,PAK5,0.9549693251533742,16.3
ENSG00000073711,PPP2R3A,0.954955595026643,168.9
ENSG00000137812,KNL1,0.9549367088607594,15.8
ENSG00000206262,FOXL2NB,0.9549348230912476,53.7
ENSG00000211900,IGHJ6,0.9549331456720621,142.1
ENSG00000010282,HHATL,0.9549149067049414,487.7
ENSG00000183260,ABHD16B,0.9549019607843137,15.3
ENSG00000169469,SPRR1B,0.9548938711752275,2176.6
ENSG00000175984,DENND2C,0.9548717948717949,39.0
ENSG00000198542,ITGBL1,0.9548341836734696,156.8
ENSG00000075673,ATP12A,0.954820143884892,13.9
ENSG00000107295,SH3GL2,0.9548200175592627,227.8
ENSG00000166342,NETO1,0.9548125000000001,32.0
ENSG00000176974,SHMT1,0.954807129555733,375.9
ENSG00000179044,EXOC3L1,0.9548063781321185,43.9
ENSG00000104140,RHOV,0.954802475011899,210.1
ENSG00000211807,TRAV26-1,0.9547692307692307,13.0
ENSG00000135447,PPP1R1A,0.9547588506926629,779.6
ENSG00000198883,PNMA5,0.9547272727272726,22.0
ENSG00000108370,RGS9,0.9547217806041336,62.9
ENSG00000137868,STRA6,0.9547085201793721,22.3
ENSG00000178462,TUBAL3,0.9546616541353383,26.6
ENSG00000175084,DES,0.9546297685806809,10128.8
ENSG00000108839,ALOX12,0.9545929018789144,95.8
ENSG00000122012,SV2C,0.954578313253012,16.6
ENSG00000002933,TMEM176A,0.954531506849315,1277.5
ENSG00000172137,CALB2,0.95452935388652,304.9
ENSG00000163218,PGLYRP4,0.9545185185185185,13.5
ENSG00000187116,LILRA5,0.9544959128065393,73.4
ENSG00000128652,HOXD3,0.9544670050761421,39.4
ENSG00000272573,MUSTN1,0.9544472376498099,1710.5
ENSG00000124780,KCNK17,0.9544360902255639,26.6
ENSG00000163803,PLB1,0.9543869209809263,36.7
ENSG00000137975,CLCA2,0.9543840579710146,110.4
ENSG00000145864,GABRB2,0.9543825665859563,41.3
ENSG00000110427,KIAA1549L,0.9543689320388349,30.9
ENSG00000147697,GSDMC,0.9543636363636364,33.0
ENSG00000170469,SPATA24,0.9543434343434343,138.6
ENSG00000160781,PAQR6,0.9543430576880894,911.8
ENSG00000182890,GLUD2,0.9543243243243243,14.8
ENSG00000156466,GDF6,0.954313725490196,10.2
ENSG00000162643,DNAI3,0.9542999999999999,40.0
ENSG00000113722,CDX1,0.9542765273311896,93.3
ENSG00000176909,MAMSTR,0.9542617046818727,83.3
ENSG00000158955,WNT9B,0.9542424242424242,13.2
ENSG00000174788,PCP2,0.9542190305206464,111.4
ENSG00000251569,ENSG00000251569,0.9542168674698795,16.6
ENSG00000112486,CCR6,0.9541955835962146,31.7
ENSG00000205929,C21orf62,0.954181818181818,22.0
ENSG00000204128,C2orf72,0.9540740740740741,18.9
ENSG00000135480,KRT7,0.9540718185636287,952.4
ENSG00000197748,CFAP43,0.9540701381509034,94.1
ENSG00000224383,PRR29,0.954051094890511,54.8
ENSG00000143556,S100A7,0.9539860066284391,1900.9
ENSG00000197888,UGT2B17,0.9539719887955184,357.0
ENSG00000102468,HTR2A,0.9539560439560439,18.2
ENSG00000162595,DIRAS3,0.9539054861488322,184.1
ENSG00000116824,CD2,0.9539010752688171,232.5
ENSG00000008300,CELSR3,0.953896103896104,15.4
ENSG00000011677,GABRA3,0.9538940809968848,32.1
ENSG00000196177,ACADSB,0.953828333828334,336.7
ENSG00000187664,HAPLN4,0.9538242280285038,42.1
ENSG00000164691,TAGAP,0.9538239538239537,138.6
ENSG00000179674,ARL14,0.9538079470198675,120.8
ENSG00000133962,CATSPERB,0.9537864077669902,10.3
ENSG00000155761,SPAG17,0.9537743190661477,25.7
ENSG00000169562,GJB1,0.953656975193385,374.9
ENSG00000136928,GABBR2,0.9536217948717948,62.4
ENSG00000254221,PCDHGB1,0.9536134453781512,11.9
ENSG00000183019,MCEMP1,0.9536067551266586,82.9
ENSG00000109625,CPZ,0.9535900962861074,145.4
ENSG00000153292,ADGRF1,0.953551637279597,39.7
ENSG00000181291,TMEM132E,0.9535433070866142,12.7
ENSG00000133020,MYH8,0.9535403726708074,16.1
ENSG00000172543,CTSW,0.9535401459854014,109.6
ENSG00000064703,DDX20,0.9535248041775458,38.3
ENSG00000282173,TRBJ1-5,0.9535224416517054,278.5
ENSG00000148826,NKX6-2,0.9535057471264368,104.4
ENSG00000162892,IL24,0.9534814814814816,13.5
ENSG00000128346,C22orf23,0.9534698521046644,87.9
ENSG00000185669,SNAI3,0.9534470989761092,29.3
ENSG00000134531,EMP1,0.9534445362528404,1936.4
ENSG00000183662,TAFA1,0.9534426229508196,18.3
ENSG00000160886,LY6K,0.9533903133903133,35.1
ENSG00000081320,STK17B,0.9533670886075949,355.5
ENSG00000145087,STXBP5L,0.9533606557377048,24.4
ENSG00000106483,SFRP4,0.9533241711046213,582.1
ENSG00000180071,ANKRD18A,0.9532954545454547,17.6
ENSG00000261150,EPPK1,0.9532894736842106,15.2
ENSG00000183479,TREX2,0.9532818532818532,25.9
ENSG00000131037,EPS8L1,0.9532780082987553,120.5
ENSG00000265763,ZNF488,0.9532679738562092,61.2
ENSG00000160401,CFAP157,0.9532640332640334,48.1
ENSG00000128383,APOBEC3A,0.9532429378531075,88.5
ENSG00000211899,IGHM,0.9532228528187665,3964.5
ENSG00000135702,CHST5,0.9531630170316301,82.2
ENSG00000145248,SLC10A4,0.9531481481481481,10.8
ENSG00000113327,GABRG2,0.953120393120393,40.7
ENSG00000149295,DRD2,0.9530967741935485,62.0
ENSG00000171724,VAT1L,0.9530939403655018,311.9
ENSG00000211873,TRAJ16,0.9530864197530865,16.2
ENSG00000114923,SLC4A3,0.9530725836780745,265.9
ENSG00000171049,FPR2,0.9530434782608694,52.9
ENSG00000198835,GJC2,0.9530149253731344,67.0
ENSG00000167483,NIBAN3,0.9529287598944591,37.9
ENSG00000130005,GAMT,0.9529013305685156,1157.4
ENSG00000211947,IGHV3-21,0.9528322147651008,372.5
ENSG00000120262,CCDC170,0.9528025477707005,31.4
ENSG00000211800,TRAV20,0.9527407407407408,13.5
ENSG00000146352,CLVS2,0.9527272727272726,16.5
ENSG00000144596,GRIP2,0.9527164179104478,33.5
ENSG00000125144,MT1G,0.9526899649295514,6501.2
ENSG00000175161,CADM2,0.9526279863481227,87.9
ENSG00000163959,SLC51A,0.9525637181409295,66.7
ENSG00000148803,FUOM,0.9525300171526588,233.2
ENSG00000281958,TRBJ1-4,0.9525193998965339,193.3
ENSG00000211655,IGLV1-36,0.9525189620758483,250.5
ENSG00000157399,ARSL,0.9525126135216953,99.1
ENSG00000130487,KLHDC7B,0.9525,12.8
ENSG00000181778,TMEM252,0.9524924924924926,33.3
ENSG00000242419,PCDHGC4,0.9524855491329479,17.3
ENSG00000132437,DDC,0.9524693877551021,294.0
ENSG00000104974,LILRA1,0.9524242424242425,13.2
ENSG00000152620,NADK2,0.9524144672531769,306.9
ENSG00000168306,ACOX2,0.9523522316043425,165.8
ENSG00000255524,NPIPB8,0.9523076923076923,16.9
ENSG00000115008,IL1A,0.9522821576763485,24.1
ENSG00000081189,MEF2C,0.952235203983911,522.1
ENSG00000250305,TRMT9B,0.952214111922141,82.2
ENSG00000188452,CERKL,0.9522051282051283,19.5
ENSG00000131042,LILRB2,0.9521721311475408,48.8
ENSG00000211924,IGHD3-9,0.9521428571428571,11.2
ENSG00000211724,TRBV6-6,0.9521167883211679,13.7
ENSG00000204653,ASPDH,0.9520836560805577,129.1
ENSG00000151025,GPR158,0.952079207920792,10.1
ENSG00000145526,CDH18,0.9520731707317074,16.4
ENSG00000179292,TMEM151A,0.9520388349514561,133.9
ENSG00000162881,OXER1,0.9520212765957448,56.4
ENSG00000197465,GYPE,0.9519999999999998,12.5
ENSG00000136867,SLC31A2,0.9519372900335948,535.8
ENSG00000173947,PIFO,0.951929181929182,163.8
ENSG00000211780,TRAV6,0.951923076923077,10.4
ENSG00000273962,IGKV2-40,0.9518796992481205,39.9
ENSG00000250067,YJEFN3,0.9518777723016264,202.9
ENSG00000233232,NPIPB7,0.9518382352941178,27.2
ENSG00000147166,ITGB1BP2,0.951822429906542,85.6
ENSG00000178965,ERICH3,0.9517699115044248,22.6
ENSG00000211827,TRDJ2,0.9517647058823528,34.0
ENSG00000183023,SLC8A1,0.951763888888889,144.0
ENSG00000178235,SLITRK1,0.9517391304347826,13.8
ENSG00000129514,FOXA1,0.9517378917378919,70.2
ENSG00000211787,TRAV8-3,0.951679273827534,66.1
ENSG00000140961,OSGIN1,0.9516766867067469,149.7
ENSG00000178401,DNAJC22,0.9516763005780347,17.3
ENSG00000174514,MFSD4A,0.9516706634692246,125.1
ENSG00000220008,LINGO3,0.9516595744680852,23.5
ENSG00000106351,AGFG2,0.9516519823788546,272.4
ENSG00000064205,CCN5,0.951636806016368,904.2
ENSG00000130035,GALNT8,0.95160409556314,29.3
ENSG00000211816,TRAV38-1,0.9515384615384616,13.0
ENSG00000006606,CCL26,0.9515283842794758,45.8
ENSG00000211896,IGHG1,0.9514925713868265,10950.9
ENSG00000076770,MBNL3,0.9514899154196488,153.7
ENSG00000144290,SLC4A10,0.9514814814814815,54.0
ENSG00000147509,RGS20,0.9514754098360656,36.6
ENSG00000142549,IGLON5,0.9514754098360655,48.8
ENSG00000211847,TRAJ42,0.9514553990610328,21.3
ENSG00000111218,PRMT8,0.9514166666666667,24.0
ENSG00000162692,VCAM1,0.951412213740458,366.8
ENSG00000211863,TRAJ26,0.9514,10.0
ENSG00000133878,DUSP26,0.951388044579534,394.8
ENSG00000111341,MGP,0.951373945332121,15727.7
ENSG00000171992,SYNPO,0.9513396459448333,1214.5
ENSG00000181085,MAPK15,0.9513154172560112,70.7
ENSG00000061656,SPAG4,0.9512941176470587,85.0
ENSG00000168502,MTCL1,0.9512903225806454,31.0
ENSG00000256553,TRAV1-2,0.9512849162011172,17.9
ENSG00000165269,AQP7,0.951264367816092,200.1
ENSG00000085840,ORC1,0.9512408759124088,27.4
ENSG00000136573,BLK,0.9512224448897794,49.9
ENSG00000256453,DND1,0.9512068965517241,11.6
ENSG00000179772,FOXS1,0.9511293634496919,48.7
ENSG00000070019,GUCY2C,0.9511214953271028,64.2
ENSG00000100889,PCK2,0.9510493322431179,366.9
ENSG00000243710,CFAP57,0.9509999999999998,22.0
ENSG00000153802,TMPRSS11D,0.9509884467265727,77.9
ENSG00000119457,SLC46A2,0.9509166666666665,24.0
ENSG00000175318,GRAMD2A,0.9508971553610501,45.7
ENSG00000225523,IGKV6D-21,0.9508716026241799,213.4
ENSG00000089169,RPH3A,0.9508665511265167,115.4
ENSG00000124575,H1-3,0.9508542713567837,19.9
ENSG00000197584,KCNMB2,0.9508383233532933,33.4
ENSG00000143167,GPA33,0.9508003952569168,202.4
ENSG00000173253,DMRT2,0.9507416879795397,39.1
ENSG00000159640,ACE,0.950708850620745,249.7
ENSG00000170608,FOXA3,0.9506622516556291,60.4
ENSG00000165113,GKAP1,0.9506139882541379,187.3
ENSG00000006116,CACNG3,0.950593471810089,67.4
ENSG00000171431,KRT20,0.950589007383101,609.5
ENSG00000154227,CERS3,0.9505519480519479,61.6
ENSG00000128482,RNF112,0.9505402843601896,105.5
ENSG00000274576,IGHV2-70,0.9505126694166176,678.8
ENSG00000172508,CARNS1,0.9504945717732208,165.8
ENSG00000265190,ANXA8,0.950472034906783,252.1
ENSG00000168679,SLC16A4,0.9504490500863558,115.8
ENSG00000211793,TRAV9-2,0.9504247104247106,25.9
ENSG00000164070,HSPA4L,0.9504031465093413,101.7
ENSG00000174226,SNX31,0.9503896103896103,15.4
ENSG00000187583,PLEKHN1,0.9503767123287671,58.4
ENSG00000163491,NEK10,0.9503636363636363,33.0
ENSG00000164379,FOXQ1,0.9503557312252966,101.2
ENSG00000176769,TCERG1L,0.9502857142857143,14.0
ENSG00000172238,ATOH1,0.9502645502645503,18.9
ENSG00000126583,PRKCG,0.9502594810379241,50.1
ENSG00000107485,GATA3,0.9502248520710062,169.0
ENSG00000100884,CPNE6,0.9501978021978021,45.5
ENSG00000205129,C4orf47,0.9501672240802677,29.9
ENSG00000107147,KCNT1,0.9501503759398495,53.2
ENSG00000167513,CDT1,0.9501385041551247,36.1
ENSG00000198216,CACNA1E,0.9501204819277107,16.6
ENSG00000179008,C14orf39,0.9500990099009899,10.1
ENSG00000135549,PKIB,0.9500765203383004,248.3
ENSG00000167311,ART5,0.9500348432055749,28.7
ENSG00000188643,S100A16,0.9500163721086436,2382.1
ENSG00000152672,CLEC4F,0.95,16.0
ENSG00000155980,KIF5A,0.9499213694245355,1437.1
ENSG00000107593,PKD2L1,0.9499186991869918,12.3
ENSG00000080493,SLC4A4,0.9498980839788015,245.3
ENSG00000065675,PRKCQ,0.949878472222222,115.2
ENSG00000188659,SAXO2,0.94985446985447,48.1
ENSG00000277734,TRAC,0.949850054525627,733.6
ENSG00000171903,CYP4F11,0.9498365527488855,67.3
ENSG00000180929,GPR62,0.9498245614035088,22.8
ENSG00000096696,DSP,0.9498180017333169,807.7
ENSG00000128656,CHN1,0.9497911722828667,842.8
ENSG00000163207,IVL,0.9497859327217124,294.3
ENSG00000143546,S100A8,0.9497606649473529,36526.2
ENSG00000163121,NEURL3,0.9497543859649124,28.5
ENSG00000103089,FA2H,0.9497258771929825,182.4
ENSG00000185133,INPP5J,0.9497238144867118,191.9
ENSG00000184144,CNTN2,0.9497139224411952,157.3
ENSG00000092529,CAPN3,0.9497136797454931,848.7
ENSG00000204577,LILRB3,0.9497097625329816,37.9
ENSG00000239855,IGKV1-6,0.9497078094563486,564.7
ENSG00000165724,ZMYND19,0.9496407185628744,267.2
ENSG00000211650,IGLV5-45,0.9496385542168673,91.3
ENSG00000161267,BDH1,0.949635761589404,302.0
ENSG00000140067,FAM181A,0.949595015576324,32.1
ENSG00000007968,E2F2,0.9495358649789032,23.7
ENSG00000136010,ALDH1L2,0.9495039164490862,38.3
ENSG00000120158,RCL1,0.94949433304272,229.4
ENSG00000145113,MUC4,0.9494871794871795,31.2
ENSG00000160050,CCDC28B,0.949441287878788,211.2
ENSG00000117016,RIMS3,0.949438202247191,97.9
ENSG00000277586,NEFL,0.9494109772423026,298.8
ENSG00000156427,FGF18,0.9494039735099338,15.1
ENSG00000026559,KCNG1,0.9494014962593514,80.2
ENSG00000069764,PLA2G10,0.949367088607595,39.5
ENSG00000211956,IGHV4-34,0.9493353474320242,264.8
ENSG00000105642,KCNN1,0.9492703862660945,23.3
ENSG00000171714,ANO5,0.9492682926829268,61.5
ENSG00000108342,CSF3,0.9492610837438423,142.1
ENSG00000161647,MPP3,0.9492198581560284,28.2
ENSG00000136237,RAPGEF5,0.9491831140350877,364.8
ENSG00000135625,EGR4,0.9491099476439792,19.1
ENSG00000132639,SNAP25,0.9491098092763071,2270.3
ENSG00000211651,IGLV1-44,0.949109691752291,1800.5
ENSG00000138083,SIX3,0.9491056910569106,36.9
ENSG00000105290,APLP1,0.9491001606855919,1120.2
ENSG00000166126,AMN,0.9490678941311853,86.9
ENSG00000162526,TSSK3,0.9490094339622642,42.4
ENSG00000169991,IFFO2,0.9488971499380422,161.4
ENSG00000163110,PDLIM5,0.9488833837966787,1089.9
ENSG00000162688,AGL,0.9488557213930349,241.2
ENSG00000188993,LRRC66,0.9488461538461537,20.8
ENSG00000135218,CD36,0.9488425732944282,1439.4
ENSG00000166869,CHP2,0.948776577204601,286.9
ENSG00000163464,CXCR1,0.9487628865979383,38.8
ENSG00000125538,IL1B,0.9487368421052631,190.0
ENSG00000035720,STAP1,0.948721174004193,47.7
ENSG00000086506,HBQ1,0.9487136929460581,24.1
ENSG00000124731,TREM1,0.94864388092613,90.7
ENSG00000171766,GATM,0.9486417166389711,2768.2
ENSG00000178796,RIIAD1,0.9486324786324785,23.4
ENSG00000180772,AGTR2,0.9486178861788618,12.3
ENSG00000140545,MFGE8,0.9485412553377107,2177.9
ENSG00000127564,PKMYT1,0.9485069444444444,57.6
ENSG00000005073,HOXA11,0.9484538653366583,80.2
ENSG00000105251,SHD,0.948450704225352,21.3
ENSG00000168779,SHOX2,0.9483809523809522,10.5
ENSG00000139734,DIAPH3,0.9483615819209039,17.7
ENSG00000158089,GALNT14,0.9483419689119172,38.6
ENSG00000165376,CLDN2,0.9483403805496828,189.2
ENSG00000213760,ATP6V1G2,0.948336215842269,578.2
ENSG00000101180,HRH3,0.9482080924855493,51.9
ENSG00000171962,DRC3,0.9481944444444445,57.6
ENSG00000198488,B3GNT6,0.9481702127659574,23.5
ENSG00000110436,SLC1A2,0.9481568933554493,1024.9
ENSG00000149150,SLC43A1,0.9481491587085038,219.9
ENSG00000143590,EFNA3,0.948139534883721,94.6
ENSG00000177685,CRACR2B,0.9481294621608757,210.1
ENSG00000184363,PKP3,0.9481269841269842,283.5
ENSG00000137699,TRIM29,0.9481200500208421,719.7
ENSG00000285043,ENSG00000285043,0.9481075491209928,96.7
ENSG00000108405,P2RX1,0.9480958721704392,150.2
ENSG00000133063,CHIT1,0.9480851063829786,47.0
ENSG00000182600,SNORC,0.9480817253121454,88.1
ENSG00000179593,ALOX15B,0.948041825095057,105.2
ENSG00000174521,TTC9B,0.9480389908256882,174.4
ENSG00000019186,CYP24A1,0.9480379746835443,31.6
ENSG00000019169,MARCO,0.948008497079129,188.3
ENSG00000121380,BCL2L14,0.947972972972973,29.6
ENSG00000116833,NR5A2,0.9479722703639514,57.7
ENSG00000184661,CDCA2,0.947912087912088,18.2
ENSG00000152779,SLC16A12,0.9479093198992444,79.4
ENSG00000156042,CFAP70,0.9478734622144113,56.9
ENSG00000169894,MUC3A,0.9478680203045685,39.4
ENSG00000196092,PAX5,0.9478378378378379,37.0
ENSG00000114455,HHLA2,0.9478367975365667,129.9
ENSG00000145198,VWA5B2,0.9477805486284288,40.1
ENSG00000136698,CFC1,0.947718309859155,35.5
ENSG00000104972,LILRB1,0.9477083333333333,48.0
ENSG00000211640,IGLV6-57,0.9477077160128008,1687.4
ENSG00000239862,IGKV1-37,0.9477018633540374,16.1
ENSG00000105672,ETV2,0.9476923076923077,18.2
ENSG00000170091,NSG2,0.9476829268292681,442.8
ENSG00000143341,HMCN1,0.9476666666666668,66.0
ENSG00000008394,MGST1,0.9476590313233061,2898.8
ENSG00000166578,IQCD,0.9476190476190476,42.0
ENSG00000185880,TRIM69,0.9475964391691395,33.7
ENSG00000122254,HS3ST2,0.9475757575757575,19.8
ENSG00000206075,SERPINB5,0.9475371900826446,242.0
ENSG00000142945,KIF2C,0.9474931129476584,72.6
ENSG00000070808,CAMK2A,0.9474845869297163,486.6
ENSG00000130055,GDPD2,0.9474363327674024,58.9
ENSG00000063015,SEZ6,0.9473952641165755,109.8
ENSG00000120756,PLS1,0.9473584905660378,296.8
ENSG00000130707,ASS1,0.9473367940852604,1907.1
ENSG00000166959,MS4A8,0.9473361976369497,186.2
ENSG00000211966,IGHV5-51,0.9473206957201485,511.7
ENSG00000183230,CTNNA3,0.9472857142857143,14.0
ENSG00000118298,CA14,0.9472630646589901,112.9
ENSG00000082175,PGR,0.9472049689440993,96.6
ENSG00000126522,ASL,0.9471460674157304,356.0
ENSG00000283199,C13orf46,0.9471186440677967,11.8
ENSG00000101194,SLC17A9,0.947116883116883,38.5
ENSG00000174236,REP15,0.9471056241426611,72.9
ENSG00000137880,GCHFR,0.9471025991792065,365.5
ENSG00000137673,MMP7,0.9470590690878733,479.1
ENSG00000174460,ZCCHC12,0.9470524271844661,257.5
ENSG00000108379,WNT3,0.9470411985018725,26.7
ENSG00000163499,CRYBA2,0.9470370370370371,16.2
ENSG00000128294,TPST2,0.9470105820105821,378.0
ENSG00000109321,AREG,0.9469019100032372,308.9
ENSG00000197506,SLC28A3,0.9468987341772152,31.6
ENSG00000007402,CACNA2D2,0.9468682505399566,46.3
ENSG00000172915,NBEA,0.9468581081081082,59.2
ENSG00000034239,CLXN,0.9468524970963996,86.1
ENSG00000163472,TMEM79,0.9468421052631578,136.8
ENSG00000165807,PPP1R36,0.946801152737752,34.7
ENSG00000184058,TBX1,0.9467963683527885,77.1
ENSG00000058335,RASGRF1,0.9467961165048544,51.5
ENSG00000135917,SLC19A3,0.946788990825688,43.6
ENSG00000184292,TACSTD2,0.9467287618435843,1245.4
ENSG00000123485,HJURP,0.9467114093959733,44.7
ENSG00000160185,UBASH3A,0.9467045454545455,17.6
ENSG00000117481,NSUN4,0.9467,80.0
ENSG00000186198,SLC51B,0.9466865079365081,100.8
ENSG00000135824,RGS8,0.9466666666666668,28.2
ENSG00000163377,TAFA4,0.9466666666666668,14.1
ENSG00000105371,ICAM4,0.9466666666666665,12.6
ENSG00000267952,ENSG00000267952,0.946608695652174,11.5
ENSG00000186340,THBS2,0.9466042446941323,160.2
ENSG00000107105,ELAVL2,0.9466004962779156,40.3
ENSG00000174327,SLC16A13,0.946568047337278,33.8
ENSG00000105609,LILRB5,0.9465198237885462,45.4
ENSG00000122733,PHF24,0.9465145228215769,48.2
ENSG00000248592,STIMATE-MUSTN1,0.9464912280701754,11.4
ENSG00000146469,VIP,0.9464713896457766,146.8
ENSG00000226887,ERVMER34-1,0.9464462809917354,12.1
ENSG00000241294,IGKV2-24,0.9464232081911261,879.0
ENSG00000182919,C11orf54,0.9464176570458404,530.1
ENSG00000061455,PRDM6,0.9463513513513513,14.8
ENSG00000134020,PEBP4,0.9463442570792236,628.6
ENSG00000146147,MLIP,0.9463383715260849,205.1
ENSG00000154165,GPR15,0.946326530612245,29.4
ENSG00000165272,AQP3,0.946321783876501,1457.5
ENSG00000111674,ENO2,0.9463170607678616,1573.2
ENSG00000196361,ELAVL3,0.9463041982105989,145.3
ENSG00000166920,C15orf48,0.9462827466820545,866.5
ENSG00000163220,S100A9,0.9462812858745244,30401.1
ENSG00000177076,ACER2,0.9462778730703257,58.3
ENSG00000198944,SOWAHA,0.9462736842105264,142.5
ENSG00000180806,HOXC9,0.94625,25.6
ENSG00000170264,FAM161A,0.9462453531598513,26.9
ENSG00000105711,SCN1B,0.9461764705882352,550.8
ENSG00000211945,IGHV1-18,0.9461707263550581,455.7
ENSG00000106565,TMEM176B,0.9461685848389376,1555.3
ENSG00000196805,SPRR2B,0.9461328125,51.2
ENSG00000113494,PRLR,0.9461143330571666,120.7
ENSG00000115255,REEP6,0.946102407336645,523.4
ENSG00000119919,NKX2-3,0.9460795454545453,35.2
ENSG00000280411,IGHV1-69D,0.9460628055102949,2700.4
ENSG00000174123,TLR10,0.9460579064587972,44.9
ENSG00000179133,C10orf67,0.9460344827586207,11.6
ENSG00000198885,ITPRIPL1,0.945977011494253,26.1
ENSG00000079112,CDH17,0.9459587419682112,295.7
ENSG00000144230,GPR17,0.9459490084985834,35.3
ENSG00000179859,RNF227,0.9459344262295082,61.0
ENSG00000145242,EPHA5,0.9459047619047619,10.5
ENSG00000152936,LMNTD1,0.945875,16.0
ENSG00000105131,EPHX3,0.9458616010854817,73.7
ENSG00000203867,RBM20,0.9458115183246073,38.2
ENSG00000132205,EMILIN2,0.9457262569832403,71.6
ENSG00000151023,ENKUR,0.9457073170731708,41.0
ENSG00000196074,SYCP2,0.9456716417910449,40.2
ENSG00000122584,NXPH1,0.9456708860759494,39.5
ENSG00000211872,TRAJ17,0.9456375838926175,14.9
ENSG00000162755,KLHDC9,0.9456097560975611,24.6
ENSG00000139537,CCDC65,0.9455747126436781,34.8
ENSG00000211662,IGLV3-21,0.9455730363561368,1697.1
ENSG00000021645,NRXN3,0.9455339805825242,123.6
ENSG00000128422,KRT17,0.9455279437978399,953.7
ENSG00000104783,KCNN4,0.9455247691015954,119.1
ENSG00000198796,ALPK2,0.9455102040816328,39.2
ENSG00000211937,IGHV2-5,0.9454766734279919,1331.1
ENSG00000268104,SLC6A14,0.9454455445544555,20.2
ENSG00000172771,EFCAB12,0.9454054054054055,18.5
ENSG00000148680,HTR7,0.9453658536585366,12.3
ENSG00000211950,IGHV1-24,0.9452415324819544,180.1
ENSG00000254585,MAGEL2,0.9452054794520548,14.6
ENSG00000185519,FAM131C,0.9451872399445214,72.1
ENSG00000125245,GPR18,0.9451790633608816,36.3
ENSG00000189350,TOGARAM2,0.9451578947368421,19.0
ENSG00000158816,VWA5B1,0.9451515151515152,13.2
ENSG00000121690,DEPDC7,0.9451445086705202,69.2
ENSG00000138030,KHK,0.9451356030005769,173.3
ENSG00000086696,HSD17B2,0.9451139742319127,403.6
ENSG00000151729,SLC25A4,0.945052501544163,323.8
ENSG00000122585,NPY,0.9450459770114944,348.0
ENSG00000100078,PLA2G3,0.9450331125827816,15.1
ENSG00000015592,STMN4,0.945,426.0
ENSG00000189410,SH2D5,0.945,16.8
ENSG00000211667,IGLV3-12,0.944982206405694,28.1
ENSG00000164236,ANKRD33B,0.9449471458773785,47.3
ENSG00000040608,RTN4R,0.9449394673123486,82.6
ENSG00000117266,CDK18,0.9449279303780255,367.7
ENSG00000166347,CYB5A,0.9449152468894958,2306.7
ENSG00000243989,ACY1,0.9448775849774187,420.7
ENSG00000115107,STEAP3,0.9448585690515807,180.3
ENSG00000089723,OTUB2,0.9448484848484847,13.2
ENSG00000149328,GLB1L2,0.9448155600268275,149.1
ENSG00000196611,MMP1,0.9448090523338049,70.7
ENSG00000128298,BAIAP2L2,0.9447413793103447,92.8
ENSG00000118193,KIF14,0.9447058823529411,10.2
ENSG00000187134,AKR1C1,0.9446886824905402,581.4
ENSG00000188488,SERPINA5,0.9446780122532334,734.5
ENSG00000211962,IGHV1-46,0.9446480067854114,117.9
ENSG00000102743,SLC25A15,0.9445875251509055,99.4
ENSG00000211866,TRAJ23,0.9445,12.0
ENSG00000167600,CYP2S1,0.9444933920704845,113.5
ENSG00000076706,MCAM,0.9444593032854547,1211.4
ENSG00000163239,TDRD10,0.9444571428571429,52.5
ENSG00000135469,COQ10A,0.9443995572772552,361.4
ENSG00000172318,B3GALT1,0.9443243243243242,14.8
ENSG00000126890,CTAG2,0.944313725490196,10.2
ENSG00000069812,HES2,0.9443124999999999,32.0
ENSG00000159337,PLA2G4D,0.9442857142857143,18.2
ENSG00000163599,CTLA4,0.9442165242165241,35.1
ENSG00000130643,CALY,0.9441234405778068,304.6
ENSG00000211845,TRAJ44,0.9440983606557377,24.4
ENSG00000171777,RASGRP4,0.9440816326530611,19.6
ENSG00000089101,CFAP61,0.9440000000000001,26.0
ENSG00000011426,ANLN,0.9439681567666871,163.3
ENSG00000006555,TTC22,0.9439541547277936,104.7
ENSG00000242515,UGT1A10,0.9439463087248323,74.5
ENSG00000171617,ENC1,0.9439412396990327,279.1
ENSG00000066279,ASPM,0.9439240506329114,15.8
ENSG00000163534,FCRL1,0.9439215686274509,25.5
ENSG00000129596,CDO1,0.9439054253747099,473.7
ENSG00000007312,CD79B,0.9439030303030305,247.5
ENSG00000000005,TNMD,0.9439024390243902,24.6
ENSG00000128606,LRRC17,0.9438660907127431,92.6
ENSG00000183454,GRIN2A,0.9438410596026491,15.1
ENSG00000075340,ADD2,0.9438277511961722,62.7
ENSG00000213937,CLDN9,0.9437762237762236,28.6
ENSG00000137700,SLC37A4,0.94375,134.4
ENSG00000185055,EFCAB10,0.9437275985663082,27.9
ENSG00000125285,SOX21,0.9436858006042295,33.1
ENSG00000100399,CHADL,0.94367941712204,109.8
ENSG00000172247,C1QTNF4,0.9436447876447877,129.5
ENSG00000105639,JAK3,0.943639774859287,53.3
ENSG00000169184,MN1,0.9436129032258065,46.5
ENSG00000128965,CHAC1,0.9436044362292051,108.2
ENSG00000181847,TIGIT,0.943601108033241,36.1
ENSG00000158428,CATIP,0.9435978835978835,18.9
ENSG00000188112,C6orf132,0.9435854341736696,142.8
ENSG00000127252,PLAAT1,0.9435781990521329,84.4
ENSG00000176884,GRIN1,0.9435315985130112,215.2
ENSG00000106384,MOGAT3,0.9434934497816593,22.9
ENSG00000140263,SORD,0.9434648776637728,253.4
ENSG00000185499,MUC1,0.9434622320176319,998.2
ENSG00000183166,CALN1,0.9434220532319391,52.6
ENSG00000152455,SUV39H2,0.9433879781420765,36.6
ENSG00000142973,CYP4B1,0.9433597185576077,227.4
ENSG00000073282,TP63,0.9433487654320986,129.6
ENSG00000006377,DLX6,0.9433333333333331,10.2
ENSG00000185681,MORN5,0.9433173537871524,104.3
ENSG00000102904,TSNAXIP1,0.943248730964467,19.7
ENSG00000123131,PRDX4,0.9432379452174675,1142.7
ENSG00000130695,CEP85,0.9432128514056225,124.5
ENSG00000095303,PTGS1,0.9431384615384616,227.5
ENSG00000093217,XYLB,0.943076923076923,31.2
ENSG00000143443,C1orf56,0.9430598052851181,71.9
ENSG00000126016,AMOT,0.9430501089324617,137.7
ENSG00000123999,INHA,0.943017479300828,108.7
ENSG00000043093,DCUN1D1,0.9430004323389537,231.3
ENSG00000154645,CHODL,0.9429655172413792,29.0
ENSG00000185985,SLITRK2,0.9429605263157893,30.4
ENSG00000198758,EPS8L3,0.9429596412556055,133.8
ENSG00000152782,PANK1,0.9429126213592233,103.0
ENSG00000167105,TMEM92,0.9429050279329608,17.9
ENSG00000162896,PIGR,0.9427943371112815,2479.3
ENSG00000211633,IGKV1D-42,0.9427865168539326,44.5
ENSG00000211749,TRBV23-1,0.9427522935779816,10.9
ENSG00000164061,BSN,0.9427491408934711,29.1
ENSG00000189292,ALKAL2,0.9427251296558227,212.1
ENSG00000099365,STX1B,0.9427157001414426,141.4
ENSG00000198739,LRRTM3,0.9426923076923076,10.4
ENSG00000174669,SLC29A2,0.9426352941176471,85.0
ENSG00000166292,TMEM100,0.9426347971095052,179.9
ENSG00000198074,AKR1B10,0.9426272066458984,577.8
ENSG00000135929,CYP27A1,0.9426242613833854,575.4
ENSG00000231475,IGHV4-31,0.9426140793396012,436.1
ENSG00000155307,SAMSN1,0.9426125137211855,182.2
ENSG00000124343,XG,0.9426112759643915,33.7
ENSG00000139540,SLC39A5,0.9426054165238257,291.7
ENSG00000131771,PPP1R1B,0.9425684814536512,1463.9
ENSG00000148200,NR6A1,0.9425233644859814,21.4
ENSG00000103994,ZNF106,0.9424913812916571,435.1
ENSG00000100714,MTHFD1,0.9424489795918367,318.5
ENSG00000170482,SLC23A1,0.942439024390244,61.5
ENSG00000151503,NCAPD3,0.9424334600760456,52.6
ENSG00000112378,PERP,0.9424240177909564,1079.2
ENSG00000139044,B4GALNT3,0.9423958333333334,57.6
ENSG00000118513,MYB,0.9423739837398375,61.5
ENSG00000189134,NKAPL,0.9423684210526315,30.4
ENSG00000124102,PI3,0.942337507998903,2187.8
ENSG00000167523,SPATA33,0.9423352601156069,86.5
ENSG00000119703,ZC2HC1C,0.9422823984526113,51.7
ENSG00000269404,SPIB,0.9422580645161289,93.0
ENSG00000152056,AP1S3,0.9422319474835885,45.7
ENSG00000143297,FCRL5,0.9422287390029325,34.1
ENSG00000211844,TRAJ45,0.9421105527638193,19.9
ENSG00000130037,KCNA5,0.9420942408376963,57.3
ENSG00000143001,TMEM61,0.9420942408376963,38.2
ENSG00000182472,CAPN12,0.9420849420849419,25.9
ENSG00000106404,CLDN15,0.942037643207856,244.4
ENSG00000186487,MYT1L,0.942027972027972,28.6
ENSG00000109743,BST1,0.942016679302502,131.9
ENSG00000127152,BCL11B,0.9419941348973607,34.1
ENSG00000211851,TRAJ38,0.9419811320754716,21.2
ENSG00000186265,BTLA,0.9419402985074625,26.8
ENSG00000188011,RTP5,0.9419354838709679,49.6
ENSG00000115271,GCA,0.9418778427550357,307.8
ENSG00000155850,SLC26A2,0.9418365287588295,198.2
ENSG00000143473,KCNH1,0.9417948717948719,15.6
ENSG00000158402,CDC25C,0.9417751479289942,16.9
ENSG00000023171,GRAMD1B,0.9417736403723665,204.1
ENSG00000105376,ICAM5,0.9417543859649123,22.8
ENSG00000211871,TRAJ18,0.9417490494296579,26.3
ENSG00000205436,EXOC3L4,0.9417224880382773,20.9
ENSG00000130038,CRACR2A,0.9417032967032968,36.4
ENSG00000180113,TDRD6,0.9416988416988417,25.9
ENSG00000118733,OLFM3,0.9416374269005848,17.1
ENSG00000106992,AK1,0.9415917009819449,1262.8
ENSG00000183778,B3GALT5,0.9415887850467289,42.8
ENSG00000117154,IGSF21,0.9415416238437821,97.3
ENSG00000169594,BNC1,0.9415254237288134,23.6
ENSG00000155893,PXYLP1,0.9414867762687633,139.9
ENSG00000189320,FAM180A,0.9414689265536724,35.4
ENSG00000136099,PCDH8,0.9414634146341464,12.3
ENSG00000006638,TBXA2R,0.9414450867052022,34.6
ENSG00000188060,RAB42,0.9414035087719299,22.8
ENSG00000166143,PPP1R14D,0.9413971291866028,104.5
ENSG00000148346,LCN2,0.941377808344796,2617.2
ENSG00000114248,LRRC31,0.9413725490196079,20.4
ENSG00000071537,SEL1L,0.9413564668769716,380.4
ENSG00000183914,DNAH2,0.9413541666666666,19.2
ENSG00000171509,RXFP1,0.9413533834586467,13.3
ENSG00000170175,CHRNB1,0.9413289036544852,150.5
ENSG00000141744,PNMT,0.9413270777479893,149.2
ENSG00000203722,RAET1G,0.9413043478260871,13.8
ENSG00000198300,PEG3,0.9412876852324986,195.7
ENSG00000160963,COL26A1,0.941284403669725,21.8
ENSG00000158234,FAIM,0.9412781609195403,217.5
ENSG00000158113,LRRC43,0.9412290502793295,17.9
ENSG00000138190,EXOC6,0.9412105263157896,152.0
ENSG00000186710,CFAP73,0.9411940298507462,33.5
ENSG00000196338,NLGN3,0.9411912225705328,31.9
ENSG00000160973,FOXH1,0.9411764705882352,13.6
ENSG00000282320,TRBJ1-1,0.9411397557666215,73.7
ENSG00000144445,KANSL1L,0.9411229946524063,187.0
ENSG00000124249,KCNK15,0.9411111111111111,23.4
ENSG00000074317,SNCB,0.9411053847520883,562.7
ENSG00000114378,HYAL1,0.9410835443037975,197.5
ENSG00000170558,CDH2,0.9410572207084471,183.5
ENSG00000144331,ZNF385B,0.9410475030450671,82.1
ENSG00000260342,ENSG00000260342,0.941044776119403,13.4
ENSG00000166803,PCLAF,0.9410387469084914,121.3
ENSG00000262406,MMP12,0.940997375328084,38.1
ENSG00000141682,PMAIP1,0.9409615384615385,83.2
ENSG00000138311,ZNF365,0.9409552238805969,33.5
ENSG00000140416,TPM1,0.9409457514414378,11880.5
ENSG00000134398,ERN2,0.9409387755102041,49.0
ENSG00000124429,POF1B,0.9409290540540539,118.4
ENSG00000204869,IGFL4,0.9409051724137931,46.4
ENSG00000114270,COL7A1,0.9409041980624328,92.9
ENSG00000178538,CA8,0.940899470899471,37.8
ENSG00000250644,ENSG00000250644,0.9408783442705706,198.1
ENSG00000187601,MAGEH1,0.9408456486042691,487.2
ENSG00000140465,CYP1A1,0.9408414239482201,61.8
ENSG00000158125,XDH,0.9408125000000002,64.0
ENSG00000126218,F10,0.9407615230460921,149.7
ENSG00000174576,NPAS4,0.9407,20.0
ENSG00000112742,TTK,0.9406912442396315,43.4
ENSG00000021300,PLEKHB1,0.9406565954310981,2714.0
ENSG00000162482,AKR7A3,0.9406393606393607,400.4
ENSG00000160188,RSPH1,0.9406324110671936,151.8
ENSG00000163071,SPATA18,0.9405909797822707,64.3
ENSG00000165449,SLC16A9,0.9405829596412556,178.4
ENSG00000143248,RGS5,0.9405825812605474,1362.9
ENSG00000133433,GSTT2B,0.9405105208692652,289.9
ENSG00000197980,LEKR1,0.9404958677685952,12.1
ENSG00000101213,PTK6,0.9404798464491364,104.2
ENSG00000135220,UGT2A3,0.9404729729729729,29.6
ENSG00000198892,SHISA4,0.9404079650315689,205.9
ENSG00000132704,FCRL2,0.9403614457831325,33.2
ENSG00000134917,ADAMTS8,0.9403614457831325,33.2
ENSG00000284762,ENSG00000284762,0.9403418803418802,11.7
ENSG00000128045,RASL11B,0.9403416149068324,64.4
ENSG00000113763,UNC5A,0.9402044293015333,58.7
ENSG00000221946,FXYD7,0.9401798449612402,322.5
ENSG00000144802,NFKBIZ,0.9401355578727842,383.6
ENSG00000073849,ST6GAL1,0.9400431406384816,463.6
ENSG00000162458,FBLIM1,0.94000900090009,444.4
ENSG00000018280,SLC11A1,0.9399760479041916,83.5
ENSG00000114416,FXR1,0.9399703224065828,741.3
ENSG00000204950,LRRC10B,0.9399662162162161,59.2
ENSG00000135519,KCNH3,0.9399162011173183,71.6
ENSG00000170579,DLGAP1,0.9398839458413926,51.7
ENSG00000165188,RNF183,0.9398692810457517,15.3
ENSG00000120645,IQSEC3,0.9398679867986799,60.6
ENSG00000119929,CUTC,0.9398505810736028,361.4
ENSG00000120051,CFAP58,0.93984375,12.8
ENSG00000108187,PBLD,0.9398401023345059,312.7
ENSG00000188626,GOLGA8M,0.9397156398104265,21.1
ENSG00000146039,SLC17A4,0.939663157894737,47.5
ENSG00000180509,KCNE1,0.9395973154362416,14.9
ENSG00000152495,CAMK4,0.9395825426944971,52.7
ENSG00000239819,IGKV1D-8,0.9395488721804512,13.3
ENSG00000204482,LST1,0.9395464601769911,180.8
ENSG00000139572,GPR84,0.9395348837209303,21.5
ENSG00000130558,OLFM1,0.9395280626309405,906.9
ENSG00000185811,IKZF1,0.9395261845386534,160.4
ENSG00000183979,NPB,0.9395061728395062,16.2
ENSG00000162614,NEXN,0.9394824049234652,633.7
ENSG00000169962,TAS1R3,0.9394782608695654,11.5
ENSG00000211943,IGHV3-15,0.9394686800894854,357.6
ENSG00000211599,IGKV5-2,0.939458064516129,77.5
ENSG00000118503,TNFAIP3,0.939430749682338,393.5
ENSG00000212123,PRR22,0.9394214876033058,48.4
ENSG00000143217,NECTIN4,0.9394010889292197,110.2
ENSG00000198797,BRINP2,0.9393382352941176,27.2
ENSG00000117115,PADI2,0.9393170943888649,459.8
ENSG00000155897,ADCY8,0.9392558139534884,21.5
ENSG00000143228,NUF2,0.9392400000000001,50.0
ENSG00000278263,ENSG00000278263,0.9392122538293218,91.4
ENSG00000205084,TMEM231,0.9391606367583212,69.1
ENSG00000010626,LRRC23,0.9391431556948798,95.7
ENSG00000211869,TRAJ20,0.9391304347826087,16.1
ENSG00000204815,ODAD4,0.9391111111111111,22.5
ENSG00000165794,SLC39A2,0.9391061452513965,35.8
ENSG00000136371,MTHFS,0.9390645352279455,168.9
ENSG00000008710,PKD1,0.9390595297648824,199.9
ENSG00000043039,BARX2,0.9390476190476191,142.8
ENSG00000104899,AMH,0.939,10.0
ENSG00000144406,UNC80,0.9389898989898989,29.7
ENSG00000128596,CCDC136,0.9389034837235866,175.1
ENSG00000187186,ENSG00000187186,0.938888096935139,280.6
ENSG00000185567,AHNAK2,0.9388858695652175,294.4
ENSG00000131203,IDO1,0.9388675623800381,104.2
ENSG00000172020,GAP43,0.9388642600802196,473.7
ENSG00000171631,P2RY6,0.9388161993769473,32.1
ENSG00000167393,PPP2R3B,0.9387857961053837,87.3
ENSG00000145506,NKD2,0.9387745098039215,40.8
ENSG00000176165,FOXG1,0.9387644787644789,25.9
ENSG00000133315,MACROD1,0.9387643359230483,270.3
ENSG00000058056,USP13,0.938759842519685,101.6
ENSG00000170549,IRX1,0.9387068965517241,23.2
ENSG00000169884,WNT10B,0.9386700767263427,39.1
ENSG00000187624,C17orf97,0.9386569872958258,55.1
ENSG00000160678,S100A1,0.9385992659909124,4577.6
ENSG00000205869,KRTAP5-1,0.9385585585585585,11.1
ENSG00000282780,TRBJ1-6,0.9385574837310194,184.4
ENSG00000105479,ODAD1,0.9385454545454546,27.5
ENSG00000146674,IGFBP3,0.9385006004460457,1748.7
ENSG00000184564,SLITRK6,0.9384732824427481,26.2
ENSG00000137571,SLCO5A1,0.9384615384615383,10.4
ENSG00000133069,TMCC2,0.9384356197352588,83.1
ENSG00000178053,MLF1,0.9384307963561563,340.3
ENSG00000172602,RND1,0.938397328881469,119.8
ENSG00000229453,SPINK8,0.9383892617449665,14.9
ENSG00000170017,ALCAM,0.9383866279069768,412.8
ENSG00000163576,EFHB,0.9383749999999997,16.0
ENSG00000141497,ZMYND15,0.9383464566929134,25.4
ENSG00000172671,ZFAND4,0.9383428571428571,35.0
ENSG00000118004,COLEC11,0.9382736455463728,108.9
ENSG00000178531,CTXN1,0.9382675343456256,691.5
ENSG00000159784,FAM131B,0.9382577132486389,55.1
ENSG00000211859,TRAJ30,0.938252427184466,10.3
ENSG00000124491,F13A1,0.9382328618063112,459.5
ENSG00000144031,ANKRD53,0.9381818181818182,25.3
ENSG00000155465,SLC7A7,0.9381689029202842,253.4
ENSG00000107968,MAP3K8,0.9381678902010852,313.3
ENSG00000182568,SATB1,0.9381576667629224,346.3
ENSG00000100003,SEC14L2,0.9381211589113257,227.8
ENSG00000276775,IGHV4-4,0.9381171258479856,722.3
ENSG00000149970,CNKSR2,0.9381142857142857,35.0
ENSG00000144119,C1QL2,0.9380916030534351,26.2
ENSG00000159423,ALDH4A1,0.9380756953944368,438.6
ENSG00000081479,LRP2,0.9380522565320664,42.1
ENSG00000112773,TENT5A,0.938049695264885,213.3
ENSG00000125430,HS3ST3B1,0.9380451127819549,26.6
ENSG00000140749,IGSF6,0.9380350877192982,28.5
ENSG00000182326,C1S,0.938031617288123,2663.1
ENSG00000167080,B4GALNT2,0.9380254777070064,31.4
ENSG00000143164,DCAF6,0.9380095595766474,585.8
ENSG00000105369,CD79A,0.9379780564263324,510.4
ENSG00000153993,SEMA3D,0.9379527559055117,38.1
ENSG00000169006,NTSR2,0.9379501385041551,108.3
ENSG00000250722,SELENOP,0.9378795583693111,5860.1
ENSG00000163535,SGO2,0.9378360655737704,30.5
ENSG00000127863,TNFRSF19,0.937832512315271,101.5
ENSG00000013297,CLDN11,0.9378075313807531,119.5
ENSG00000162543,UBXN10,0.9377777777777778,46.8
ENSG00000127585,FBXL16,0.9377689716663365,504.7
ENSG00000211638,IGLV8-61,0.9377520733304234,916.4
ENSG00000106689,LHX2,0.9377317073170732,82.0
ENSG00000112319,EYA4,0.9377241379310344,29.0
ENSG00000198574,SH2D1B,0.937719298245614,11.4
ENSG00000100292,HMOX1,0.9377087273709808,740.2
ENSG00000104722,NEFM,0.9376883116883117,308.0
ENSG00000162669,HFM1,0.9376744186046512,12.9
ENSG00000165731,RET,0.9376470588235294,18.7
ENSG00000162367,TAL1,0.9376428571428573,28.0
ENSG00000070526,ST6GALNAC1,0.9376060935799783,183.8
ENSG00000102837,OLFM4,0.937567213114754,1220.0
ENSG00000275718,CCL15,0.9375546975546976,77.7
ENSG00000239975,IGKV1D-33,0.937527733755943,63.1
ENSG00000114656,CFAP92,0.9374895397489539,23.9
ENSG00000161649,CD300LG,0.937413096200485,123.7
ENSG00000008056,SYN1,0.9372528883183568,311.6
ENSG00000185245,GP1BA,0.9372262773722626,13.7
ENSG00000211785,TRAV12-1,0.9371428571428573,19.6
ENSG00000136267,DGKB,0.9370967741935483,18.6
ENSG00000163618,CADPS,0.9370257611241218,170.8
ENSG00000176678,FOXL1,0.9370247933884298,12.1
ENSG00000269711,ENSG00000269711,0.9370192307692307,20.8
ENSG00000137804,NUSAP1,0.9369767441860465,94.6
ENSG00000166257,SCN3B,0.9369440654843109,73.3
ENSG00000221890,NPTXR,0.9369436698271053,179.3
ENSG00000153303,FRMD1,0.9369343065693431,13.7
ENSG00000072818,ACAP1,0.9369313304721031,93.2
ENSG00000072422,RHOBTB1,0.9369059955588454,135.1
ENSG00000067715,SYT1,0.9368890474491619,280.3
ENSG00000150556,LYPD6B,0.9368879216539717,91.9
ENSG00000148832,PAOX,0.9368613138686134,27.4
ENSG00000242612,DECR2,0.9368577981651376,174.4
ENSG00000187105,HEATR4,0.9368224299065422,10.7
ENSG00000144057,ST6GAL2,0.9367761194029849,33.5
ENSG00000173227,SYT12,0.9367054908485857,60.1
ENSG00000161681,SHANK1,0.9366996699669968,60.6
ENSG00000140287,HDC,0.9366820276497697,43.4
ENSG00000243264,IGKV2D-29,0.9366443263230876,432.7
ENSG00000102970,CCL17,0.9366326530612247,19.6
ENSG00000186073,CDIN1,0.9366304347826087,73.6
ENSG00000213402,PTPRCAP,0.9366036249014972,253.8
ENSG00000144191,CNGA3,0.9366,10.0
ENSG00000211688,TRGJP2,0.936574225122349,61.3
ENSG00000167588,GPD1,0.9365357080495896,572.7
ENSG00000150656,CNDP1,0.9365124555160143,56.2
ENSG00000166206,GABRB3,0.9365079365079364,44.1
ENSG00000099875,MKNK2,0.9364990062681545,1308.2
ENSG00000174950,CD164L2,0.9364664310954063,28.3
ENSG00000175175,PPM1E,0.9364251207729468,20.7
ENSG00000272899,ATP6V1FNB,0.9364035087719299,22.8
ENSG00000154654,NCAM2,0.9364010282776348,38.9
ENSG00000187912,CLEC17A,0.9363742690058479,17.1
ENSG00000174611,KY,0.9363706563706563,25.9
ENSG00000105650,PDE4C,0.9363478260869568,23.0
ENSG00000211673,IGLV3-1,0.9363228237415865,3105.1
ENSG00000116679,IVNS1ABP,0.9363079082826391,427.4
ENSG00000186407,CD300E,0.9362913907284768,45.3
ENSG00000188389,PDCD1,0.9362666666666667,15.0
ENSG00000077080,ACTL6B,0.9362109375,51.2
ENSG00000159761,C16orf86,0.9362005277044854,37.9
ENSG00000137819,PAQR5,0.9361866125760651,49.3
ENSG00000175093,SPSB4,0.9361344537815128,11.9
ENSG00000089012,SIRPG,0.9360989010989013,36.4
ENSG00000130876,SLC7A10,0.936092715231788,30.2
ENSG00000055732,MCOLN3,0.9360290556900727,41.3
ENSG00000184434,LRRC19,0.9359999999999999,40.0
ENSG00000197409,H3C4,0.9359999999999998,11.5
ENSG00000187498,COL4A1,0.9359820373434178,846.2
ENSG00000147588,PMP2,0.9359444158517757,388.6
ENSG00000241106,HLA-DOB,0.9359413202933986,40.9
ENSG00000171811,CFAP46,0.9358897243107769,39.9
ENSG00000111249,CUX2,0.9358375634517766,19.7
ENSG00000270467,IGHV3OR16-12,0.9357671957671957,18.9
ENSG00000057294,PKP2,0.9357497303128371,185.4
ENSG00000162374,ELAVL4,0.9357480314960631,38.1
ENSG00000150667,FSIP1,0.9357281553398056,10.3
ENSG00000166831,RBPMS2,0.9356840620592383,283.6
ENSG00000166148,AVPR1A,0.9356635514018692,53.5
ENSG00000197892,KIF13B,0.9356315789473685,152.0
ENSG00000156413,FUT6,0.9355874673629242,76.6
ENSG00000197177,ADGRA1,0.9355725190839695,26.2
ENSG00000005187,ACSM3,0.9355502104630185,166.3
ENSG00000165973,NELL1,0.9354838709677418,15.5
ENSG00000183048,SLC25A10,0.9354590984974958,179.7
ENSG00000075461,CACNG4,0.9354561101549053,58.1
ENSG00000121966,CXCR4,0.9354553191489362,1175.0
ENSG00000183690,EFHC2,0.9354545454545454,26.4
ENSG00000080822,CLDND1,0.9354173031523401,1440.2
ENSG00000106069,CHN2,0.9353747072599532,170.8
ENSG00000180425,C11orf71,0.9353705118411001,130.9
ENSG00000087085,ACHE,0.9353695225637673,152.9
ENSG00000135636,DYSF,0.9353613445378153,119.0
ENSG00000165912,PACSIN3,0.9353504880212954,450.8
ENSG00000198822,GRM3,0.9353374233128835,48.9
ENSG00000146006,LRRTM2,0.9353374233128835,16.3
ENSG00000116035,VAX2,0.9353225806451614,12.4
ENSG00000131055,COX4I2,0.9352767527675276,108.4
ENSG00000205863,C1QTNF9B,0.9352662721893491,16.9
ENSG00000099974,DDTL,0.9352595155709341,57.8
ENSG00000151725,CENPU,0.9352542372881356,59.0
ENSG00000242472,IGHJ5,0.9352520623281393,109.1
ENSG00000157150,TIMP4,0.935231037489102,229.4
ENSG00000078549,ADCYAP1R1,0.9351706036745407,76.2
ENSG00000171517,LPAR3,0.9351461988304095,34.2
ENSG00000183036,PCP4,0.9350982200498019,2168.6
ENSG00000103316,CRYM,0.9350843532914324,302.3
ENSG00000211670,IGLV3-9,0.9350546448087431,292.8
ENSG00000185736,ADARB2,0.9350153846153845,32.5
ENSG00000076258,FMO4,0.9349738219895289,57.3
ENSG00000172367,PDZD3,0.9349450549450549,18.2
ENSG00000170775,GPR37,0.9349107142857145,67.2
ENSG00000149557,FEZ1,0.9349057274991107,281.1
ENSG00000159958,TNFRSF13C,0.9348920863309352,55.6
ENSG00000181418,DDN,0.9348884089272861,277.8
ENSG00000187097,ENTPD5,0.934839756592292,246.5
ENSG00000110076,NRXN2,0.9348292682926828,184.5
ENSG00000153283,CD96,0.9348173913043477,57.5
ENSG00000078369,GNB1,0.9347764530551415,2147.2
ENSG00000163687,DNASE1L3,0.934719810576164,253.4
ENSG00000107984,DKK1,0.934695652173913,46.0
ENSG00000177455,CD19,0.9346892655367232,70.8
ENSG00000148773,MKI67,0.9346530612244897,49.0
ENSG00000211772,TRBC2,0.9346511627906977,180.6
ENSG00000000938,FGR,0.9345445292620864,196.5
ENSG00000175426,PCSK1,0.9345161290322579,31.0
ENSG00000211934,IGHV1-2,0.9345002311604254,1081.5
ENSG00000167100,SAMD14,0.9344477611940298,67.0
ENSG00000148408,CACNA1B,0.9344444444444444,23.4
ENSG00000187210,GCNT1,0.9344303797468353,79.0
ENSG00000188373,GPR15LG,0.9343699108181467,257.9
ENSG00000163661,PTX3,0.9343527367506514,230.2
ENSG00000162975,KCNF1,0.9343487858719647,45.3
ENSG00000171877,FRMD5,0.9343119266055047,43.6
ENSG00000135697,BCO1,0.9343065693430657,13.7
ENSG00000100079,LGALS2,0.9343002221516977,315.1
ENSG00000172403,SYNPO2,0.9342902141957161,952.4
ENSG00000124143,ARHGAP40,0.934245283018868,42.4
ENSG00000007174,DNAH9,0.9341993957703927,33.1
ENSG00000163993,S100P,0.9341661635068228,1656.2
ENSG00000186480,INSIG1,0.93416476841306,526.8
ENSG00000115602,IL1RL1,0.9341577825159912,187.6
ENSG00000180998,GPR137C,0.934153846153846,26.0
ENSG00000156510,HKDC1,0.9340079365079365,50.4
ENSG00000176387,HSD11B2,0.9339944564213118,324.7
ENSG00000139737,SLAIN1,0.9339904420549583,334.8
ENSG00000188931,CFAP126,0.9339603960396039,202.0
ENSG00000104635,SLC39A14,0.9339600697809652,515.9
ENSG00000211879,TRAJ10,0.933939393939394,29.7
ENSG00000115290,GRB14,0.9338568129330254,43.3
ENSG00000091129,NRCAM,0.9338446411012781,101.7
ENSG00000050555,LAMC3,0.9338427947598253,45.8
ENSG00000182450,KCNK4,0.9338345864661655,13.3
ENSG00000137203,TFAP2A,0.9337777777777778,63.0
ENSG00000153064,BANK1,0.9337763012181617,90.3
ENSG00000256269,HMBS,0.933775,160.0
ENSG00000180834,MAP6D1,0.9337707641196014,120.4
ENSG00000124507,PACSIN1,0.9337630807869403,238.9
ENSG00000060718,COL11A1,0.9337566137566138,18.9
ENSG00000232216,IGHV3-43,0.9337364864864864,296.0
ENSG00000110931,CAMKK2,0.9337222222222222,324.0
ENSG00000139970,RTN1,0.933710946280063,444.9
ENSG00000162004,CCDC78,0.9336879432624114,28.2
ENSG00000128271,ADORA2A,0.9336832412523021,108.6
ENSG00000127083,OMD,0.9336808846761453,63.3
ENSG00000158825,CDA,0.9336761487964987,182.8
ENSG00000204103,MAFB,0.9336682242990654,256.8
ENSG00000211764,TRBJ2-1,0.9336655948553054,62.2
ENSG00000113430,IRX4,0.9336318407960198,20.1
ENSG00000023330,ALAS1,0.9336306280470317,697.4
ENSG00000120068,HOXB8,0.9336123348017621,45.4
ENSG00000135454,B4GALNT1,0.9336114421930869,83.9
ENSG00000104808,DHDH,0.9335714285714286,16.8
ENSG00000197471,SPN,0.9335598227474152,67.7
ENSG00000101057,MYBL2,0.9335565819861432,86.6
ENSG00000177108,ZDHHC22,0.9335428571428571,35.0
ENSG00000066336,SPI1,0.9335018963337547,316.4
ENSG00000211938,IGHV3-7,0.9334897686832742,899.2
ENSG00000175920,DOK7,0.9334579439252336,42.8
ENSG00000170049,KCNAB3,0.9334502923976608,34.2
ENSG00000180044,C3orf80,0.9334399999999999,12.5
ENSG00000165215,CLDN3,0.9334271922767499,248.6
ENSG00000173391,OLR1,0.9334264432029794,107.4
ENSG00000153446,C16orf89,0.9334172494172495,214.5
ENSG00000101076,HNF4A,0.9334161490683229,112.7
ENSG00000204314,PRRT1,0.9333928571428571,67.2
ENSG00000157214,STEAP2,0.9333778148457048,119.9
ENSG00000198576,ARC,0.9333727810650889,67.6
ENSG00000144908,ALDH1L1,0.9333584032398032,345.7
ENSG00000276085,CCL3L1,0.9333333333333332,10.5
ENSG00000157890,MEGF11,0.9332773109243697,23.8
ENSG00000106624,AEBP1,0.9332541692133064,1145.3
ENSG00000167992,VWCE,0.9332515337423314,16.3
ENSG00000104332,SFRP1,0.9332471131639721,649.5
ENSG00000162739,SLAMF6,0.9332409012131717,57.7
ENSG00000242534,IGKV2D-28,0.9332309294454569,384.1
ENSG00000059769,DNAJC25,0.9331999999999999,30.0
ENSG00000135547,HEY2,0.9331734837799718,70.9
ENSG00000169783,LINGO1,0.9331574158325752,109.9
ENSG00000011332,DPF1,0.9331391585760517,30.9
ENSG00000172461,FUT9,0.9331192660550458,21.8
ENSG00000134755,DSC2,0.9330888750776881,160.9
ENSG00000178752,ERFE,0.9330735930735932,23.1
ENSG00000178585,CTNNBIP1,0.9330019493177388,410.4
ENSG00000106089,STX1A,0.9329911504424778,169.5
ENSG00000165923,AGBL2,0.9329824561403507,11.4
ENSG00000187122,SLIT1,0.9329663608562693,32.7
ENSG00000251039,IGKV2D-40,0.932965009208103,108.6
ENSG00000189233,NUGGC,0.9328971962616821,21.4
ENSG00000140254,DUOXA1,0.9328279883381926,137.2
ENSG00000049323,LTBP1,0.9328160919540228,382.8
ENSG00000176956,LY6H,0.9328045594870576,421.1
ENSG00000164402,SEPTIN8,0.9327534685165424,749.6
ENSG00000129244,ATP1B2,0.9326925100859497,570.1
ENSG00000203778,FAM229B,0.9326881720430109,427.8
ENSG00000198910,L1CAM,0.9326661687826737,133.9
ENSG00000275004,ZNF280B,0.9326400000000001,12.5
ENSG00000171365,CLCN5,0.9326218097447797,43.1
ENSG00000121691,CAT,0.9326188175349206,1138.3
ENSG00000157064,NMNAT2,0.9325879396984924,79.6
ENSG00000141622,RNF165,0.9325345622119816,21.7
ENSG00000211771,TRBJ2-7,0.9324238026124818,137.8
ENSG00000165061,ZMAT4,0.9324183006535947,15.3
ENSG00000144891,AGTR1,0.9324024024024026,133.2
ENSG00000104888,SLC17A7,0.9323683527885863,385.5
ENSG00000140368,PSTPIP1,0.9323049001814883,55.1
ENSG00000177459,ERICH5,0.932298136645963,32.2
ENSG00000186318,BACE1,0.9322495894909686,243.6
ENSG00000182054,IDH2,0.9322430527855339,1504.2
ENSG00000162747,FCGR3B,0.932232258064516,77.5
ENSG00000111696,NT5DC3,0.9322102425876011,74.2
ENSG00000103876,FAH,0.9321951219512197,282.9
ENSG00000155016,CYP2U1,0.9321772151898735,79.0
ENSG00000106178,CCL24,0.9321716514954488,76.9
ENSG00000168539,CHRM1,0.9321487603305786,48.4
ENSG00000211858,TRAJ31,0.9321472392638036,16.3
ENSG00000213578,CPLX3,0.9321383647798743,127.2
ENSG00000136574,GATA4,0.932136150234742,85.2
ENSG00000143869,GDF7,0.9321327014218009,21.1
ENSG00000182901,RGS7,0.9321076233183857,22.3
ENSG00000152578,GRIA4,0.9320398009950249,60.3
ENSG00000172927,MYEOV,0.9320370370370371,10.8
ENSG00000136052,SLC41A2,0.9319767441860465,86.0
ENSG00000188906,LRRK2,0.9319028340080971,49.4
ENSG00000173786,CNP,0.9318730900593205,1112.6
ENSG00000125798,FOXA2,0.93183908045977,34.8
ENSG00000180694,TMEM64,0.931827485380117,136.8
ENSG00000173599,PC,0.9318176825919825,182.1
ENSG00000196787,H2AC11,0.9318032786885247,12.2
ENSG00000187867,PALM3,0.931768953068592,55.4
ENSG00000004799,PDK4,0.9317625765732318,2154.8
ENSG00000261609,GAN,0.9317446808510639,23.5
ENSG00000104833,TUBB4A,0.9317376254759432,1155.6
ENSG00000111404,RERGL,0.9317336532693461,166.7
ENSG00000143845,ETNK2,0.9317159763313608,219.7
ENSG00000184922,FMNL1,0.9316803760282021,255.3
ENSG00000108231,LGI1,0.9316034985422741,68.6
ENSG00000162069,BICDL2,0.9315763945028296,123.7
ENSG00000176406,RIMS2,0.9315702479338843,72.6
ENSG00000211904,IGHJ2,0.9315540983606557,152.5
ENSG00000122877,EGR2,0.9315458515283842,114.5
ENSG00000157680,DGKI,0.931543624161074,14.9
ENSG00000164687,FABP5,0.9315161727836916,4866.2
ENSG00000165568,AKR1E2,0.9315116279069768,17.2
ENSG00000265107,GJA5,0.9314321295143213,80.3
ENSG00000150045,KLRF1,0.9314117647058824,17.0
ENSG00000119121,TRPM6,0.9314102564102565,15.6
ENSG00000102271,KLHL4,0.9313419913419915,23.1
ENSG00000132965,ALOX5AP,0.9313360851618507,460.3
ENSG00000115009,CCL20,0.9312883435582823,179.3
ENSG00000211961,IGHV1-45,0.931276595744681,28.2
ENSG00000211941,IGHV3-11,0.9312674581005587,572.8
ENSG00000137198,GMPR,0.9312416400116313,343.9
ENSG00000277632,CCL3,0.9312242090784043,72.7
ENSG00000263429,TMEM238L,0.9312206572769952,42.6
ENSG00000053918,KCNQ1,0.9312187659357472,196.1
ENSG00000102967,DHODH,0.9311904761904762,58.8
ENSG00000188897,ENSG00000188897,0.931186440677966,17.7
ENSG00000075043,KCNQ2,0.9310848708487085,135.5
ENSG00000100629,CEP128,0.931082251082251,23.1
ENSG00000157152,SYN2,0.931077694235589,119.7
ENSG00000118515,SGK1,0.9310284325124195,946.1
ENSG00000159166,LAD1,0.931027181688126,349.5
ENSG00000104435,STMN2,0.9310204790003472,576.2
ENSG00000162931,TRIM17,0.9309292035398229,45.2
ENSG00000100505,TRIM9,0.9309287257019438,46.3
ENSG00000175489,LRRC25,0.9309215017064848,58.6
ENSG00000104951,IL4I1,0.9309090909090909,27.5
ENSG00000169900,PYDC1,0.9309019607843138,25.5
ENSG00000128641,MYO1B,0.9308664713269151,238.9
ENSG00000005249,PRKAR2B,0.9308646616541354,159.6
ENSG00000144063,MALL,0.9307870753935377,482.8
ENSG00000154027,AK5,0.9307840000000001,125.0
ENSG00000270505,IGHV1OR15-1,0.9307755102040817,73.5
ENSG00000172426,RSPH9,0.9307586206896551,14.5
ENSG00000101307,SIRPB1,0.9307505070993914,49.3
ENSG00000152076,CCDC74B,0.9307392996108947,51.4
ENSG00000187824,TMEM220,0.9307231404958678,96.8
ENSG00000084453,SLCO1A2,0.9306666666666666,15.0
ENSG00000130203,APOE,0.9306463214925236,6533.9
ENSG00000167371,PRRT2,0.9306356487549148,305.2
ENSG00000083454,P2RX5,0.9306233062330622,73.8
ENSG00000076344,RGS11,0.9306219512195122,164.0
ENSG00000281179,ENSG00000281179,0.9306122448979592,73.5
ENSG00000115112,TFCP2L1,0.9306086956521739,92.0
ENSG00000163820,FYCO1,0.9305930138099108,246.2
ENSG00000130513,GDF15,0.930590742996346,328.4
ENSG00000189050,RNFT1,0.9305766062602966,60.7
ENSG00000115085,ZAP70,0.9305376344086023,74.4
ENSG00000148053,NTRK2,0.9305100728675525,233.3
ENSG00000060971,ACAA1,0.9305046243712478,616.3
ENSG00000091181,IL5RA,0.9304950495049503,10.1
ENSG00000101353,MROH8,0.9304597701149424,17.4
ENSG00000179841,AKAP5,0.9304545454545454,17.6
ENSG00000122223,CD244,0.9304402515723271,15.9
ENSG00000057252,SOAT1,0.9304297626683771,155.9
ENSG00000180644,PRF1,0.9303879310344826,46.4
ENSG00000253598,SLC10A5,0.930377358490566,10.6
ENSG00000187889,FYB2,0.9303750000000001,16.0
ENSG00000104921,FCER2,0.9303291139240506,39.5
ENSG00000091428,RAPGEF4,0.9303085966201321,272.2
ENSG00000007171,NOS2,0.9303061224489798,19.6
ENSG00000135437,RDH5,0.9303043968432919,88.7
ENSG00000197905,TEAD4,0.9302936378466558,122.6
ENSG00000090539,CHRD,0.9302654867256638,124.3
ENSG00000131747,TOP2A,0.9302521008403362,119.0
ENSG00000245848,CEBPA,0.930242179616549,198.2
ENSG00000172578,KLHL6,0.9302405498281788,29.1
ENSG00000135114,OASL,0.9301483679525223,33.7
ENSG00000141750,STAC2,0.9301335707925199,112.3
ENSG00000103522,IL21R,0.9301310043668123,22.9
ENSG00000004864,SLC25A13,0.9301282051282049,140.4
ENSG00000204536,CCHCR1,0.9300618238021638,129.4
ENSG00000276566,IGKV1D-13,0.9300302724520685,297.3
ENSG00000168477,TNXB,0.9300236966824643,253.2
ENSG00000183837,PNMA3,0.9300215982721382,46.3
ENSG00000112333,NR2E1,0.93,28.4
ENSG00000188582,PAQR9,0.93,11.2
ENSG00000165521,EML5,0.93,10.4
ENSG00000091831,ESR1,0.9299903567984569,103.7
ENSG00000162894,FCMR,0.9299526627218934,169.0
ENSG00000105851,PIK3CG,0.9299514563106795,41.2
ENSG00000163975,MELTF,0.9299254843517137,67.1
ENSG00000116254,CHD5,0.9298753117206984,80.2
ENSG00000137098,SPAG8,0.9298507462686568,13.4
ENSG00000180730,SHISA2,0.9298477157360405,19.7
ENSG00000211668,IGLV2-11,0.9298403281330111,2730.6
ENSG00000112149,CD83,0.929833249115715,197.9
ENSG00000092068,SLC7A8,0.9298325820991629,310.6
ENSG00000171476,HOPX,0.929828090448677,1401.9
ENSG00000211789,TRAV12-2,0.9298076923076922,20.8
ENSG00000197106,SLC6A17,0.9297579143389199,53.7
ENSG00000147394,ZNF185,0.9297288776796974,317.2
ENSG00000142621,FHAD1,0.9297260273972604,14.6
ENSG00000100577,GSTZ1,0.9297110297110298,245.7
ENSG00000257057,C11orf97,0.9296703296703296,18.2
ENSG00000118308,IRAG2,0.9295928143712575,167.0
ENSG00000116990,MYCL,0.9295774647887325,63.9
ENSG00000104154,SLC30A4,0.9295187165775401,37.4
ENSG00000102109,PCSK1N,0.9294997115305363,1213.3
ENSG00000103154,NECAB2,0.9294598540145985,137.0
ENSG00000117425,PTCH2,0.9294499294781382,70.9
ENSG00000145283,SLC10A6,0.9294308943089432,12.3
ENSG00000072042,RDH11,0.9293958257048699,546.2
ENSG00000211880,TRAJ9,0.9293950177935943,28.1
ENSG00000139193,CD27,0.929393063583815,138.4
ENSG00000134285,FKBP11,0.9293570510072868,466.6
ENSG00000162552,WNT4,0.9293506493506493,38.5
ENSG00000112992,NNT,0.9293366778149387,358.8
ENSG00000149927,DOC2A,0.9293347873500547,91.7
ENSG00000196503,ARL9,0.9292727272727273,11.0
ENSG00000135100,HNF1A,0.9292424242424242,13.2
ENSG00000070388,FGF22,0.9292307692307693,13.0
ENSG00000105880,DLX5,0.9291954022988504,26.1
ENSG00000134716,CYP2J2,0.9291733723482076,136.7
ENSG00000160013,PTGIR,0.9291632373113853,72.9
ENSG00000137142,IGFBPL1,0.9291612903225805,15.5
ENSG00000179456,ZBTB18,0.9291471698113208,265.0
ENSG00000165323,FAT3,0.9291176470588236,13.6
ENSG00000084693,AGBL5,0.9291130820399114,180.4
ENSG00000006468,ETV1,0.9290967741935483,124.0
ENSG00000123240,OPTN,0.9290689325035902,835.6
ENSG00000152954,NRSN1,0.9290425531914894,75.2
ENSG00000109390,NDUFC1,0.9289534421010742,251.3
ENSG00000197321,SVIL,0.9289300466355762,750.5
ENSG00000121895,TMEM156,0.9289243027888447,25.1
ENSG00000067177,PHKA1,0.9289073881373571,96.1
ENSG00000149926,TLCD3B,0.9289001009081737,99.1
ENSG00000065600,PACC1,0.9288603988603988,70.2
ENSG00000175311,ANKS4B,0.9287692307692308,13.0
ENSG00000179915,NRXN1,0.9287483530961792,75.9
ENSG00000140527,WDR93,0.9287037037037037,10.8
ENSG00000165480,SKA3,0.9286725663716814,11.3
ENSG00000140945,CDH13,0.9286548042704627,140.5
ENSG00000166828,SCNN1G,0.9286363636363637,39.6
ENSG00000184489,PTP4A3,0.9286310576582949,565.4
ENSG00000151834,GABRA2,0.9285790884718499,37.3
ENSG00000137101,CD72,0.9285761589403974,60.4
ENSG00000148082,SHC3,0.9285569620253165,39.5
ENSG00000187764,SEMA4D,0.9285293214614677,325.7
ENSG00000079263,SP140,0.9285277246653919,52.3
ENSG00000124772,CPNE5,0.9285193621867882,131.7
ENSG00000166845,C18orf54,0.9285185185185185,16.2
ENSG00000108511,HOXB6,0.9285121107266437,57.8
ENSG00000099377,HSD3B7,0.9285106382978725,131.6
ENSG00000184619,KRBA2,0.9284012539184953,31.9
ENSG00000187860,CCDC157,0.9284,30.0
ENSG00000235568,NFAM1,0.9283848797250859,29.1
ENSG00000211861,TRAJ28,0.9283211678832117,13.7
ENSG00000204248,COL11A2,0.9283105022831051,21.9
ENSG00000175600,SUGCT,0.9283091787439615,41.4
ENSG00000204219,TCEA3,0.9282993502128614,446.3
ENSG00000211856,TRAJ33,0.9282954545454547,17.6
ENSG00000167315,ACAA2,0.9282593062605753,945.6
ENSG00000211974,IGHV2-70D,0.9282532239155921,85.3
ENSG00000164124,TMEM144,0.9282525160109789,218.6
ENSG00000211625,IGKV3D-20,0.9282316362223086,257.3
ENSG00000120471,TP53AIP1,0.9281884057971016,27.6
ENSG00000118785,SPP1,0.9281842917851357,3270.9
ENSG00000172831,CES2,0.9281529625151148,661.6
ENSG00000167077,MEI1,0.9281420765027321,36.6
ENSG00000165548,TMEM63C,0.9281261595547309,53.9
ENSG00000104059,ENTREP2,0.9281034482758619,23.2
ENSG00000174837,ADGRE1,0.9280575539568348,13.9
ENSG00000106526,ACTR3C,0.9280300187617262,53.3
ENSG00000065534,MYLK,0.927946410097248,1933.2
ENSG00000169085,VXN,0.927883597883598,113.4
ENSG00000197430,OPALIN,0.9278535534816942,139.3
ENSG00000211898,IGHD,0.9278395624430265,109.7
ENSG00000152969,JAKMIP1,0.9278,70.0
ENSG00000110723,EXPH5,0.9277868852459015,24.4
ENSG00000081181,ARG2,0.927767554479419,206.5
ENSG00000090376,IRAK3,0.927750677506775,73.8
ENSG00000052802,MSMO1,0.9277337795129206,537.9
ENSG00000211951,IGHV2-26,0.9277094972067037,214.8
ENSG00000250565,ATP6V1E2,0.9277037037037035,27.0
ENSG00000170745,KCNS3,0.9276674937965259,80.6
ENSG00000178172,SPINK6,0.9276335877862597,13.1
ENSG00000108825,PTGES3L-AARSD1,0.927560975609756,16.4
ENSG00000104112,SCG3,0.9275144508670521,155.7
ENSG00000160200,CBS,0.9275084554678692,177.4
ENSG00000215217,C5orf49,0.9275,71.2
ENSG00000241244,IGKV1D-16,0.927496757457847,154.2
ENSG00000180828,BHLHE22,0.9274561403508771,22.8
ENSG00000115919,KYNU,0.9274334140435836,82.6
ENSG00000198643,FAM3D,0.9273849509269357,458.5
ENSG00000061337,LZTS1,0.927372549019608,51.0
ENSG00000131979,GCH1,0.9273666092943202,58.1
ENSG00000184012,TMPRSS2,0.9273576309794989,263.4
ENSG00000158258,CLSTN2,0.9273551637279597,39.7
ENSG00000154269,ENPP3,0.9273508353221955,41.9
ENSG00000151014,NOCT,0.9273469387755101,34.3
ENSG00000187479,C11orf96,0.9273429951690821,1697.4
ENSG00000148985,PGAP2,0.9273163565132222,204.2
ENSG00000174951,FUT1,0.9272555205047318,31.7
ENSG00000180354,MTURN,0.9272022520571676,1847.2
ENSG00000155011,DKK2,0.9271830985915491,14.2
ENSG00000213398,LCAT,0.9271796733212341,275.5
ENSG00000106976,DNM1,0.9271760045274475,353.4
ENSG00000184500,PROS1,0.9271725179312947,264.9
ENSG00000125834,STK35,0.927168784029038,110.2
ENSG00000169418,NPR1,0.927142857142857,127.4
ENSG00000008118,CAMK1G,0.9271101871101871,48.1
ENSG00000126787,DLGAP5,0.9271099744245526,39.1
ENSG00000109929,SC5D,0.9271051916281599,367.9
ENSG00000179262,RAD23A,0.9270782250189865,921.7
ENSG00000144837,PLA1A,0.9270444104134762,130.6
ENSG00000162706,CADM3,0.9270402476780185,323.0
ENSG00000177990,DPY19L2,0.9270256410256411,78.0
ENSG00000172803,SNX32,0.9269662921348315,26.7
ENSG00000120053,GOT1,0.9269510904086385,944.6
ENSG00000223648,IGHV3-64,0.926930693069307,30.3
ENSG00000123689,G0S2,0.9268900424728644,1271.4
ENSG00000138613,APH1B,0.9268705035971222,111.2
ENSG00000079385,CEACAM1,0.9268687743611953,230.9
ENSG00000186891,TNFRSF18,0.9268493150684932,36.5
ENSG00000181588,MEX3D,0.9268200270635996,73.9
ENSG00000121753,ADGRB2,0.9268005354752341,74.7
ENSG00000013588,GPRC5A,0.9267997898055702,190.3
ENSG00000043591,ADRB1,0.9267883211678831,27.4
ENSG00000183248,PRR36,0.9267826086956522,46.0
ENSG00000116678,LEPR,0.9267268252666121,121.9
ENSG00000176204,LRRTM4,0.9267256637168141,11.3
ENSG00000136110,CNMD,0.9267226890756303,11.9
ENSG00000115828,QPCT,0.9267036352433764,162.3
ENSG00000078018,MAP2,0.9266631523458092,379.4
ENSG00000154493,C10orf90,0.9266310160427809,18.7
ENSG00000128645,HOXD1,0.9266279069767441,17.2
ENSG00000126264,HCST,0.9265439330543933,239.0
ENSG00000213918,DNASE1,0.9265247252747253,145.6
ENSG00000113569,NUP155,0.9264652567975831,66.2
ENSG00000170464,DNAJC18,0.9264140730717184,73.9
ENSG00000188517,COL25A1,0.9264039408866995,20.3
ENSG00000165802,NSMF,0.9263782296284973,654.1
ENSG00000171885,AQP4,0.9263148984198645,354.4
ENSG00000138587,MNS1,0.9263111111111112,45.0
ENSG00000142606,MMEL1,0.9263025210084034,23.8
ENSG00000060982,BCAT1,0.9262773722627737,54.8
ENSG00000111344,RASAL1,0.9262745098039217,56.1
ENSG00000189120,SP6,0.9262616822429908,21.4
ENSG00000214688,C10orf105,0.92625,12.8
ENSG00000101222,SPEF1,0.926231884057971,27.6
ENSG00000188687,SLC4A5,0.9262168674698796,41.5
ENSG00000174500,GCSAM,0.9262043795620439,27.4
ENSG00000186952,TMEM232,0.9262025316455694,15.8
ENSG00000164418,GRIK2,0.9261999999999999,10.0
ENSG00000100206,DMC1,0.9261818181818181,11.0
ENSG00000133477,FAM83F,0.9261696658097684,38.9
ENSG00000240891,PLCXD2,0.9261313868613139,13.7
ENSG00000164128,NPY1R,0.9261224489795918,112.7
ENSG00000269113,TRABD2B,0.9261083743842363,20.3
ENSG00000129951,PLPPR3,0.9260696517412935,40.2
ENSG00000186792,HYAL3,0.9260641399416909,34.3
ENSG00000248771,SMIM31,0.9260606060606061,23.1
ENSG00000225968,ELFN1,0.9260606060606059,13.2
ENSG00000137825,ITPKA,0.9260034904013962,57.3
ENSG00000112195,TREML2,0.9259854014598541,13.7
ENSG00000064199,SPA17,0.9259400544959128,36.7
ENSG00000204610,TRIM15,0.9259259259259259,16.2
ENSG00000257767,ENSG00000257767,0.9259234608985025,60.1
ENSG00000114812,VIPR1,0.9259193548387097,124.0
ENSG00000173376,NDNF,0.9259163346613545,100.4
ENSG00000259680,IGHV3OR16-17,0.9259030837004406,22.7
ENSG00000183628,DGCR6,0.9258931297709923,196.5
ENSG00000173221,GLRX,0.9258811856629046,806.3
ENSG00000135426,TESPA1,0.9258469259723967,79.7
ENSG00000185905,C16orf54,0.9258097686375322,38.9
ENSG00000249242,TMEM150C,0.9258084772370487,127.4
ENSG00000211659,IGLV3-25,0.9258043526049682,2274.5
ENSG00000188820,CALHM6,0.9257668711656442,130.4
ENSG00000133985,TTC9,0.9257666666666666,60.0
ENSG00000149596,JPH2,0.925709219858156,112.8
ENSG00000211867,TRAJ22,0.9256666666666666,12.0
ENSG00000248712,CCDC153,0.9256652360515021,23.3
ENSG00000147889,CDKN2A,0.9256470588235294,42.5
ENSG00000137441,FGFBP2,0.9256420233463034,51.4
ENSG00000150394,CDH8,0.925625,16.0
ENSG00000117724,CENPF,0.9255696202531647,23.7
ENSG00000181192,DHTKD1,0.9255537190082646,121.0
ENSG00000197165,SULT1A2,0.9255397148676171,49.1
ENSG00000118307,DNAI7,0.9255140186915888,21.4
ENSG00000172031,EPHX4,0.9254929577464788,14.2
ENSG00000100095,SEZ6L,0.92548596112311,46.3
ENSG00000174010,KLHL15,0.9254850746268657,53.6
ENSG00000120149,MSX2,0.9254603174603174,31.5
ENSG00000107331,ABCA2,0.9254463784390792,178.1
ENSG00000145476,CYP4V2,0.9254288407163053,106.1
ENSG00000203772,SPRN,0.9253968253968254,12.6
ENSG00000213886,UBD,0.9253596614950635,141.8
ENSG00000103184,SEC14L5,0.9253561253561253,35.1
ENSG00000137766,UNC13C,0.925323383084577,40.2
ENSG00000085563,ABCB1,0.9252653485952134,96.1
ENSG00000111432,FZD10,0.9252229299363058,15.7
ENSG00000105808,RASA4,0.9252197309417041,223.0
ENSG00000164855,TMEM184A,0.9251986379114644,88.1
ENSG00000066827,ZFAT,0.9251877133105804,29.3
ENSG00000008277,ADAM22,0.9251452282157677,48.2
ENSG00000103710,RASL12,0.925109649122807,273.6
ENSG00000154118,JPH3,0.9251025869759144,112.1
ENSG00000259417,CTXND1,0.9250996015936255,25.1
ENSG00000087510,TFAP2C,0.925089463220676,50.3
ENSG00000183087,GAS6,0.9250787589498808,838.0
ENSG00000132692,BCAN,0.9250042265426882,236.6
ENSG00000177301,KCNA2,0.9250000000000002,33.6
ENSG00000196549,MME,0.9249092645654251,314.1
ENSG00000242371,IGKV1-39,0.9248538622129437,191.6
ENSG00000175701,MTLN,0.9248492257538712,736.2
ENSG00000100678,SLC8A3,0.9248421052631578,19.0
ENSG00000182389,CACNB4,0.9248192771084338,24.9
ENSG00000105649,RAB3A,0.9248103498970892,340.1
ENSG00000211972,IGHV3-66,0.9248000000000001,97.5
ENSG00000136244,IL6,0.924789391575663,256.4
ENSG00000211868,TRAJ21,0.9247787610619469,11.3
ENSG00000162989,KCNJ3,0.9247715736040608,39.4
ENSG00000162951,LRRTM1,0.9247706422018349,21.8
ENSG00000167157,PRRX2,0.9247307692307691,52.0
ENSG00000066248,NGEF,0.924724409448819,139.7
ENSG00000170667,RASA4B,0.9246995708154506,93.2
ENSG00000087237,CETP,0.924697508896797,56.2
ENSG00000211959,IGHV4-39,0.9246907725745899,506.1
ENSG00000186188,FFAR4,0.9246728971962617,10.7
ENSG00000214491,SEC14L6,0.9246700507614213,19.7
ENSG00000136378,ADAMTS7,0.9246689895470384,28.7
ENSG00000258947,TUBB3,0.924641301190822,344.3
ENSG00000140479,PCSK6,0.9246246648793566,149.2
ENSG00000163331,DAPL1,0.9246122309531944,292.7
ENSG00000087884,AAMDC,0.9246074646074645,621.6
ENSG00000257365,FNTB,0.9245634629493763,136.3
ENSG00000204644,ZFP57,0.9245454545454546,17.6
ENSG00000180440,SERTM1,0.9245226130653265,39.8
ENSG00000170577,SIX2,0.9244999999999999,32.0
ENSG00000110848,CD69,0.9244987468671679,159.6
ENSG00000109610,SOD3,0.9244855928200283,1058.5
ENSG00000139352,ASCL1,0.924468085106383,28.2
ENSG00000184160,ADRA2C,0.9244553483807654,101.9
ENSG00000038945,MSR1,0.924452296819788,113.2
ENSG00000211674,IGLJ1,0.924442082890542,94.1
ENSG00000107902,LHPP,0.9244330161995373,388.9
ENSG00000211765,TRBJ2-2,0.9243986254295532,29.1
ENSG00000132744,ACY3,0.9243835616438355,73.0
ENSG00000080823,MOK,0.9242771599657825,116.9
ENSG00000164093,PITX2,0.9242574257425744,40.4
ENSG00000188674,C2orf80,0.9242424242424242,39.6
ENSG00000187902,SHISA7,0.9242276422764228,24.6
ENSG00000143367,TUFT1,0.9242205323193917,105.2
ENSG00000116133,DHCR24,0.9241990521327014,1055.0
ENSG00000115414,FN1,0.9241676054802487,2751.7
ENSG00000078804,TP53INP2,0.9241576576576577,888.0
ENSG00000088992,TESC,0.9241417069243155,310.5
ENSG00000211768,TRBJ2-4,0.9241340782122904,17.9
ENSG00000100453,GZMB,0.9241335453100159,62.9
ENSG00000114115,RBP1,0.9241267512653121,1363.3
ENSG00000147488,ST18,0.924109589041096,21.9
ENSG00000054219,LY75,0.9241039671682626,73.1
ENSG00000020633,RUNX3,0.9241025641025642,66.3
ENSG00000148672,GLUD1,0.9240915959548994,860.3
ENSG00000084628,NKAIN1,0.9240845070422534,28.4
ENSG00000071991,CDH19,0.9240677966101694,35.4
ENSG00000211946,IGHV3-20,0.9240612648221342,202.4
ENSG00000171124,FUT3,0.9240583554376659,150.8
ENSG00000176381,PRR18,0.9240319361277446,50.1
ENSG00000211877,TRAJ12,0.9239999999999998,29.0
ENSG00000157404,KIT,0.9239646464646464,79.2
ENSG00000186205,MTARC1,0.9239626168224297,160.5
ENSG00000143867,OSR1,0.923896103896104,100.1
ENSG00000100167,SEPTIN3,0.9238658777120317,253.5
ENSG00000089847,ANKRD24,0.9238297872340425,32.9
ENSG00000088836,SLC4A11,0.923825857519789,75.8
ENSG00000278535,DHRS11,0.9237696850393701,203.2
ENSG00000163347,CLDN1,0.9237556092509491,289.7
ENSG00000132321,IQCA1,0.9237552742616034,47.4
ENSG00000154839,SKA1,0.92375,11.2
ENSG00000169607,CKAP2L,0.9237096774193548,12.4
ENSG00000107537,PHYH,0.9237039410445369,624.2
ENSG00000161558,TMEM143,0.923691275167785,89.4
ENSG00000211935,IGHV1-3,0.9236372950819671,585.6
ENSG00000162444,RBP7,0.9236187242299297,412.3
ENSG00000148814,LRRC27,0.9236111111111112,72.0
ENSG00000112414,ADGRG6,0.9235714285714285,67.2
ENSG00000160323,ADAMTS13,0.9235519999999998,62.5
ENSG00000128714,HOXD13,0.9235443037974683,15.8
ENSG00000183421,RIPK4,0.9235344827586208,69.6
ENSG00000163600,ICOS,0.9235106382978722,18.8
ENSG00000169313,P2RY12,0.9234844868735083,41.9
ENSG00000134775,FHOD3,0.9234588563458856,143.4
ENSG00000197329,PELI1,0.9234553033811949,215.9
ENSG00000132698,RAB25,0.9233849177106364,407.1
ENSG00000154262,ABCA6,0.9233470507544582,72.9
ENSG00000165046,LETM2,0.9233333333333333,22.2
ENSG00000211445,GPX3,0.9233279369190919,10500.8
ENSG00000170909,OSCAR,0.9233217993079584,28.9
ENSG00000103942,HOMER2,0.9231879981247069,213.3
ENSG00000278661,TRAJ37,0.923166023166023,25.9
ENSG00000078269,SYNJ2,0.9231624674196351,115.1
ENSG00000133958,UNC79,0.923125,12.8
ENSG00000117472,TSPAN1,0.923120057512581,556.4
ENSG00000009694,TENM1,0.9230939226519338,18.1
ENSG00000134955,SLC37A2,0.9230913978494624,74.4
ENSG00000184937,WT1,0.923089430894309,49.2
ENSG00000109182,CWH43,0.9230845771144278,40.2
ENSG00000162188,GNG3,0.923083207912277,465.1
ENSG00000169282,KCNAB1,0.9230382513661202,91.5
ENSG00000157005,SST,0.9229421221864952,622.0
ENSG00000176894,PXMP2,0.9229240162822252,294.8
ENSG00000162144,CYB561A3,0.9229021218343598,292.2
ENSG00000204396,VWA7,0.9229,20.0
ENSG00000188613,NANOS1,0.9228729281767954,36.2
ENSG00000128311,TST,0.9228658865886588,555.5
ENSG00000112280,COL9A1,0.9228451882845187,23.9
ENSG00000129167,TPH1,0.9227956989247312,18.6
ENSG00000129990,SYT5,0.922754716981132,106.0
ENSG00000122188,LAX1,0.9227272727272726,19.8
ENSG00000211964,IGHV3-48,0.9226906277299389,801.3
ENSG00000071539,TRIP13,0.9226523297491039,27.9
ENSG00000165810,BTNL9,0.9226451886392539,235.9
ENSG00000258818,RNASE4,0.9226386404293383,447.2
ENSG00000170419,VSTM2A,0.9226168224299066,32.1
ENSG00000118804,STBD1,0.922584800343495,232.9
ENSG00000073861,TBX21,0.9225454545454546,11.0
ENSG00000196542,SPTSSB,0.9225373134328356,67.0
ENSG00000150627,WDR17,0.9225,26.4
ENSG00000121621,KIF18A,0.9225,12.8
ENSG00000072401,UBE2D1,0.9224634334103157,129.9
ENSG00000171916,LGALS9C,0.9224074074074073,10.8
ENSG00000004776,HSPB6,0.9223986725038835,2832.4
ENSG00000150625,GPM6A,0.9223648208469055,614.0
ENSG00000167654,ATCAY,0.9223320659062105,78.9
ENSG00000278195,SSTR3,0.9223300970873787,10.3
ENSG00000053524,MCF2L2,0.9222699386503068,32.6
ENSG00000167644,C19orf33,0.9222576900754497,689.2
ENSG00000119147,ECRG4,0.9221726479146458,412.4
ENSG00000173805,HAP1,0.922158273381295,41.7
ENSG00000130775,THEMIS2,0.9221544515494344,203.3
ENSG00000008226,DLEC1,0.922122905027933,17.9
ENSG00000163568,AIM2,0.9220833333333335,48.0
ENSG00000140092,FBLN5,0.9220736086175944,668.4
ENSG00000145194,ECE2,0.9220309810671256,58.1
ENSG00000120075,HOXB5,0.922,33.0
ENSG00000127472,PLA2G5,0.9219748653500899,55.7
ENSG00000166523,CLEC4E,0.92193006993007,71.5
ENSG00000241935,HOGA1,0.9219223659889093,54.1
ENSG00000288634,ENSG00000288634,0.921875,25.6
ENSG00000241697,TMEFF1,0.9218604651162791,12.9
ENSG00000101276,SLC52A3,0.9218376068376068,46.8
ENSG00000138271,GPR87,0.9218052256532066,42.1
ENSG00000119711,ALDH6A1,0.9217256011315419,353.5
ENSG00000146729,NIPSNAP2,0.9217119453924915,732.5
ENSG00000104812,GYS1,0.9217118020728854,299.1
ENSG00000104313,EYA1,0.9217040358744393,22.3
ENSG00000165698,SPACA9,0.921685393258427,124.6
ENSG00000123700,KCNJ2,0.9216519174041298,33.9
ENSG00000167851,CD300A,0.9216296296296297,94.5
ENSG00000160183,TMPRSS3,0.9216143497757847,22.3
ENSG00000183963,SMTN,0.9216055045871561,828.4
ENSG00000185760,KCNQ5,0.921578947368421,15.2
ENSG00000152207,CYSLTR2,0.9215740740740741,21.6
ENSG00000198846,TOX,0.9215573770491803,48.8
ENSG00000073756,PTGS2,0.9215201586252477,151.3
ENSG00000006747,SCIN,0.9214500683994529,73.1
ENSG00000146670,CDCA5,0.9214285714285714,50.4
ENSG00000176076,KCNE5,0.9213253012048193,16.6
ENSG00000144283,PKP4,0.9213210354061293,336.1
ENSG00000211976,IGHV3-73,0.9213132075471697,132.5
ENSG00000168143,FAM83B,0.921311475409836,24.4
ENSG00000196090,PTPRT,0.9213043478260868,13.8
ENSG00000106853,PTGR1,0.9212925292529254,555.5
ENSG00000254979,ENSG00000254979,0.9212799999999999,12.5
ENSG00000242766,IGKV1D-17,0.9212727272727272,11.0
ENSG00000120049,KCNIP2,0.9212696198116498,286.7
ENSG00000175879,HOXD8,0.9212539851222104,94.1
ENSG00000174371,EXO1,0.9212195121951219,16.4
ENSG00000182575,NXPH3,0.92121387283237,34.6
ENSG00000188322,SBK1,0.9212093023255812,43.0
ENSG00000156284,CLDN8,0.9211128284389489,64.7
ENSG00000144834,TAGLN3,0.9211040876527603,474.6
ENSG00000177807,KCNJ10,0.9211013986013985,114.4
ENSG00000173597,SULT1B1,0.9210718113612004,93.3
ENSG00000171951,SCG2,0.9210668708524758,391.8
ENSG00000275395,FCGBP,0.9210488058151608,192.6
ENSG00000114948,ADAM23,0.9209511568123393,77.8
ENSG00000110448,CD5,0.9209237875288683,43.3
ENSG00000179750,APOBEC3B,0.9208955223880598,26.8
ENSG00000241644,INMT,0.9208923076923077,195.0
ENSG00000251546,IGKV1D-39,0.9208772914946327,6055.0
ENSG00000006283,CACNA1G,0.9208290155440416,19.3
ENSG00000152932,RAB3C,0.9208150470219435,31.9
ENSG00000253846,PCDHGA10,0.9208053691275169,14.9
ENSG00000160233,LRRC3,0.9207947019867548,15.1
ENSG00000151468,CCDC3,0.920755326016785,309.8
ENSG00000158019,BABAM2,0.920750910619221,356.9
ENSG00000123572,NRK,0.920677966101695,23.6
ENSG00000242076,IGKV1-33,0.9206614349775785,1605.6
ENSG00000099994,SUSD2,0.9206369426751592,94.2
ENSG00000180479,ZNF571,0.9205777166437416,72.7
ENSG00000249992,TMEM158,0.9205555555555556,82.8
ENSG00000267748,ENSG00000267748,0.9205504587155963,10.9
ENSG00000160255,ITGB2,0.9205129699795979,343.1
ENSG00000248905,FMN1,0.9205035971223022,27.8
ENSG00000074410,CA12,0.9204797047970479,271.0
ENSG00000104814,MAP4K1,0.9204355716878402,55.1
ENSG00000211654,IGLV5-37,0.9204145077720207,38.6
ENSG00000196632,WNK3,0.9203603603603605,11.1
ENSG00000180921,FAM83H,0.920352422907489,68.1
ENSG00000089356,FXYD3,0.9203417796110784,1697.0
ENSG00000211955,IGHV3-33,0.920315685036529,2217.4
ENSG00000162998,FRZB,0.920308855972266,317.3
ENSG00000158423,RIBC1,0.9202824858757062,35.4
ENSG00000164303,ENPP6,0.9202797202797203,28.6
ENSG00000163508,EOMES,0.9202649006622518,15.1
ENSG00000236279,CLEC2L,0.9202110817941953,37.9
ENSG00000124205,EDN3,0.9201953125,102.4
ENSG00000136297,MMD2,0.920142857142857,28.0
ENSG00000128710,HOXD10,0.9201041666666666,38.4
ENSG00000121005,CRISPLD1,0.9200000000000002,66.0
ENSG00000186810,CXCR3,0.9200000000000002,15.3
ENSG00000184232,OAF,0.92,407.9
ENSG00000186854,TRABD2A,0.9199999999999998,40.2
ENSG00000166900,STX3,0.9199517241379308,290.0
ENSG00000211660,IGLV2-23,0.9199331058933707,1494.9
ENSG00000282639,IGHV3-64D,0.9199288818648754,253.1
ENSG00000164690,SHH,0.9198675496688742,15.1
ENSG00000197142,ACSL5,0.9198176441596846,405.8
ENSG00000003987,MTMR7,0.9197718631178708,26.3
ENSG00000125388,GRK4,0.9197474747474748,39.6
ENSG00000054654,SYNE2,0.919719827586207,185.6
ENSG00000077420,APBB1IP,0.9197191426459719,135.3
ENSG00000183831,ANKRD45,0.9196638655462186,11.9
ENSG00000078328,RBFOX1,0.9196534653465346,80.8
ENSG00000060558,GNA15,0.9196177062374246,99.4
ENSG00000110063,DCPS,0.9195974842767295,79.5
ENSG00000211644,IGLV1-51,0.9195409952187004,2823.5
ENSG00000121316,PLBD1,0.9195335061088484,270.1
ENSG00000150337,FCGR1A,0.9195157894736843,95.0
ENSG00000171450,CDK5R2,0.9195121951219513,57.4
ENSG00000167971,CASKIN1,0.9195113438045374,57.3
ENSG00000099889,ARVCF,0.9195047619047619,52.5
ENSG00000169242,EFNA1,0.9194921301154249,476.5
ENSG00000052749,RRP12,0.9194644935972061,85.9
ENSG00000278857,IGKV1D-12,0.9194618834080716,44.6
ENSG00000213023,SYT3,0.9194285714285714,24.5
ENSG00000128218,VPREB3,0.9194043321299639,110.8
ENSG00000007129,CEACAM21,0.9193939393939395,16.5
ENSG00000188783,PRELP,0.9193583868010998,545.5
ENSG00000157087,ATP2B2,0.9193181818181819,88.0
ENSG00000165244,ZNF367,0.919268292682927,24.6
ENSG00000179921,GPBAR1,0.9192642140468229,29.9
ENSG00000004468,CD38,0.9192529711375214,58.9
ENSG00000146192,FGD2,0.9192424242424242,39.6
ENSG00000197977,ELOVL2,0.9192260692464359,49.1
ENSG00000100583,SAMD15,0.9192,15.0
ENSG00000105278,ZFR2,0.919197080291971,27.4
ENSG00000142494,SLC47A1,0.919150641025641,124.8
ENSG00000188001,TPRG1,0.9191038696537678,49.1
ENSG00000185652,NTF3,0.9190943396226414,26.5
ENSG00000177511,ST8SIA3,0.919063829787234,23.5
ENSG00000203952,CCDC160,0.9190243902439025,12.3
ENSG00000080031,PTPRH,0.9190092879256965,64.6
ENSG00000134242,PTPN22,0.918941504178273,35.9
ENSG00000211666,IGLV2-14,0.9189401123640276,5019.4
ENSG00000121898,CPXM2,0.918926780341023,199.4
ENSG00000135766,EGLN1,0.9189045936395759,396.2
ENSG00000046653,GPM6B,0.9188893587033122,709.5
ENSG00000139364,TMEM132B,0.91888,12.5
ENSG00000156970,BUB1B,0.918855421686747,33.2
ENSG00000188372,ZP3,0.918848167539267,19.1
ENSG00000163453,IGFBP7,0.9188432586946165,4198.0
ENSG00000244437,IGKV3-15,0.9188162060638584,1863.5
ENSG00000169507,SLC38A11,0.9188157894736844,30.4
ENSG00000066926,FECH,0.9187500000000002,36.8
ENSG00000099617,EFNA2,0.9187301587301587,12.6
ENSG00000186638,KIF24,0.9186666666666664,10.5
ENSG00000181649,PHLDA2,0.918638184245661,74.9
ENSG00000149575,SCN2B,0.9186335403726709,48.3
ENSG00000228727,SAPCD1,0.9186181818181819,27.5
ENSG00000186479,RGS7BP,0.9186175115207373,21.7
ENSG00000213420,GPC2,0.9185964912280702,11.4
ENSG00000183807,FAM162B,0.91859477124183,61.2
ENSG00000183287,CCBE1,0.91859375,25.6
ENSG00000137713,PPP2R1B,0.9185723641126391,152.7
ENSG00000158008,EXTL1,0.9185064935064936,30.8
ENSG00000211669,IGLV3-10,0.9185007587253415,659.0
ENSG00000128242,GAL3ST1,0.9184917043740571,66.3
ENSG00000163710,PCOLCE2,0.918485294117647,136.0
ENSG00000203780,FANK1,0.9184829721362229,64.6
ENSG00000113231,PDE8B,0.9184747215081406,116.7
ENSG00000106701,FSD1L,0.9184538653366583,40.1
ENSG00000242689,CNTF,0.918448275862069,11.6
ENSG00000173546,CSPG4,0.9184417670682731,124.5
ENSG00000070731,ST6GALNAC2,0.9184278768233389,123.4
ENSG00000111640,GAPDH,0.9184190099561589,25843.3
ENSG00000180745,CLRN3,0.9184028605482717,83.9
ENSG00000211970,IGHV4-61,0.9183444444444443,360.0
ENSG00000009790,TRAF3IP3,0.9183209876543209,121.5
ENSG00000125319,HROB,0.9183177570093457,10.7
ENSG00000211648,IGLV1-47,0.9182918572192196,1683.7
ENSG00000124194,GDAP1L1,0.918287560581583,61.9
ENSG00000205362,MT1A,0.9182804288417071,475.7
ENSG00000165646,SLC18A2,0.9181868131868133,36.4
ENSG00000155367,PPM1J,0.918169014084507,71.0
ENSG00000163913,IFT122,0.9181447963800903,44.2
ENSG00000103150,MLYCD,0.918118811881188,20.2
ENSG00000137757,CASP5,0.9181012658227848,15.8
ENSG00000078295,ADCY2,0.9180967238689546,64.1
ENSG00000006611,USH1C,0.9180869565217391,92.0
ENSG00000143499,SMYD2,0.9180718954248366,183.6
ENSG00000183780,SLC35F3,0.9180645161290325,15.5
ENSG00000163564,PYHIN1,0.9180555555555556,21.6
ENSG00000172346,CSDC2,0.918003992015968,300.6
ENSG00000119042,SATB2,0.9179870129870129,30.8
ENSG00000160460,SPTBN4,0.917983870967742,24.8
ENSG00000100427,MLC1,0.9179646399310047,231.9
ENSG00000115380,EFEMP1,0.9179507107066164,977.9
ENSG00000111275,ALDH2,0.9179411030696281,801.4
ENSG00000168453,HR,0.9178867924528303,53.0
ENSG00000125148,MT2A,0.9178505126991638,15847.5
ENSG00000132170,PPARG,0.9178459530026111,153.2
ENSG00000165186,PTCHD1,0.9178378378378376,11.1
ENSG00000100276,RASL10A,0.9178294573643412,38.7
ENSG00000174137,FAM53A,0.9178294573643412,12.9
ENSG00000128165,ADM2,0.9178082191780823,14.6
ENSG00000188522,FAM83G,0.9177914110429447,65.2
ENSG00000149571,KIRREL3,0.9177443609022556,26.6
ENSG00000185345,PRKN,0.9177443609022556,26.6
ENSG00000150551,LYPD1,0.9177335984095427,50.3
ENSG00000188761,BCL2L15,0.9176904176904176,40.7
ENSG00000151287,TEX30,0.9175783972125434,114.8
ENSG00000127561,SYNGR3,0.9175757575757575,125.4
ENSG00000134873,CLDN10,0.917560106856634,112.3
ENSG00000211678,IGLJ3,0.9175226005000963,519.9
ENSG00000109576,AADAT,0.917511961722488,62.7
ENSG00000197859,ADAMTSL2,0.9175,71.2
ENSG00000168993,CPLX1,0.9174978354978356,231.0
ENSG00000249437,NAIP,0.9174838709677418,31.0
ENSG00000135451,TROAP,0.917432712215321,48.3
ENSG00000126262,FFAR2,0.9174285714285714,21.0
ENSG00000167641,PPP1R14A,0.9174097770047827,1609.9
ENSG00000161405,IKZF3,0.9173958333333333,38.4
ENSG00000246922,UBAP1L,0.9173877551020406,24.5
ENSG00000110934,BIN2,0.9173667711598746,95.7
ENSG00000182601,HS3ST4,0.9173652694610779,16.7
ENSG00000197296,FITM2,0.9173397435897435,62.4
ENSG00000184524,CEND1,0.9173270893371759,277.6
ENSG00000053702,NRIP2,0.9172972972972973,55.5
ENSG00000159713,TPPP3,0.9172656346749225,807.5
ENSG00000241186,TDGF1,0.9172588832487311,19.7
ENSG00000250036,IGKV1D-37,0.9172486772486772,18.9
ENSG00000135723,FHOD1,0.9172436974789915,119.0
ENSG00000176208,ATAD5,0.9172413793103447,11.6
ENSG00000116176,TPSG1,0.917205882352941,13.6
ENSG00000076662,ICAM3,0.9171804062126644,167.4
ENSG00000183783,KCTD8,0.9171597633136095,16.9
ENSG00000162433,AK4,0.9171411695215592,169.3
ENSG00000151651,ADAM8,0.9171296296296296,64.8
ENSG00000109944,JHY,0.917065868263473,33.4
ENSG00000146005,PSD2,0.9170343137254904,81.6
ENSG00000275302,CCL4,0.9170313358988453,181.9
ENSG00000133135,RNF128,0.9170128755364807,116.5
ENSG00000211779,TRAV5,0.917,12.0
ENSG00000109846,CRYAB,0.9169788187063468,10537.6
ENSG00000081803,CADPS2,0.9169776119402985,160.8
ENSG00000205704,SMIM45,0.916974358974359,39.0
ENSG00000162728,KCNJ9,0.9169740634005764,69.4
ENSG00000139144,PIK3C2G,0.9169607843137254,20.4
ENSG00000160111,CPAMD8,0.9169364161849711,34.6
ENSG00000129195,PIMREG,0.916923076923077,13.0
ENSG00000242110,AMACR,0.9169093078758948,167.6
ENSG00000132975,GPR12,0.916896551724138,11.6
ENSG00000136630,HLX,0.9168945538818077,86.3
ENSG00000137648,TMPRSS4,0.9168910648714811,81.7
ENSG00000146410,MTFR2,0.9168831168831169,15.4
ENSG00000168490,PHYHIP,0.9168827427254395,347.1
ENSG00000182379,NXPH4,0.916864864864865,18.5
ENSG00000204278,TMEM235,0.9168586387434555,38.2
ENSG00000241351,IGKV3-11,0.9168389752973468,2623.2
ENSG00000078487,ZCWPW1,0.9168156424581007,35.8
ENSG00000211952,IGHV4-28,0.9167881944444445,115.2
ENSG00000075234,TTC38,0.9167844522968198,226.4
ENSG00000128342,LIF,0.9167375886524823,84.6
ENSG00000049449,RCN1,0.9167174715225412,623.3
ENSG00000160318,CLDND2,0.9166125290023202,43.1
ENSG00000075218,GTSE1,0.9165934065934066,18.2
ENSG00000225698,IGHV3-72,0.9165819456617003,114.1
ENSG00000184260,H2AC20,0.9165690376569038,23.9
ENSG00000176402,GJC3,0.9165517241379311,11.6
ENSG00000123496,IL13RA2,0.9164590163934427,30.5
ENSG00000131773,KHDRBS3,0.9164377974167234,147.1
ENSG00000006576,PHTF2,0.916423076923077,104.0
ENSG00000196369,SRGAP2B,0.9164221824686942,55.9
ENSG00000094755,GABRP,0.9163816604708798,161.4
ENSG00000198805,PNP,0.916372869060573,551.4
ENSG00000232434,AJM1,0.9163581183611532,65.9
ENSG00000159915,ZNF233,0.9163235294117646,13.6
ENSG00000138772,ANXA3,0.9163220551378446,319.2
ENSG00000166927,MS4A7,0.9163155051323608,185.1
ENSG00000176920,FUT2,0.9163103448275861,58.0
ENSG00000188833,ENTPD8,0.9163076923076923,26.0
ENSG00000158517,NCF1,0.9162985685071576,97.8
ENSG00000161082,CELF5,0.9162931034482759,23.2
ENSG00000167757,KLK11,0.9162005785920927,311.1
ENSG00000110777,POU2AF1,0.9161930294906164,111.9
ENSG00000135740,SLC9A5,0.916179775280899,17.8
ENSG00000138160,KIF11,0.9161473087818695,35.3
ENSG00000059804,SLC2A3,0.9160633036597429,404.4
ENSG00000187416,LHFPL3,0.9160583941605839,13.7
ENSG00000204851,PNMA8B,0.9160363636363636,55.0
ENSG00000136830,NIBAN2,0.9159952686718487,591.8
ENSG00000134061,CD180,0.9159633027522937,21.8
ENSG00000121742,GJB6,0.9159416195856874,212.4
ENSG00000100365,NCF4,0.9159130945390488,170.3
ENSG00000181790,ADGRB1,0.915913043478261,46.0
ENSG00000169218,RSPO1,0.9158944281524926,34.1
ENSG00000242852,ZNF709,0.9158904109589042,14.6
ENSG00000182993,C12orf60,0.9158620689655171,14.5
ENSG00000282651,IGHV5-10-1,0.915841059602649,528.5
ENSG00000233670,PIRT,0.9157983193277311,11.9
ENSG00000147138,GPR174,0.915796178343949,15.7
ENSG00000211857,TRAJ32,0.91578231292517,14.7
ENSG00000178562,CD28,0.9157491289198607,28.7
ENSG00000114757,PEX5L,0.9157419354838708,46.5
ENSG00000154319,FAM167A,0.9157114228456915,49.9
ENSG00000159307,SCUBE1,0.9156910569105691,24.6
ENSG00000108932,SLC16A6,0.9156542056074766,42.8
ENSG00000105519,CAPS,0.9156176563988567,314.9
ENSG00000123643,SLC36A1,0.9155876288659793,97.0
ENSG00000106541,AGR2,0.9155389379862526,1323.9
ENSG00000106278,PTPRZ1,0.9155348837209303,150.5
ENSG00000126353,CCR7,0.9155273189326558,78.7
ENSG00000131389,SLC6A6,0.9155089820359279,133.6
ENSG00000116983,HPCAL4,0.9154938775510204,122.5
ENSG00000129038,LOXL1,0.915482912332838,67.3
ENSG00000137558,PI15,0.9154775828460038,51.3
ENSG00000116299,ELAPOR1,0.9154673495518567,156.2
ENSG00000182685,BRICD5,0.9154568315171834,119.3
ENSG00000088325,TPX2,0.9154503816793893,65.5
ENSG00000166111,SVOP,0.9153968253968254,25.2
ENSG00000162511,LAPTM5,0.915355848434926,1214.0
ENSG00000163285,GABRG1,0.9153110047846889,20.9
ENSG00000163017,ACTG2,0.9153110036505002,8437.2
ENSG00000105011,ASF1B,0.915303867403315,36.2
ENSG00000167178,ISLR2,0.9152258064516129,15.5
ENSG00000041982,TNC,0.9151933825173262,447.3
ENSG00000142959,BEST4,0.9151923076923074,20.8
ENSG00000142347,MYO1F,0.9151827956989247,93.0
ENSG00000006837,CDKL3,0.9151824817518249,13.7
ENSG00000254415,SIGLEC14,0.9151818181818182,22.0
ENSG00000144214,LYG1,0.9151111111111111,22.5
ENSG00000143479,DYRK3,0.9150446428571428,44.8
ENSG00000143753,DEGS1,0.9149960411718132,505.2
ENSG00000183346,CABCOCO1,0.9149800796812749,25.1
ENSG00000183844,FAM3B,0.9149713093375063,191.7
ENSG00000162148,PPP1R32,0.9149448123620308,90.6
ENSG00000041353,RAB27B,0.914916067146283,41.7
ENSG00000166897,ELFN2,0.9149132947976878,17.3
ENSG00000127743,IL17B,0.9149056603773584,10.6
ENSG00000133083,DCLK1,0.914898177920686,93.3
ENSG00000175591,P2RY2,0.9148497854077253,46.6
ENSG00000145920,CPLX2,0.914832142083604,461.7
ENSG00000145287,PLAC8,0.9148263888888887,345.6
ENSG00000211973,IGHV1-69,0.9148227848101267,158.0
ENSG00000164089,ETNPPL,0.9148204158790169,264.5
ENSG00000102287,GABRE,0.9148148148148149,13.5
ENSG00000273238,TMEM271,0.914795918367347,19.6
ENSG00000134317,GRHL1,0.9147689625108981,114.7
ENSG00000102003,SYP,0.9147674695921774,419.3
ENSG00000156869,FRRS1,0.9146816479400749,26.7
ENSG00000170786,SDR16C5,0.9146105263157895,47.5
ENSG00000161638,ITGA5,0.914605424560447,733.7
ENSG00000124602,UNC5CL,0.9145756457564578,54.2
ENSG00000108309,RUNDC3A,0.9145698924731183,297.6
ENSG00000131828,PDHA1,0.9145510835913313,419.9
ENSG00000101883,RHOXF1,0.9145333333333334,15.0
ENSG00000013293,SLC7A14,0.9145333333333333,15.0
ENSG00000101255,TRIB3,0.914466501240695,80.6
ENSG00000099954,CECR2,0.9144262295081966,18.3
ENSG00000214530,STARD10,0.9144031531531531,710.4
ENSG00000164742,ADCY1,0.914349593495935,49.2
ENSG00000173334,TRIB1,0.9143154848046309,345.5
ENSG00000100218,RSPH14,0.9142971887550202,24.9
ENSG00000102802,MEDAG,0.9142874922215307,160.7
ENSG00000087250,MT3,0.9142846131886954,7006.0
ENSG00000163431,LMOD1,0.9142557932263814,897.6
ENSG00000178199,ZC3H12D,0.9142372881355932,11.8
ENSG00000152270,PDE3B,0.9141914191419142,60.6
ENSG00000116701,NCF2,0.9141897565071369,119.1
ENSG00000152229,PSTPIP2,0.9141520467836257,68.4
ENSG00000038427,VCAN,0.9140943506115318,171.7
ENSG00000172828,CES3,0.9140900195694717,51.1
ENSG00000111665,CDCA3,0.9140776699029126,61.8
ENSG00000108846,ABCC3,0.9140447504302925,58.1
ENSG00000145721,LIX1,0.9140253164556963,39.5
ENSG00000160867,FGFR4,0.9140122699386503,81.5
ENSG00000173801,JUP,0.9139013452914798,914.3
ENSG00000175857,GAPT,0.9139007092198582,28.2
ENSG00000163739,CXCL1,0.9138746268656717,167.5
ENSG00000188277,C15orf62,0.9138582677165354,25.4
ENSG00000163536,SERPINI1,0.9138426078366809,303.7
ENSG00000180667,YOD1,0.9138155515370705,55.3
ENSG00000143851,PTPN7,0.9138028169014085,71.0
ENSG00000163462,TRIM46,0.9137674418604651,21.5
ENSG00000186074,CD300LF,0.9137543859649122,28.5
ENSG00000188191,PRKAR1B,0.913729662077597,319.6
ENSG00000140511,HAPLN3,0.9137011494252874,43.5
ENSG00000143171,RXRG,0.9136480686695279,46.6
ENSG00000146094,DOK3,0.9136425339366515,88.4
ENSG00000211942,IGHV3-13,0.9136399064692128,128.3
ENSG00000281990,IGHV1-69-2,0.9136322869955156,44.6
ENSG00000065609,SNAP91,0.9136242884250475,105.4
ENSG00000173156,RHOD,0.9136133548734519,185.7
ENSG00000130559,CAMSAP1,0.9136057201225739,97.9
ENSG00000148426,PROSER2,0.9135500000000001,40.0
ENSG00000183397,TEKTIP1,0.9134864300626304,47.9
ENSG00000183186,C2CD4C,0.9134814814814814,27.0
ENSG00000112312,GMNN,0.91346171480972,218.1
ENSG00000240694,PNMA2,0.913438874230431,113.7
ENSG00000154678,PDE1C,0.9134306569343066,54.8
ENSG00000127533,F2RL3,0.9133939393939395,33.0
ENSG00000155265,GOLGA7B,0.913381555153707,55.3
ENSG00000164889,SLC4A2,0.9133006042296071,264.8
ENSG00000136286,MYO1G,0.9132846715328469,41.1
ENSG00000106477,CEP41,0.9131923890063425,47.3
ENSG00000125851,PCSK2,0.9131734317343175,54.2
ENSG00000214456,PLIN5,0.9131663326653304,199.6
ENSG00000184897,H1-10,0.9131513490725126,948.8
ENSG00000161328,LRRC56,0.9131455399061033,21.3
ENSG00000162639,HENMT1,0.9131352154531946,67.3
ENSG00000107954,NEURL1,0.913127753303965,136.2
ENSG00000160345,PIERCE1,0.9130415754923413,91.4
ENSG00000071282,LMCD1,0.9130404021597468,537.1
ENSG00000100146,SOX10,0.913030303030303,151.8
ENSG00000270550,IGHV3-30,0.9130172913047074,1208.7
ENSG00000129646,QRICH2,0.9129577464788733,21.3
ENSG00000107242,PIP5K1B,0.9129559748427671,111.3
ENSG00000121310,ECHDC2,0.9129519450800915,174.8
ENSG00000196388,INCA1,0.9129284164859003,46.1
ENSG00000116711,PLA2G4A,0.9129268292682927,82.0
ENSG00000152763,DNAI4,0.9128875379939209,32.9
ENSG00000139410,SDSL,0.9128515625,102.4
ENSG00000173894,CBX2,0.9128455284552845,12.3
ENSG00000105255,FSD1,0.9127953890489912,34.7
ENSG00000116544,DLGAP3,0.9127853881278537,43.8
ENSG00000146038,DCDC2,0.9127710843373493,24.9
ENSG00000010671,BTK,0.9127591706539075,62.7
ENSG00000115598,IL1RL2,0.9127586206896552,11.6
ENSG00000080854,IGSF9B,0.9127069351230426,44.7
ENSG00000203747,FCGR3A,0.9127017543859648,285.0
ENSG00000211677,IGLC2,0.9125907756903235,18672.4
ENSG00000162194,LBHD1,0.9125842696629212,53.4
ENSG00000203499,IQANK1,0.9125440806045338,39.7
ENSG00000103021,CCDC113,0.912517006802721,29.4
ENSG00000196814,MVB12B,0.9124909747292418,110.8
ENSG00000142528,ZNF473,0.9124747474747474,39.6
ENSG00000143669,LYST,0.9124335378323107,97.8
ENSG00000180901,KCTD2,0.9124,10.0
ENSG00000224041,IGKV3D-15,0.9123915343915343,189.0
ENSG00000155749,FLACC1,0.9123749999999999,16.0
ENSG00000121211,MND1,0.9123694779116466,24.9
ENSG00000173200,PARP15,0.9123618090452261,59.7
ENSG00000140968,IRF8,0.9122534491568728,195.7
ENSG00000056487,PHF21B,0.9122222222222222,18.0
ENSG00000183044,ABAT,0.9122091584158416,323.2
ENSG00000166450,PRTG,0.9122,10.0
ENSG00000151917,BEND6,0.9121700223713646,44.7
ENSG00000167895,TMC8,0.9121514312096031,108.3
ENSG00000116147,TNR,0.912133676092545,38.9
ENSG00000198483,ANKRD35,0.9120826161790017,58.1
ENSG00000129810,SGO1,0.9120661157024793,12.1
ENSG00000135678,CPM,0.9120574162679425,146.3
ENSG00000171680,PLEKHG5,0.9120400858983537,139.7
ENSG00000168421,RHOH,0.9120282542885976,99.1
ENSG00000211949,IGHV3-23,0.9119934102141678,2792.2
ENSG00000168389,MFSD2A,0.9119688109161792,153.9
ENSG00000126733,DACH2,0.911923076923077,10.4
ENSG00000011201,ANOS1,0.9118918918918919,40.7
ENSG00000184486,POU3F2,0.9118918918918919,11.1
ENSG00000187773,DIPK1C,0.9118457300275483,36.3
ENSG00000105173,CCNE1,0.9118100890207714,33.7
ENSG00000182985,CADM1,0.9117823639774858,266.5
ENSG00000143702,CEP170,0.9117743830787309,85.1
ENSG00000261857,MIA,0.9117615176151762,73.8
ENSG00000139220,PPFIA2,0.9117241379310345,46.4
ENSG00000211967,IGHV3-53,0.9116831683168317,121.2
ENSG00000030419,IKZF2,0.9116449086161879,38.3
ENSG00000139155,SLCO1C1,0.9116326530612247,19.6
ENSG00000175463,TBC1D10C,0.9116176470588235,68.0
ENSG00000171757,LRRC34,0.911596638655462,11.9
ENSG00000240864,IGKV1-16,0.9115900933237617,557.2
ENSG00000172243,CLEC7A,0.9115549936788875,79.1
ENSG00000112419,PHACTR2,0.9115365239294708,79.4
ENSG00000268182,SMIM17,0.9114925373134328,13.4
ENSG00000115616,SLC9A2,0.9114859437751004,24.9
ENSG00000105696,TMEM59L,0.9114469078179697,342.8
ENSG00000187193,MT1X,0.9114421917341771,7048.3
ENSG00000034971,MYOC,0.911411992263056,103.4
ENSG00000154451,GBP5,0.9114074074074072,40.5
ENSG00000274070,CASTOR2,0.9113452188006483,61.7
ENSG00000120251,GRIA2,0.9113451776649747,78.8
ENSG00000173369,C1QB,0.9113309608540925,1405.0
ENSG00000130768,SMPDL3B,0.9113304721030043,46.6
ENSG00000157368,IL34,0.9112850241545893,103.5
ENSG00000168280,KIF5C,0.9112741312741313,51.8
ENSG00000118322,ATP10B,0.9112354312354313,42.9
ENSG00000144648,ACKR2,0.9112000000000002,15.0
ENSG00000054803,CBLN4,0.9111904761904762,16.8
ENSG00000131398,KCNC3,0.9111816578483246,56.7
ENSG00000182795,C1orf116,0.911131498470948,98.1
ENSG00000148841,ITPRIP,0.9110983862571578,192.1
ENSG00000214694,ARHGEF33,0.9110857142857144,17.5
ENSG00000148735,PLEKHS1,0.9110822510822509,46.2
ENSG00000118495,PLAGL1,0.9110766580534022,232.2
ENSG00000187848,P2RX2,0.9110679611650486,20.6
ENSG00000128578,STRIP2,0.9110502283105022,43.8
ENSG00000079156,OSBPL6,0.9110191082802548,31.4
ENSG00000166793,YPEL4,0.9109793814432987,38.8
ENSG00000174469,CNTNAP2,0.9109770114942529,34.8
ENSG00000180758,GPR157,0.9109318996415771,55.8
ENSG00000012124,CD22,0.9109023255813955,215.0
ENSG00000197119,SLC25A29,0.9108644400785855,407.2
ENSG00000163075,CFAP221,0.9108633093525181,27.8
ENSG00000170779,CDCA4,0.9108365019011405,52.6
ENSG00000242173,ARHGDIG,0.9108306188925082,245.6
ENSG00000186907,RTN4RL2,0.9107936507936509,37.8
ENSG00000074706,IPCEF1,0.9107647058823531,34.0
ENSG00000106004,HOXA5,0.910721649484536,77.6
ENSG00000135406,PRPH,0.9107142857142857,30.8
ENSG00000185352,HS6ST3,0.9106832298136645,16.1
ENSG00000221818,EBF2,0.9106586826347305,16.7
ENSG00000108950,FAM20A,0.9105932203389833,23.6
ENSG00000018625,ATP1A2,0.9105776916555649,825.7
ENSG00000244274,DBNDD2,0.910568348536072,1567.7
ENSG00000173208,ABCD2,0.9105405405405405,14.8
ENSG00000165644,COMTD1,0.9105056759545923,96.9
ENSG00000134532,SOX5,0.9104109589041097,29.2
ENSG00000108830,RND2,0.9103781512605041,95.2
ENSG00000171119,NRTN,0.9103703703703704,18.9
ENSG00000109265,CRACD,0.9103649635036496,27.4
ENSG00000187398,LUZP2,0.9103614457831326,16.6
ENSG00000159348,CYB5R1,0.9102923778942033,591.7
ENSG00000181036,FCRL6,0.9101666666666667,12.0
ENSG00000170571,EMB,0.910155183116077,161.1
ENSG00000196569,LAMA2,0.9101516245487363,138.5
ENSG00000165695,AK8,0.9101234567901235,24.3
ENSG00000167964,RAB26,0.9101204819277107,116.2
ENSG00000141582,CBX4,0.9100975609756098,123.0
ENSG00000204410,MSH5,0.9100884955752211,11.3
ENSG00000183813,CCR4,0.9100826446280992,12.1
ENSG00000243290,IGKV1-12,0.9100529819318026,736.1
ENSG00000164142,FHIP1A,0.910030959752322,32.3
ENSG00000171388,APLN,0.91,50.8
ENSG00000211698,TRGV4,0.9099999999999998,10.4
ENSG00000159733,ZFYVE28,0.9099667774086379,60.2
ENSG00000164107,HAND2,0.9099604743083003,101.2
ENSG00000140297,GCNT3,0.9099477221807319,133.9
ENSG00000197599,CCDC154,0.9099159663865545,11.9
ENSG00000174672,BRSK2,0.9098762886597938,97.0
ENSG00000101282,RSPO4,0.9098275862068966,11.6
ENSG00000137491,SLCO2B1,0.9097902097902099,214.5
ENSG00000132932,ATP8A2,0.9097752808988764,17.8
ENSG00000176153,GPX2,0.9097501622323166,616.4
ENSG00000143819,EPHX1,0.909724609497522,1594.1
ENSG00000151726,ACSL1,0.909705304518664,1068.9
ENSG00000168060,NAALADL1,0.9096673596673598,96.2
ENSG00000109956,B3GAT1,0.9096342737722048,191.4
ENSG00000129355,CDKN2D,0.9096191187453325,267.8
ENSG00000185250,PPIL6,0.9096119402985074,33.5
ENSG00000179776,CDH5,0.9095895354082093,221.7
ENSG00000180739,S1PR5,0.9095867768595041,48.4
ENSG00000003989,SLC7A2,0.909573055028463,210.8
ENSG00000205560,CPT1B,0.9095667550839964,226.2
ENSG00000135931,ARMC9,0.9095566502463055,40.6
ENSG00000149476,TKFC,0.9094870380584666,181.3
ENSG00000276070,CCL4L2,0.9094389438943894,30.3
ENSG00000137563,GGH,0.9094164305949008,176.5
ENSG00000115163,CENPA,0.9093548387096775,12.4
ENSG00000172818,OVOL1,0.9093501805054153,55.4
ENSG00000076382,SPAG5,0.9093203883495146,72.1
ENSG00000196104,SPOCK3,0.9093139040680023,164.7
ENSG00000130477,UNC13A,0.9092999999999999,40.0
ENSG00000198597,ZNF536,0.9092763157894739,30.4
ENSG00000169679,BUB1,0.9092579505300352,28.3
ENSG00000205364,MT1M,0.9092016612828796,1516.9
ENSG00000050344,NFE2L3,0.9091640866873065,32.3
ENSG00000117091,CD48,0.9091114457831324,265.6
ENSG00000104447,TRPS1,0.909103690685413,56.9
ENSG00000069869,NEDD4,0.9090995260663506,63.3
ENSG00000128886,ELL3,0.909037037037037,54.0
ENSG00000078589,P2RY10,0.9090272373540855,25.7
ENSG00000165410,CFL2,0.9090189685832839,674.8
ENSG00000059728,MXD1,0.9089499389499391,163.8
ENSG00000103599,IQCH,0.9088888888888889,10.8
ENSG00000093009,CDC45,0.9088721804511277,26.6
ENSG00000146085,MMUT,0.9088554540569587,186.1
ENSG00000196196,HRCT1,0.908828125,51.2
ENSG00000198673,TAFA2,0.908804347826087,18.4
ENSG00000104894,CD37,0.9087344487344489,233.1
ENSG00000180871,CXCR2,0.9087254901960784,40.8
ENSG00000197467,COL13A1,0.9087234042553192,28.2
ENSG00000180879,SSR4,0.908657325533941,2940.4
ENSG00000109193,SULT1E1,0.9086455331412104,34.7
ENSG00000146373,RNF217,0.9086153846153847,39.0
ENSG00000171848,RRM2,0.9086136783733827,54.1
ENSG00000155511,GRIA1,0.9086131386861314,54.8
ENSG00000154548,SRSF12,0.9085981308411216,10.7
ENSG00000143882,ATP6V1C2,0.9085185185185185,97.2
ENSG00000165434,PGM2L1,0.9085175202156335,37.1
ENSG00000063180,CA11,0.9084891808346214,517.6
ENSG00000196155,PLEKHG4,0.9084788029925187,40.1
ENSG00000078043,PIAS2,0.9084713375796178,62.8
ENSG00000112562,SMOC2,0.9084628585437607,407.9
ENSG00000170955,CAVIN3,0.9084473324213407,292.4
ENSG00000179918,SEPHS2,0.9083373110580747,377.1
ENSG00000115457,IGFBP2,0.9083096613079447,1281.4
ENSG00000167614,TTYH1,0.9082847587195414,418.6
ENSG00000241566,IGKV2D-24,0.9082666666666668,30.0
ENSG00000267318,ENSG00000267318,0.9082553191489363,23.5
ENSG00000178115,GOLGA8Q,0.9082499999999999,16.0
ENSG00000198417,MT1F,0.9082139307977234,1106.9
ENSG00000187922,LCN10,0.9081967213114752,30.5
ENSG00000151929,BAG3,0.9081961184882533,489.5
ENSG00000183570,PCBP3,0.9081638044914133,75.7
ENSG00000163501,IHH,0.908135593220339,17.7
ENSG00000082641,NFE2L1,0.9081262761111982,1273.4
ENSG00000104147,OIP5,0.9081025641025638,19.5
ENSG00000141401,IMPA2,0.9080827178729689,338.5
ENSG00000095203,EPB41L4B,0.9080539772727273,140.8
ENSG00000184226,PCDH9,0.9080208333333334,38.4
ENSG00000146021,KLHL3,0.9079732739420935,44.9
ENSG00000196876,SCN8A,0.9079289940828401,16.9
ENSG00000144369,FAM171B,0.907921686746988,66.4
ENSG00000133816,MICAL2,0.9079015918958033,138.2
ENSG00000129194,SOX15,0.9078463329452852,85.9
ENSG00000255112,CHMP1B,0.9077864809979694,344.7
ENSG00000176244,ACBD7,0.9077650429799426,69.8
ENSG00000144847,IGSF11,0.9077185501066098,46.9
ENSG00000183688,RFLNB,0.9077006802721087,73.5
ENSG00000162461,SLC25A34,0.9076781609195403,43.5
ENSG00000100625,SIX4,0.9076712328767124,14.6
ENSG00000100116,GCAT,0.9076399394856278,132.2
ENSG00000206535,LNP1,0.9076346604215456,42.7
ENSG00000149639,SOGA1,0.9076203966005666,70.6
ENSG00000241399,CD302,0.9075938189845475,181.2
ENSG00000002587,HS3ST1,0.9075767918088737,29.3
ENSG00000198729,PPP1R14C,0.907530454042082,90.3
ENSG00000112984,KIF20A,0.9075109170305677,22.9
ENSG00000169710,FASN,0.9074718638484767,364.3
ENSG00000197921,HES5,0.9074509803921569,15.3
ENSG00000036672,USP2,0.9074492385786802,157.6
ENSG00000177981,ASB8,0.9074269005847952,273.6
ENSG00000157193,LRP8,0.9074226804123711,38.8
ENSG00000056736,IL17RB,0.9074193548387097,55.8
ENSG00000148671,ADIRF,0.9073302705461971,2350.8
ENSG00000239900,ADSL,0.9073199381761979,323.5
ENSG00000211684,IGLJ7,0.9073142857142859,17.5
ENSG00000133392,MYH11,0.9073016581632654,3136.0
ENSG00000149809,TM7SF2,0.9072921810699589,243.0
ENSG00000196376,SLC35F1,0.9072727272727272,25.3
ENSG00000054356,PTPRN,0.907247191011236,178.0
ENSG00000183856,IQGAP3,0.9072108843537413,14.7
ENSG00000178860,MSC,0.9071794871794873,54.6
ENSG00000286190,ENSG00000286190,0.9071754492226934,495.3
ENSG00000127241,MASP1,0.9071678321678321,171.6
ENSG00000162073,PAQR4,0.9071616932685636,144.1
ENSG00000211965,IGHV3-49,0.9071481799942676,348.9
ENSG00000013725,CD6,0.9071287128712874,40.4
ENSG00000102245,CD40LG,0.9070921985815602,14.1
ENSG00000186288,PABPC1L2A,0.9070476190476191,10.5
ENSG00000177098,SCN4B,0.9070188679245283,53.0
ENSG00000186185,KIF18B,0.9070149253731344,13.4
ENSG00000186432,KPNA4,0.9070094258783205,116.7
ENSG00000211663,IGLV3-19,0.9070065557782954,1845.7
ENSG00000268643,ENSG00000268643,0.9070000000000001,10.0
ENSG00000151617,EDNRA,0.9069589552238807,107.2
ENSG00000171241,SHCBP1,0.906951219512195,16.4
ENSG00000135439,AGAP2,0.9069493392070485,181.6
ENSG00000164403,SHROOM1,0.9069464285714287,112.0
ENSG00000197279,ZNF165,0.9069189189189188,18.5
ENSG00000213906,LTB4R2,0.9068596881959909,44.9
ENSG00000101916,TLR8,0.9068354430379748,15.8
ENSG00000139200,PIANP,0.9068200836820084,143.4
ENSG00000149527,PLCH2,0.9067913669064747,69.5
ENSG00000163629,PTPN13,0.9067767158992182,115.1
ENSG00000155886,SLC24A2,0.90671875,25.6
ENSG00000147155,EBP,0.9067079127320093,307.1
ENSG00000101230,ISM1,0.9067048710601717,34.9
ENSG00000102048,ASB9,0.9066942148760329,24.2
ENSG00000170801,HTRA3,0.9066771488469603,190.8
ENSG00000102385,DRP2,0.9066129032258066,12.4
ENSG00000160716,CHRNB2,0.9065693430656934,13.7
ENSG00000177103,DSCAML1,0.9065240641711231,18.7
ENSG00000211598,IGKV4-1,0.9064577141313158,2960.8
ENSG00000166946,CCNDBP1,0.9064550264550264,18.9
ENSG00000142627,EPHA2,0.906447091800981,142.7
ENSG00000026652,AGPAT4,0.9064406779661016,53.1
ENSG00000164283,ESM1,0.9063440860215054,18.6
ENSG00000173281,PPP1R3B,0.9063367799113736,135.4
ENSG00000168913,ENHO,0.9062966734555328,589.2
ENSG00000135111,TBX3,0.9062630966239814,171.8
ENSG00000088899,LZTS3,0.9062442922374427,175.2
ENSG00000127884,ECHS1,0.9062378470871899,1285.7
ENSG00000271130,IGHV3OR16-8,0.9061935483870969,46.5
ENSG00000157617,C2CD2,0.9061873990306947,123.8
ENSG00000283787,PRR33,0.9061818181818182,33.0
ENSG00000127507,ADGRE2,0.9061202185792347,18.3
ENSG00000124920,MYRF,0.9061070911722143,69.1
ENSG00000285976,ENSG00000285976,0.9061064425770308,35.7
ENSG00000176890,TYMS,0.9061000944287065,105.9
ENSG00000158467,AHCYL2,0.9060332174584781,258.9
ENSG00000197629,MPEG1,0.9059844961240312,193.5
ENSG00000121807,CCR2,0.9059740259740261,23.1
ENSG00000178999,AURKB,0.9059391771019679,55.9
ENSG00000028277,POU2F2,0.9058649789029536,47.4
ENSG00000115977,AAK1,0.9058612440191385,83.6
ENSG00000148123,PLPPR1,0.90582995951417,24.7
ENSG00000176971,FIBIN,0.9057260726072607,121.2
ENSG00000106809,OGN,0.9056178551986936,367.4
ENSG00000113296,THBS4,0.9056108982545764,234.9
ENSG00000237515,SHISA9,0.905573770491803,12.2
ENSG00000171522,PTGER4,0.9055308641975308,81.0
ENSG00000118407,FILIP1,0.9054870775347914,50.3
ENSG00000139874,SSTR1,0.9054634146341463,20.5
ENSG00000170476,MZB1,0.9054350860865518,214.9
ENSG00000163191,S100A11,0.9054189406099518,4984.0
ENSG00000133639,BTG1,0.9054114994363018,88.7
ENSG00000170961,HAS2,0.9052830188679244,21.2
ENSG00000128683,GAD1,0.9052098408104196,69.1
ENSG00000123329,ARHGAP9,0.9051681415929204,113.0
ENSG00000008735,MAPK8IP2,0.9051356589147288,103.2
ENSG00000068078,FGFR3,0.905083820662768,256.5
ENSG00000132465,JCHAIN,0.905062680810029,7466.4
ENSG00000183691,NOG,0.905,10.0
ENSG00000135127,BICDL1,0.9049999999999998,112.8
ENSG00000162409,PRKAA2,0.9049738219895288,38.2
ENSG00000015532,XYLT2,0.9049176470588233,85.0
ENSG00000282122,IGHV7-4-1,0.9048713826366559,124.4
ENSG00000184156,KCNQ3,0.9048407643312102,15.7
ENSG00000151789,ZNF385D,0.9048305084745762,23.6
ENSG00000198598,MMP17,0.9047695390781564,49.9
ENSG00000180616,SSTR2,0.9047457627118644,17.7
ENSG00000162520,SYNC,0.9047352647352648,100.1
ENSG00000162949,CAPN13,0.9046545454545454,27.5
ENSG00000141655,TNFRSF11A,0.9046315789473686,28.5
ENSG00000163754,GYG1,0.904622571001495,535.2
ENSG00000163888,CAMK2N2,0.9045791245791246,89.1
ENSG00000205710,C17orf107,0.9045454545454547,24.2
ENSG00000164867,NOS3,0.9045454545454544,59.4
ENSG00000136404,TM6SF1,0.9045146726862302,44.3
ENSG00000135476,ESPL1,0.904507042253521,14.2
ENSG00000162775,RBM15,0.9044917257683217,42.3
ENSG00000112972,HMGCS1,0.9044669772540422,364.9
ENSG00000120306,CYSTM1,0.9044549991949766,1242.2
ENSG00000117139,KDM5B,0.9044057971014493,34.5
ENSG00000173890,GPR160,0.9043986254295533,203.7
ENSG00000088727,KIF9,0.9043656716417909,107.2
ENSG00000179364,PACS2,0.9043469174503658,95.7
ENSG00000172201,ID4,0.9042857142857144,257.6
ENSG00000127324,TSPAN8,0.9042754598474652,891.6
ENSG00000116675,DNAJC6,0.9042444444444446,90.0
ENSG00000178607,ERN1,0.9042222222222221,63.0
ENSG00000196118,CFAP119,0.9042191780821918,36.5
ENSG00000127129,EDN2,0.9041009463722398,31.7
ENSG00000182809,CRIP2,0.9040739454955736,1152.2
ENSG00000137821,LRRC49,0.9040607210626186,52.7
ENSG00000099625,CBARP,0.9040404040404039,19.8
ENSG00000281991,TMEM265,0.9040336134453781,11.9
ENSG00000113578,FGF1,0.9040212765957447,282.0
ENSG00000105605,CACNG7,0.9040152477763658,78.7
ENSG00000211825,TRDJ1,0.9040118870728086,67.3
ENSG00000170525,PFKFB3,0.9040029928918818,534.6
ENSG00000163520,FBLN2,0.9039360222531294,287.6
ENSG00000185532,PRKG1,0.9038569206842922,64.3
ENSG00000135655,USP15,0.9038507821901325,166.2
ENSG00000175497,DPP10,0.9038423645320198,20.3
ENSG00000211905,IGHJ1,0.9038138825324181,393.3
ENSG00000148798,INA,0.9037874892887747,116.7
ENSG00000286075,SAGSIN1,0.9037864077669906,41.2
ENSG00000152580,IGSF10,0.9036966824644551,21.1
ENSG00000211770,TRBJ2-6,0.9036752136752138,23.4
ENSG00000197444,OGDHL,0.9036530442035031,119.9
ENSG00000125675,GRIA3,0.903650385604113,38.9
ENSG00000274211,SOCS7,0.9036416184971098,69.2
ENSG00000169031,COL4A3,0.9036309523809526,33.6
ENSG00000147168,IL2RG,0.9035808684707364,317.8
ENSG00000114670,NEK11,0.9035799522673033,41.9
ENSG00000215252,GOLGA8B,0.9035440414507773,193.0
ENSG00000277531,PNMA8C,0.9035428571428572,17.5
ENSG00000168995,SIGLEC7,0.9035164835164835,18.2
ENSG00000231292,IGKV1OR2-108,0.9034782608695652,52.9
ENSG00000152092,ASTN1,0.903475935828877,37.4
ENSG00000101265,RASSF2,0.9034369542438001,286.3
ENSG00000188404,SELL,0.9034240886017534,216.7
ENSG00000092853,CLSPN,0.9033962264150943,10.6
ENSG00000107796,ACTA2,0.9033349508558598,10509.9
ENSG00000164488,DACT2,0.9033333333333333,19.2
ENSG00000211699,TRGV3,0.9033043478260869,11.5
ENSG00000188573,FBLL1,0.9032850241545894,41.4
ENSG00000255398,HCAR3,0.9032558139534885,25.8
ENSG00000196465,MYL6B,0.9032556684910088,639.5
ENSG00000134830,C5AR2,0.9031818181818181,13.2
ENSG00000143578,CREB3L4,0.9031494483450351,99.7
ENSG00000103485,QPRT,0.9031473922902495,220.5
ENSG00000112182,BACH2,0.9030674846625767,16.3
ENSG00000133027,PEMT,0.9030412967966036,259.1
ENSG00000203877,RIPPLY2,0.9030246913580247,32.4
ENSG00000079387,SENP1,0.9030155979202772,57.7
ENSG00000179399,GPC5,0.9030075187969925,13.3
ENSG00000138162,TACC2,0.90297333692432,371.3
ENSG00000211611,IGKV6-21,0.9029005315110098,131.7
ENSG00000108352,RAPGEFL1,0.9028978007761966,231.9
ENSG00000128805,ARHGAP22,0.9028882833787467,36.7
ENSG00000079215,SLC1A3,0.9028820629503223,527.4
ENSG00000237649,KIFC1,0.9028506787330316,44.2
ENSG00000266964,FXYD1,0.9028342788892206,1674.5
ENSG00000150681,RGS18,0.9028333333333335,24.0
ENSG00000180096,SEPTIN1,0.90280412371134,48.5
ENSG00000103269,RHBDL1,0.9027945205479451,36.5
ENSG00000140600,SH3GL3,0.9027416520210896,56.9
ENSG00000176490,DIRAS1,0.9027300303336705,98.9
ENSG00000239571,IGKV2D-30,0.9026837060702876,31.3
ENSG00000140538,NTRK3,0.902660687593423,66.9
ENSG00000114646,CSPG5,0.9026524685382381,103.3
ENSG00000080709,KCNN2,0.9026000000000001,30.0
ENSG00000176641,RNF152,0.9025757575757575,52.8
ENSG00000137265,IRF4,0.9025388601036269,38.6
ENSG00000149591,TAGLN,0.9025031278058261,13587.8
ENSG00000064225,ST3GAL6,0.9024936386768448,39.3
ENSG00000206538,VGLL3,0.9024933687002651,37.7
ENSG00000196482,ESRRG,0.9024827586206895,43.5
ENSG00000211766,TRBJ2-2P,0.9024390243902439,32.8
ENSG00000179240,GVQW3,0.9024242424242424,13.2
ENSG00000175305,CCNE2,0.9024068767908311,34.9
ENSG00000185737,NRG3,0.9024050632911392,15.8
ENSG00000165092,ALDH1A1,0.9023815292524765,1403.3
ENSG00000181322,NME9,0.9023589743589743,19.5
ENSG00000197114,ZGPAT,0.9023500810372771,123.4
ENSG00000138821,SLC39A8,0.9023168654173764,58.7
ENSG00000161888,SPC24,0.9023045267489711,24.3
ENSG00000104267,CA2,0.9022428121119497,1046.9
ENSG00000101082,SLA2,0.902235294117647,17.0
ENSG00000167434,CA4,0.9022006472491908,247.2
ENSG00000265817,FSBP,0.9021621621621623,11.1
ENSG00000075239,ACAT1,0.9021353649111183,905.7
ENSG00000176046,NUPR1,0.9021206784688108,1078.9
ENSG00000142185,TRPM2,0.9021052631578947,19.0
ENSG00000159189,C1QC,0.9020976046563689,893.4
ENSG00000181019,NQO1,0.90205232204421,493.1
ENSG00000170214,ADRA1B,0.9019767441860463,17.2
ENSG00000198223,CSF2RA,0.9019031719532555,59.9
ENSG00000101608,MYL12A,0.9018969560941166,3965.3
ENSG00000117281,CD160,0.901842105263158,15.2
ENSG00000233999,IGKV3OR2-268,0.9018317358892439,93.9
ENSG00000185942,NKAIN3,0.9017999999999999,10.0
ENSG00000154917,RAB6B,0.901786259541985,131.0
ENSG00000112029,FBXO5,0.9017788461538463,41.6
ENSG00000115221,ITGB6,0.9017623497997331,74.9
ENSG00000175063,UBE2C,0.9017424242424242,105.6
ENSG00000239951,IGKV3-20,0.901735505099017,4893.1
ENSG00000115884,SDC1,0.9017214331142677,471.7
ENSG00000168481,LGI3,0.9017208814270723,95.3
ENSG00000121058,COIL,0.9017155266015199,92.1
ENSG00000118997,DNAH7,0.9016161616161616,19.8
ENSG00000188959,C9orf152,0.9015856777493607,39.1
ENSG00000156873,PHKG2,0.9015657788539145,123.9
ENSG00000162734,PEA15,0.9015551444136087,1945.8
ENSG00000211652,IGLV7-43,0.9015274034141959,222.6
ENSG00000174442,ZWILCH,0.9015079365079365,50.4
ENSG00000180089,TMEM86B,0.9014893617021278,47.0
ENSG00000066185,ZMYND12,0.9014869888475836,26.9
ENSG00000101412,E2F1,0.9014814814814816,32.4
ENSG00000277363,SRCIN1,0.901437908496732,76.5
ENSG00000173406,DAB1,0.9014218009478674,21.1
ENSG00000115232,ITGA4,0.9014202898550725,69.0
ENSG00000106366,SERPINE1,0.9013935483870967,620.0
ENSG00000110675,ELMOD1,0.9013899613899613,51.8
ENSG00000180448,ARHGAP45,0.9013875123885036,100.9
ENSG00000117155,SSX2IP,0.9013466787989082,109.9
ENSG00000083720,OXCT1,0.9013466550825371,230.2
ENSG00000099194,SCD,0.9013087016574586,1158.4
ENSG00000211679,IGLC3,0.901303710681949,7642.8
ENSG00000153956,CACNA2D1,0.9012965517241379,72.5
ENSG00000005513,SOX8,0.9012526997840173,92.6
ENSG00000123119,NECAB1,0.9012474849094569,49.7
ENSG00000105792,CFAP69,0.9012277227722771,50.5
ENSG00000258986,TMEM179,0.9011533052039381,71.1
ENSG00000016082,ISL1,0.901132075471698,21.2
ENSG00000115266,APC2,0.9011250000000001,48.0
ENSG00000205078,SYCE1L,0.9011235955056182,17.8
ENSG00000179242,CDH4,0.9011023622047244,12.7
ENSG00000162946,DISC1,0.9010891089108911,20.2
ENSG00000116668,SWT1,0.9010614525139665,35.8
ENSG00000140057,AK7,0.9010526315789474,22.8
ENSG00000075213,SEMA3A,0.9010526315789472,20.9
ENSG00000124140,SLC12A5,0.9010169491525424,194.7
ENSG00000134184,GSTM1,0.9009863109863109,569.8
ENSG00000108947,EFNB3,0.9009638554216868,41.5
ENSG00000260314,MRC1,0.900954861111111,115.2
ENSG00000172159,FRMD3,0.9009296482412058,79.6
ENSG00000158246,TENT5B,0.9009145815358067,115.9
ENSG00000181264,TLCD5,0.9008316008316009,48.1
ENSG00000105227,PRX,0.9008308605341245,33.7
ENSG00000138669,PRKG2,0.9007751937984496,12.9
ENSG00000006071,ABCC8,0.9007725321888413,23.3
ENSG00000067840,PDZD4,0.9007211895910783,269.0
ENSG00000211767,TRBJ2-3,0.9006318347509114,82.3
ENSG00000120341,SEC16B,0.9006217616580311,38.6
ENSG00000205517,RGL3,0.9006138933764134,61.9
ENSG00000225950,NTF4,0.9006091370558376,19.7
ENSG00000186417,GLDN,0.9005442176870748,44.1
ENSG00000278196,IGLV2-8,0.9005409958816922,1068.4
ENSG00000164647,STEAP1,0.9005089058524175,78.6
ENSG00000138678,GPAT3,0.9005084745762711,82.6
ENSG00000167552,TUBA1A,0.9004870069519312,2689.9
ENSG00000184672,RALYL,0.9004562737642584,52.6
ENSG00000165124,SVEP1,0.9004459691252145,58.3
ENSG00000099977,DDT,0.9004289071680376,1021.2
ENSG00000050628,PTGER3,0.9004176904176906,81.4
ENSG00000160336,ZNF761,0.9004040404040404,69.3
ENSG00000182551,ADI1,0.9003910209992757,552.4
ENSG00000177666,PNPLA2,0.9003899835796386,487.2
ENSG00000211592,IGKC,0.9003860119062775,58910.1
ENSG00000157445,CACNA2D3,0.9003658536585365,16.4
ENSG00000139629,GALNT6,0.9003389830508475,59.0
ENSG00000122176,FMOD,0.9002868378440898,432.3
ENSG00000166960,CCDC178,0.9002758620689655,14.5
ENSG00000177191,B3GNT8,0.9002150537634409,18.6
ENSG00000125898,FAM110A,0.9002037845705967,68.7
ENSG00000198520,ARMH1,0.900183486238532,10.9
ENSG00000178460,MCMDC2,0.900178571428571,11.2
ENSG00000185267,CDNF,0.9001652892561984,24.2
ENSG00000114529,C3orf52,0.9001544401544401,25.9
ENSG00000182836,PLCXD3,0.9001290322580645,31.0
ENSG00000196220,SRGAP3,0.9001142857142859,35.0
ENSG00000211895,IGHA1,0.9000767239569973,8576.2
ENSG00000112303,VNN2,0.9000606060606061,66.0
ENSG00000137273,FOXF2,0.900060422960725,33.1
ENSG00000145730,PAM,0.9000569456427955,1159.0
ENSG00000103740,ACSBG1,0.900051948051948,38.5
ENSG00000224373,IGHV4-59,0.900009399600517,851.1
ENSG00000073737,DHRS9,0.8999696969696969,66.0
ENSG00000065320,NTN1,0.8999643493761141,56.1
ENSG00000160469,BRSK1,0.8999268165185573,191.3
ENSG00000163879,DNALI1,0.89992,75.0
ENSG00000114126,TFDP2,0.8998860037998733,157.9
ENSG00000159387,IRX6,0.8998148148148146,10.8
ENSG00000137285,TUBB2B,0.8998054017782249,596.1
ENSG00000184221,OLIG1,0.8997809899255367,228.3
ENSG00000146216,TTBK1,0.8997241379310345,14.5
ENSG00000211645,IGLV1-50,0.8996858638743457,19.1
ENSG00000189195,BTBD8,0.8996407185628741,16.7
ENSG00000185624,P4HB,0.8996252905184271,2108.3
ENSG00000198959,TGM2,0.8996106742297278,775.7
ENSG00000110628,SLC22A18,0.8995544554455447,80.8
ENSG00000145088,EAF2,0.89952802359882,67.8
ENSG00000101447,FAM83D,0.899527559055118,88.9
ENSG00000148357,HMCN2,0.8995135135135135,37.0
ENSG00000153233,PTPRR,0.8995041322314049,12.1
ENSG00000110400,NECTIN1,0.8994799054373523,126.9
ENSG00000138400,MDH1B,0.8994759825327509,22.9
ENSG00000066230,SLC9A3,0.8994570135746607,88.4
ENSG00000076555,ACACB,0.8994531704479348,171.9
ENSG00000170276,HSPB2,0.8994525177424805,295.9
ENSG00000072041,SLC6A15,0.8994520547945206,14.6
ENSG00000162545,CAMK2N1,0.899446735395189,582.0
ENSG00000101134,DOK5,0.8994431554524362,43.1
ENSG00000183114,FAM43B,0.8994312796208531,21.1
ENSG00000187720,THSD4,0.8993768545994065,67.4
ENSG00000188038,NRN1L,0.8993599999999999,25.0
ENSG00000213654,GPSM3,0.8993529161345254,234.9
ENSG00000163898,LIPH,0.8993406593406593,45.5
ENSG00000160683,CXCR5,0.8993174061433448,29.3
ENSG00000133640,LRRIQ1,0.8993103448275861,14.5
ENSG00000152766,ANKRD22,0.8992957746478872,28.4
ENSG00000172733,PURG,0.8992857142857144,11.2
ENSG00000101098,RIMS4,0.8992574257425743,40.4
ENSG00000205927,OLIG2,0.8992374350086655,57.7
ENSG00000132819,RBM38,0.8991957104557639,261.1
ENSG00000106031,HOXA13,0.8991780821917807,21.9
ENSG00000104881,PPP1R13L,0.8991777896422852,187.3
ENSG00000154277,UCHL1,0.8991750987761395,1037.7
ENSG00000101198,NKAIN4,0.899141242937853,88.5
ENSG00000185842,DNAH14,0.8991351351351352,18.5
ENSG00000059915,PSD,0.8991167192429022,475.5
ENSG00000166123,GPT2,0.8990793650793651,252.0
ENSG00000176749,CDK5R1,0.8990743338008415,71.3
ENSG00000197580,BCO2,0.8990733590733591,51.8
ENSG00000075643,MOCOS,0.8990604026845638,14.9
ENSG00000166923,GREM1,0.8990340909090908,105.6
ENSG00000129295,DNAAF11,0.899010752688172,46.5
ENSG00000142731,PLK4,0.8989671361502347,21.3
ENSG00000211957,IGHV3-35,0.8989583333333334,19.2
ENSG00000174807,CD248,0.8989435336976319,219.6
ENSG00000157470,FAM81A,0.8989353612167299,26.3
ENSG00000117305,HMGCL,0.8989300155520996,321.5
ENSG00000165197,VEGFD,0.8989027431421448,40.1
ENSG00000204385,SLC44A4,0.8988843977364591,123.7
ENSG00000151632,AKR1C2,0.8988767550702028,448.7
ENSG00000223350,IGLV9-49,0.8987955894826125,117.9
ENSG00000203618,GP1BB,0.8987675675675676,92.5
ENSG00000170075,GPR37L1,0.8987499999999998,44.8
ENSG00000137106,GRHPR,0.898744262295082,610.0
ENSG00000163931,TKT,0.8987176638628789,630.1
ENSG00000172575,RASGRP1,0.8987078651685393,35.6
ENSG00000067225,PKM,0.89867637326274,3777.5
ENSG00000102886,GDPD3,0.8986746987951807,66.4
ENSG00000099822,HCN2,0.8986119873817034,95.1
ENSG00000076351,SLC46A1,0.8985487528344671,88.2
ENSG00000089685,BIRC5,0.8985301837270341,38.1
ENSG00000163521,GLB1L,0.8985276073619631,48.9
ENSG00000170915,PAQR8,0.8985003604902667,138.7
ENSG00000203685,STUM,0.8984842105263158,47.5
ENSG00000175130,MARCKSL1,0.8984385533387993,1097.7
ENSG00000122971,ACADS,0.8984299802761343,253.5
ENSG00000125868,DSTN,0.8983644913407499,2615.7
ENSG00000162591,MEGF6,0.898158508158508,85.8
ENSG00000138639,ARHGAP24,0.8981545064377683,93.2
ENSG00000211979,IGHV7-81,0.8981286549707602,17.1
ENSG00000181218,H2AC25,0.8980977542932628,75.7
ENSG00000149131,SERPING1,0.8980945395273023,2454.0
ENSG00000151572,ANO4,0.8980530973451328,11.3
ENSG00000213903,LTB4R,0.8980377358490567,106.0
ENSG00000177675,CD163L1,0.8980000000000001,30.0
ENSG00000147872,PLIN2,0.8979947978245448,845.8
ENSG00000141034,GID4,0.8979555555555554,67.5
ENSG00000102879,CORO1A,0.8979047969123322,544.1
ENSG00000151490,PTPRO,0.897875,32.0
ENSG00000167972,ABCA3,0.8977906976744185,86.0
ENSG00000101335,MYL9,0.8977729930055328,7663.2
ENSG00000261371,PECAM1,0.8977632194665418,427.4
ENSG00000034053,APBA2,0.8976470588235292,76.5
ENSG00000243660,ZNF487,0.8976335877862596,26.2
ENSG00000105204,DYRK1B,0.897628205128205,124.8
ENSG00000110318,CEP126,0.8976142131979695,39.4
ENSG00000181409,AATK,0.8975938402309913,103.9
ENSG00000150051,MKX,0.8975510204081633,14.7
ENSG00000183092,BEGAIN,0.8975418994413409,53.7
ENSG00000109618,SEPSECS,0.8975409836065573,24.4
ENSG00000104368,PLAT,0.8975346020761245,231.2
ENSG00000065717,TLE2,0.8975280112044818,285.6
ENSG00000138964,PARVG,0.8975266524520257,46.9
ENSG00000165526,RPUSD4,0.8975236593059939,126.8
ENSG00000142279,WTIP,0.8974918918918918,92.5
ENSG00000185818,NAT8L,0.8974650912996778,93.1
ENSG00000259332,ST20-MTHFS,0.8974222222222222,90.0
ENSG00000241755,IGKV1-9,0.8974221370388116,626.1
ENSG00000116704,SLC35D1,0.8973962804005724,69.9
ENSG00000158050,DUSP2,0.8973791973791976,122.1
ENSG00000141404,GNAL,0.8973501577287065,63.4
ENSG00000137672,TRPC6,0.8973469387755102,19.6
ENSG00000134986,NREP,0.8973409578270193,419.7
ENSG00000169862,CTNND2,0.8973407202216067,72.2
ENSG00000168081,PNOC,0.8973144876325088,28.3
ENSG00000076826,CAMSAP3,0.8972954924874792,59.9
ENSG00000128815,WDFY4,0.8972932330827068,26.6
ENSG00000145861,C1QTNF2,0.8972727272727273,13.2
ENSG00000137094,DNAJB5,0.8972606774668628,203.7
ENSG00000112276,BVES,0.897219512195122,41.0
ENSG00000178301,AQP11,0.8971851851851851,27.0
ENSG00000120616,EPC1,0.8971813031161473,141.2
ENSG00000171433,GLOD5,0.8971153846153846,10.4
ENSG00000174004,NRROS,0.8970129870129872,30.8
ENSG00000169692,AGPAT2,0.896996954790349,426.9
ENSG00000107758,PPP3CB,0.8969901547116735,355.5
ENSG00000184702,SEPTIN5,0.8969847543760585,531.3
ENSG00000142512,SIGLEC10,0.8969670329670331,45.5
ENSG00000005961,ITGA2B,0.896815286624204,15.7
ENSG00000130560,UBAC1,0.8967755242351323,290.9
ENSG00000086548,CEACAM6,0.8967271380970011,270.1
ENSG00000037965,HOXC8,0.8967123287671234,14.6
ENSG00000182220,ATP6AP2,0.8966944676118989,719.4
ENSG00000197415,VEPH1,0.8966787003610108,27.7
ENSG00000175592,FOSL1,0.8966326530612244,78.4
ENSG00000164168,TMEM184C,0.8965589660743134,123.8
ENSG00000176658,MYO1D,0.8965563506261179,223.6
ENSG00000100918,REC8,0.8965485362095533,64.9
ENSG00000102678,FGF9,0.8965454545454545,11.0
ENSG00000189057,FAM111B,0.8965269461077844,16.7
ENSG00000138650,PCDH10,0.8965142857142858,35.0
ENSG00000182132,KCNIP1,0.8965067178502878,52.1
ENSG00000126882,FAM78A,0.8964965986394559,58.8
ENSG00000119326,CTNNAL1,0.8964680073126142,273.5
ENSG00000117791,MTARC2,0.8964237775647171,208.6
ENSG00000136261,BZW2,0.8963879210220673,344.4
ENSG00000113966,ARL6,0.8963636363636363,35.2
ENSG00000092439,TRPM7,0.896351219512195,102.5
ENSG00000164953,TMEM67,0.8963461538461539,20.8
ENSG00000106462,EZH2,0.8963049853372433,34.1
ENSG00000163013,FBXO41,0.8962825278810409,53.8
ENSG00000172724,CCL19,0.8962292864389585,591.4
ENSG00000133065,SLC41A1,0.8961761546723953,93.1
ENSG00000159409,CELF3,0.8961567877629064,104.6
ENSG00000137857,DUOX1,0.8961375126390293,98.9
ENSG00000168685,IL7R,0.8960981308411214,171.2
ENSG00000124839,RAB17,0.8960357432981315,123.1
ENSG00000198286,CARD11,0.8958730158730158,37.8
ENSG00000120915,EPHX2,0.8958496627047862,311.3
ENSG00000211639,IGLV4-60,0.8958453038674034,181.0
ENSG00000162670,BRINP3,0.8958232931726907,24.9
ENSG00000198108,CHSY3,0.8957999999999999,10.0
ENSG00000106538,RARRES2,0.8957525134174921,2645.8
ENSG00000174804,FZD4,0.8957231588287489,112.7
ENSG00000185522,LMNTD2,0.8956617647058823,27.2
ENSG00000166448,TMEM130,0.8956552962298026,167.1
ENSG00000143816,WNT9A,0.8956349206349208,25.2
ENSG00000154556,SORBS2,0.8956272878535774,601.0
ENSG00000115738,ID2,0.8955616149177587,1136.9
ENSG00000062038,CDH3,0.8955598455598457,51.8
ENSG00000211664,IGLV2-18,0.8955564325177586,253.4
ENSG00000170370,EMX2,0.8955532994923859,98.5
ENSG00000118596,SLC16A7,0.8954037267080746,32.2
ENSG00000211862,TRAJ27,0.8953939393939393,16.5
ENSG00000198929,NOS1AP,0.8953374233128835,16.3
ENSG00000276600,RAB7B,0.8953252032520325,49.2
ENSG00000213999,MEF2B,0.8953133514986378,36.7
ENSG00000168447,SCNN1B,0.8953086419753086,89.1
ENSG00000078725,BRINP1,0.8952910052910051,37.8
ENSG00000140937,CDH11,0.8952684563758389,178.8
ENSG00000043462,LCP2,0.8952067183462533,154.8
ENSG00000113749,HRH2,0.8951750972762644,25.7
ENSG00000241322,FBXW10B,0.8951724137931033,11.6
ENSG00000157456,CCNB2,0.8951420454545456,70.4
ENSG00000007341,ST7L,0.8951335311572701,33.7
ENSG00000139292,LGR5,0.8950943396226417,21.2
ENSG00000102962,CCL22,0.8950724637681159,13.8
ENSG00000125166,GOT2,0.8949985263778367,678.6
ENSG00000108684,ASIC2,0.8949606299212598,12.7
ENSG00000073111,MCM2,0.8949295774647886,63.9
ENSG00000176842,IRX5,0.8949068322981367,16.1
ENSG00000142611,PRDM16,0.894888888888889,18.0
ENSG00000106123,EPHB6,0.8948557089084064,79.7
ENSG00000120437,ACAT2,0.8948497457235323,216.3
ENSG00000185070,FLRT2,0.894818652849741,38.6
ENSG00000149243,KLHL35,0.8948076923076924,10.4
ENSG00000203710,CR1,0.8947859922178989,25.7
ENSG00000164120,HPGD,0.8947843359818389,352.4
ENSG00000211675,IGLC1,0.8947553838503616,5228.6
ENSG00000111796,KLRB1,0.894663677130045,44.6
ENSG00000101577,LPIN2,0.8946458923512748,141.2
ENSG00000211769,TRBJ2-5,0.8946,10.0
ENSG00000197816,CCDC180,0.8945864661654135,13.3
ENSG00000259207,ITGB3,0.894573055028463,52.7
ENSG00000126803,HSPA2,0.8945343777197563,344.7
ENSG00000138180,CEP55,0.8945098039215686,25.5
ENSG00000128309,MPST,0.894473826227739,370.6
ENSG00000256229,ZNF486,0.8944444444444443,32.4
ENSG00000184154,LRRC51,0.8943501611170785,93.1
ENSG00000075240,GRAMD4,0.8942618051404662,167.3
ENSG00000211653,IGLV1-40,0.8942493596628934,1210.3
ENSG00000168350,DEGS2,0.8942418426103645,52.1
ENSG00000143365,RORC,0.8942315369261478,100.2
ENSG00000187840,EIF4EBP1,0.8941666666666667,309.6
ENSG00000187955,COL14A1,0.8941153546375682,256.6
ENSG00000012779,ALOX5,0.8941150442477875,90.4
ENSG00000255423,EBLN2,0.8941095890410959,14.6
ENSG00000253293,HOXA10,0.8939013452914799,66.9
ENSG00000164045,CDC25A,0.8938888888888888,14.4
ENSG00000240303,ACAD11,0.8938699690402477,96.9
ENSG00000163874,ZC3H12A,0.8938461538461538,128.7
ENSG00000106633,GCK,0.8938461538461538,19.5
ENSG00000162630,B3GALT2,0.8938071065989849,19.7
ENSG00000084731,KIF3C,0.8937830687830689,75.6
ENSG00000081237,PTPRC,0.8937764791818844,273.8
ENSG00000171503,ETFDH,0.8937592137592136,162.8
ENSG00000137434,C6orf52,0.8937404580152674,13.1
ENSG00000078053,AMPH,0.893682487725041,61.1
ENSG00000164929,BAALC,0.8936715328467153,274.0
ENSG00000122574,WIPF3,0.8936236933797908,57.4
ENSG00000117477,CCDC181,0.8936216216216216,37.0
ENSG00000069424,KCNAB2,0.8936166007905137,202.4
ENSG00000079689,SCGN,0.8936036036036036,44.4
ENSG00000152642,GPD1L,0.8935644820295984,236.5
ENSG00000064787,BCAS1,0.893557978196234,201.8
ENSG00000171051,FPR1,0.8935415504740657,179.3
ENSG00000100479,POLE2,0.8935260115606937,17.3
ENSG00000235961,PNMA6A,0.8935064935064935,38.5
ENSG00000172782,FADS6,0.8934911242603549,16.9
ENSG00000170271,FAXDC2,0.8934147192186956,286.7
ENSG00000109805,NCAPG,0.8933333333333333,14.7
ENSG00000168743,NPNT,0.8933007117437723,224.8
ENSG00000134363,FST,0.8932934131736527,66.8
ENSG00000112425,EPM2A,0.8932884097035041,74.2
ENSG00000101049,SGK2,0.8932375979112273,76.6
ENSG00000028839,TBPL1,0.8932263513513514,118.4
ENSG00000158023,CFAP251,0.8932057416267942,20.9
ENSG00000102760,RGCC,0.8932016165244724,668.1
ENSG00000130045,NXNL2,0.8931914893617022,14.1
ENSG00000167183,PRR15L,0.8931663685152057,167.7
ENSG00000259120,SMIM6,0.8931629392971248,31.3
ENSG00000096996,IL12RB1,0.8931277533039649,22.7
ENSG00000137691,CFAP300,0.8931205673758865,28.2
ENSG00000105085,MED26,0.8930588235294117,34.0
ENSG00000066032,CTNNA2,0.893015873015873,88.2
ENSG00000169826,CSGALNACT2,0.89299604743083,126.5
ENSG00000128709,HOXD9,0.8929510961214168,59.3
ENSG00000157613,CREB3L1,0.8929430379746836,126.4
ENSG00000172572,PDE3A,0.8929285714285714,28.0
ENSG00000196502,SULT1A1,0.892918410041841,191.2
ENSG00000109063,MYH3,0.8929151291512918,27.1
ENSG00000204291,COL15A1,0.8928969359331476,215.4
ENSG00000108924,HLF,0.8928496503496502,114.4
ENSG00000163328,GPR155,0.8927300613496932,65.2
ENSG00000131459,GFPT2,0.8927137546468402,107.6
ENSG00000250479,CHCHD10,0.8926981143895258,1596.3
ENSG00000243466,IGKV1-5,0.8925715123954818,1363.4
ENSG00000196739,COL27A1,0.8925486725663717,113.0
ENSG00000166816,LDHD,0.8925238095238096,126.0
ENSG00000205744,DENND1C,0.892514619883041,34.2
ENSG00000132718,SYT11,0.8925076855511637,227.7
ENSG00000111348,ARHGDIB,0.8925026824034334,1491.2
ENSG00000106006,HOXA6,0.8925,11.2
ENSG00000126368,NR1D1,0.8924992408138476,329.3
ENSG00000168918,INPP5D,0.8924267782426777,95.6
ENSG00000197930,ERO1A,0.8924142011834322,169.0
ENSG00000160712,IL6R,0.892384105960265,90.6
ENSG00000133019,CHRM3,0.8923636363636364,16.5
ENSG00000178343,SHISA3,0.8923316062176165,19.3
ENSG00000051180,RAD51,0.8923008849557522,22.6
ENSG00000159399,HK2,0.8922696629213483,133.5
ENSG00000182162,P2RY8,0.8922459893048127,37.4
ENSG00000003436,TFPI,0.8922060558395596,254.3
ENSG00000106554,CHCHD3,0.8922026699029127,329.6
ENSG00000160908,ZNF394,0.8921881838074398,91.4
ENSG00000250510,GPR162,0.8921811846689894,143.5
ENSG00000196975,ANXA4,0.8921786248131539,535.2
ENSG00000110693,SOX6,0.8921739130434782,25.3
ENSG00000164078,MST1R,0.8920529801324504,30.2
ENSG00000273173,SNURF,0.8920353982300887,90.4
ENSG00000276409,CCL14,0.8920298807642579,696.1
ENSG00000221932,HEPN1,0.8919729563614014,162.7
ENSG00000092758,COL9A3,0.891960507757405,70.9
ENSG00000237541,HLA-DQA2,0.891937984496124,25.8
ENSG00000152953,STK32B,0.8919337016574584,18.1
ENSG00000115756,HPCAL1,0.8919250425894378,410.9
ENSG00000145220,LYAR,0.8919077568134174,95.4
ENSG00000160999,SH2B2,0.8919033232628398,33.1
ENSG00000010327,STAB1,0.8918785046728972,428.0
ENSG00000136250,AOAH,0.8918300653594771,61.2
ENSG00000185813,PCYT2,0.8918039373242266,248.9
ENSG00000121236,TRIM6,0.8917948717948718,19.5
ENSG00000168329,CX3CR1,0.8917824773413896,33.1
ENSG00000101489,CELF4,0.8917709437963945,94.3
ENSG00000168234,TTC39C,0.8917584905660378,132.5
ENSG00000100739,BDKRB1,0.8917431192660551,21.8
ENSG00000197959,DNM3,0.8917293233082705,39.9
ENSG00000183010,PYCR1,0.891719298245614,114.0
ENSG00000095397,WHRN,0.891702479338843,121.0
ENSG00000155428,TRIM74,0.8916981132075472,10.6
ENSG00000073150,PANX2,0.8916923076923078,39.0
ENSG00000132475,H3-3B,0.8916871642989809,3984.2
ENSG00000071243,ING3,0.8916842105263157,76.0
ENSG00000171798,KNDC1,0.8916666666666667,42.0
ENSG00000163376,KBTBD8,0.8916494845360825,19.4
ENSG00000103742,IGDCC4,0.8916030534351144,13.1
ENSG00000101850,GPR143,0.891587982832618,23.3
ENSG00000254709,IGLL5,0.8915852694800064,632.7
ENSG00000275342,PRAG1,0.8915121951219512,41.0
ENSG00000170561,IRX2,0.891417910447761,26.8
ENSG00000186212,SOWAHB,0.8913966480446927,17.9
ENSG00000155926,SLA,0.8913932738503775,145.7
ENSG00000128340,RAC2,0.891390388075045,389.1
ENSG00000174456,C12orf76,0.8913775510204083,39.2
ENSG00000105357,MYH14,0.8913428357089274,133.3
ENSG00000160180,TFF3,0.8913119742258815,558.7
ENSG00000182195,LDOC1,0.8912979890310786,54.7
ENSG00000166963,MAP1A,0.8912875250166777,149.9
ENSG00000163577,EIF5A2,0.8912686567164179,26.8
ENSG00000074181,NOTCH3,0.8912250996015936,200.8
ENSG00000165304,MELK,0.8912244897959183,19.6
ENSG00000283765,ENSG00000283765,0.8912048192771087,16.6
ENSG00000166762,CATSPER2,0.8911214953271027,21.4
ENSG00000100385,IL2RB,0.8910775862068965,46.4
ENSG00000181381,DDX60L,0.8910743801652893,48.4
ENSG00000204311,PJVK,0.8910512129380055,37.1
ENSG00000240671,IGKV1-8,0.8909941520467836,51.3
ENSG00000064886,CHI3L2,0.8909635974304068,186.8
ENSG00000100379,KCTD17,0.8909497964721845,147.4
ENSG00000158286,RNF207,0.8909365558912387,33.1
ENSG00000198720,ANKRD13B,0.8909255079006771,44.3
ENSG00000134222,PSRC1,0.8909190371991247,91.4
ENSG00000115993,TRAK2,0.890909090909091,195.8
ENSG00000118777,ABCG2,0.8908894230769231,83.2
ENSG00000115486,GGCX,0.8908820614469772,100.9
ENSG00000101333,PLCB4,0.8908595387840671,47.7
ENSG00000116285,ERRFI1,0.8907563991947081,695.4
ENSG00000164318,EGFLAM,0.8907502206531333,113.3
ENSG00000100450,GZMH,0.8907210031347964,31.9
ENSG00000105523,FAM83E,0.8907082152974504,35.3
ENSG00000229474,PATL2,0.890691823899371,15.9
ENSG00000163346,PBXIP1,0.8906607142857141,672.0
ENSG00000108479,GALK1,0.8906192893401016,98.5
ENSG00000135083,CCNJL,0.8905590062111801,16.1
ENSG00000211632,IGKV3D-11,0.8905494505494506,54.6
ENSG00000167107,ACSF2,0.8905120481927711,132.8
ENSG00000182902,SLC25A18,0.8905035971223021,139.0
ENSG00000197238,H4C11,0.8904545454545453,17.6
ENSG00000087903,RFX2,0.8904520795660037,55.3
ENSG00000072657,TRHDE,0.8904504504504505,11.1
ENSG00000021355,SERPINB1,0.8904461414790997,497.6
ENSG00000147231,RADX,0.8904132231404958,24.2
ENSG00000149256,TENM4,0.8904054054054055,14.8
ENSG00000152137,HSPB8,0.8903620526812887,952.9
ENSG00000168754,FAM178B,0.8903370786516853,17.8
ENSG00000082196,C1QTNF3,0.890326530612245,49.0
ENSG00000136854,STXBP1,0.8902857142857143,252.0
ENSG00000153395,LPCAT1,0.8902429906542055,53.5
ENSG00000141526,SLC16A3,0.8902083333333333,134.4
ENSG00000185798,WDR53,0.8901564722617354,70.3
ENSG00000256061,DNAAF4,0.8901459854014598,27.4
ENSG00000198771,RCSD1,0.8901083032490975,138.5
ENSG00000198794,SCAMP5,0.890094948727687,263.3
ENSG00000125354,SEPTIN6,0.890078886310905,215.5
ENSG00000042317,SPATA7,0.8900751879699247,53.2
ENSG00000215788,TNFRSF25,0.8900473933649288,42.2
ENSG00000198695,MT-ND6,0.8900391740647791,54270.6
ENSG00000143119,CD53,0.8900023815194094,419.9
ENSG00000169258,GPRIN1,0.8899056603773583,21.2
ENSG00000145332,KLHL8,0.8898774080560421,57.1
ENSG00000134121,CHL1,0.8898407643312102,62.8
ENSG00000132122,SPATA6,0.8898290598290599,46.8
ENSG00000108798,ABI3,0.889812834224599,74.8
ENSG00000184675,AMER1,0.8897902097902096,14.3
ENSG00000139289,PHLDA1,0.8897798532354902,149.9
ENSG00000100031,GGT1,0.8897795591182366,149.7
ENSG00000141905,NFIC,0.8897147323173114,255.9
ENSG00000143630,HCN3,0.8896969696969697,19.8
ENSG00000151715,TMEM45B,0.8896804364770071,128.3
ENSG00000179796,LRRC3B,0.8896638655462185,23.8
ENSG00000188257,PLA2G2A,0.889658442430346,2383.2
ENSG00000175606,TMEM70,0.8896218487394958,95.2
ENSG00000169181,GSG1L,0.8895370370370371,21.6
ENSG00000161298,ZNF382,0.8894930875576037,21.7
ENSG00000117479,SLC19A2,0.8894881889763779,101.6
ENSG00000131097,HIGD1B,0.889480122324159,98.1
ENSG00000150636,CCDC102B,0.8894736842105264,26.6
ENSG00000100036,SLC35E4,0.8894444444444445,21.6
ENSG00000105472,CLEC11A,0.8894419030192132,109.3
ENSG00000198624,CCDC69,0.8894377267230956,330.8
ENSG00000108960,MMD,0.8894191742477259,142.9
ENSG00000197540,GZMM,0.8894063926940637,21.9
ENSG00000213658,LAT,0.8893093661305582,105.7
ENSG00000103241,FOXF1,0.889273356401384,57.8
ENSG00000156381,ANKRD9,0.8892473118279569,148.8
ENSG00000213809,KLRK1,0.889238578680203,39.4
ENSG00000145428,RNF175,0.8892307692307694,26.0
ENSG00000091106,NLRC4,0.8892035398230088,11.3
ENSG00000087589,CASS4,0.8891891891891891,11.1
ENSG00000164604,GPR85,0.8891582491582491,29.7
ENSG00000145824,CXCL14,0.8891513492373876,767.1
ENSG00000115590,IL1R2,0.8891186071817194,91.9
ENSG00000165929,TC2N,0.8891113381001021,97.9
ENSG00000198914,POU3F3,0.8890783410138249,43.4
ENSG00000140678,ITGAX,0.889033232628399,66.2
ENSG00000112245,PTP4A1,0.8890237961401536,533.7
ENSG00000149634,SPATA25,0.888995633187773,22.9
ENSG00000170421,KRT8,0.8889934456928841,1281.6
ENSG00000145217,SLC26A1,0.8889655172413792,17.4
ENSG00000136274,NACAD,0.8889589905362776,63.4
ENSG00000164694,FNDC1,0.8889473684210526,19.0
ENSG00000204175,GPRIN2,0.8888888888888888,13.5
ENSG00000106952,TNFSF8,0.88888,25.0
ENSG00000159200,RCAN1,0.888849765258216,426.0
ENSG00000103056,SMPD3,0.8888428324697756,57.9
ENSG00000105383,CD33,0.8887581699346405,30.6
ENSG00000170962,PDGFD,0.8887475149105368,100.6
ENSG00000143185,XCL2,0.888721804511278,13.3
ENSG00000064692,SNCAIP,0.88869918699187,24.6
ENSG00000134690,CDCA8,0.8886980609418282,36.1
ENSG00000106819,ASPN,0.888677494199536,129.3
ENSG00000253250,C8orf88,0.8886682242990653,85.6
ENSG00000104081,BMF,0.8886562942008487,70.7
ENSG00000184730,APOBR,0.8886363636363636,35.2
ENSG00000244116,IGKV2-28,0.8885695467337285,1670.1
ENSG00000164434,FABP7,0.8885529715762275,232.2
ENSG00000266028,SRGAP2,0.8885411572942136,122.7
ENSG00000048462,TNFRSF17,0.8885267857142857,44.8
ENSG00000185697,MYBL1,0.8885106382978724,18.8
ENSG00000090975,PITPNM2,0.8884993694829761,79.3
ENSG00000197381,ADARB1,0.8884601449275361,110.4
ENSG00000136108,CKAP2,0.888450704225352,63.9
ENSG00000108387,SEPTIN4,0.8884086766314253,1097.2
ENSG00000136059,VILL,0.8882281553398059,82.4
ENSG00000007908,SELE,0.8881992337164752,52.2
ENSG00000177181,RIMKLA,0.8881553398058252,10.3
ENSG00000138646,HERC5,0.8880961182994456,54.1
ENSG00000196924,FLNA,0.8880850555489188,1674.2
ENSG00000163935,SFMBT1,0.8880751173708918,42.6
ENSG00000171812,COL8A2,0.8880748663101605,37.4
ENSG00000186204,CYP4F12,0.8880676328502416,41.4
ENSG00000204839,MROH6,0.888051948051948,23.1
ENSG00000198795,ZNF521,0.888026981450253,59.3
ENSG00000068024,HDAC4,0.8880120481927711,33.2
ENSG00000169435,RASSF6,0.8880000000000001,33.0
ENSG00000143153,ATP1B1,0.8879613624809355,1376.9
ENSG00000167613,LAIR1,0.8879101123595506,44.5
ENSG00000137135,ARHGEF39,0.8878991596638656,11.9
ENSG00000151778,SERP2,0.8878678038379532,93.8
ENSG00000167208,SNX20,0.887831715210356,30.9
ENSG00000101977,MCF2,0.887787610619469,22.6
ENSG00000125510,OPRL1,0.8877685950413223,12.1
ENSG00000134463,ECHDC3,0.8876952380952381,157.5
ENSG00000099960,SLC7A4,0.8876712328767123,14.6
ENSG00000165478,HEPACAM,0.8876363636363637,55.0
ENSG00000167695,TLCD3A,0.8876271186440678,70.8
ENSG00000169155,ZBTB43,0.8875958188153309,57.4
ENSG00000064726,BTBD1,0.8875886990801578,304.4
ENSG00000144339,TMEFF2,0.8875801749271137,34.3
ENSG00000204071,TCEAL6,0.8875732217573222,95.6
ENSG00000130176,CNN1,0.8875056507473569,2743.0
ENSG00000215218,UBE2QL1,0.8874603174603173,37.8
ENSG00000107130,NCS1,0.8874300111982083,357.2
ENSG00000128567,PODXL,0.8874119448698317,130.6
ENSG00000164237,CMBL,0.8874083281541332,160.9
ENSG00000172794,RAB37,0.8873913043478262,36.8
ENSG00000124212,PTGIS,0.8873624595469255,123.6
ENSG00000260230,FRRS1L,0.887360594795539,26.9
ENSG00000105409,ATP1A3,0.8873548387096775,279.0
ENSG00000090889,KIF4A,0.8873504273504274,11.7
ENSG00000159403,C1R,0.8873489874805286,1733.3
ENSG00000126860,EVI2A,0.8873069908814591,164.5
ENSG00000187017,ESPN,0.8872930123311801,170.3
ENSG00000167900,TK1,0.8872479564032699,73.4
ENSG00000175352,NRIP3,0.887230769230769,52.0
ENSG00000136842,TMOD1,0.8872026800670015,238.8
ENSG00000184117,NIPSNAP1,0.8871653832049873,272.7
ENSG00000166922,SCG5,0.8871291742169299,386.3
ENSG00000186462,NAP1L2,0.8871035386631718,76.3
ENSG00000163393,SLC22A15,0.887103448275862,29.0
ENSG00000261052,SULT1A3,0.8870713336287107,225.7
ENSG00000155066,PROM2,0.8870476190476191,84.0
ENSG00000274611,TBC1D3,0.8870085470085469,11.7
ENSG00000103534,TMC5,0.8869582504970179,50.3
ENSG00000091622,PITPNM3,0.8869217391304347,57.5
ENSG00000172456,FGGY,0.8869024045261669,70.7
ENSG00000241360,PDXP,0.8869018999612253,257.9
ENSG00000149573,MPZL2,0.8868813070639117,208.1
ENSG00000214940,NPIPA8,0.8868470343392302,96.1
ENSG00000174939,ASPHD1,0.8867687434002113,189.4
ENSG00000121152,NCAPH,0.8867241379310346,34.8
ENSG00000149781,FERMT3,0.8866719872306466,125.3
ENSG00000007264,MATK,0.8866546762589929,55.6
ENSG00000196517,SLC6A9,0.8865885416666666,76.8
ENSG00000063587,ZNF275,0.886539027982327,67.9
ENSG00000161929,SCIMP,0.8864794816414685,46.3
ENSG00000272031,ANKRD34A,0.8864406779661016,17.7
ENSG00000129250,KIF1C,0.8864346833998858,525.9
ENSG00000177432,NAP1L5,0.8864094488188976,127.0
ENSG00000101236,RNF24,0.8863394683026584,48.9
ENSG00000120280,TASL,0.8863043478260869,18.4
ENSG00000148225,WDR31,0.8862650602409639,16.6
ENSG00000135205,CCDC146,0.88625,32.0
ENSG00000116791,CRYZ,0.8862370466321242,308.8
ENSG00000144749,LRIG1,0.8862058823529411,136.0
ENSG00000145545,SRD5A1,0.8861992619926198,27.1
ENSG00000033867,SLC4A7,0.8861629629629628,67.5
ENSG00000142920,AZIN2,0.8860810810810813,29.6
ENSG00000187243,MAGED4B,0.8860730593607304,43.8
ENSG00000137274,BPHL,0.8860700389105058,102.8
ENSG00000010319,SEMA3G,0.8860624071322435,67.3
ENSG00000174276,ZNHIT2,0.8860458015267174,65.5
ENSG00000074966,TXK,0.8859722222222223,14.4
ENSG00000136048,DRAM1,0.8859301014656142,88.7
ENSG00000177875,CCDC184,0.8858641975308643,32.4
ENSG00000136490,LIMD2,0.8858614051973052,207.8
ENSG00000197375,SLC22A5,0.8858160237388724,33.7
ENSG00000185483,ROR1,0.8858008658008658,23.1
ENSG00000130779,CLIP1,0.8857495590828925,283.5
ENSG00000149782,PLCB3,0.8857142857142857,107.1
ENSG00000076864,RAP1GAP,0.885667215815486,242.8
ENSG00000154127,UBASH3B,0.8856603773584905,21.2
ENSG00000186231,KLHL32,0.8856435643564357,20.2
ENSG00000141540,TTYH2,0.8856410256410256,113.1
ENSG00000158457,TSPAN33,0.8855674518201286,46.7
ENSG00000158555,GDPD5,0.8855624446412754,112.9
ENSG00000152760,DYNLT5,0.8855555555555555,12.6
ENSG00000122224,LY9,0.8855479452054794,29.2
ENSG00000173372,C1QA,0.885540617307328,1056.2
ENSG00000137261,KIAA0319,0.8855357142857143,11.2
ENSG00000163083,INHBB,0.8855241935483869,49.6
ENSG00000133800,LYVE1,0.8855024946543121,140.3
ENSG00000214595,EML6,0.8854867256637168,11.3
ENSG00000213199,ASIC3,0.8854666666666668,45.0
ENSG00000118946,PCDH17,0.8854237288135591,23.6
ENSG00000175183,CSRP2,0.8853984421809465,333.8
ENSG00000135750,KCNK1,0.885377532228361,108.6
ENSG00000173442,EHBP1L1,0.8853672787979966,239.6
ENSG00000130755,GMFG,0.8853543885420493,544.6
ENSG00000157111,TMEM171,0.8853293413173653,33.4
ENSG00000134569,LRP4,0.885302013422819,29.8
ENSG00000130700,GATA5,0.8852830188679246,15.9
ENSG00000123892,RAB38,0.8852192066805847,47.9
ENSG00000173467,AGR3,0.88517225950783,223.5
ENSG00000126895,AVPR2,0.8851199999999999,12.5
ENSG00000130294,KIF1A,0.8851028806584362,121.5
ENSG00000164039,BDH2,0.8850719671007541,145.9
ENSG00000181350,LRRC75A,0.885067264573991,44.6
ENSG00000163293,NIPAL1,0.8850205761316872,24.3
ENSG00000094963,FMO2,0.8850160085378869,93.7
ENSG00000276547,PCDHGB5,0.885,18.4
ENSG00000101220,C20orf27,0.8849905838041431,318.6
ENSG00000169851,PCDH7,0.8849792531120332,48.2
ENSG00000132821,VSTM2L,0.8849591836734696,98.0
ENSG00000196684,HSH2D,0.884954954954955,44.4
ENSG00000134910,STT3A,0.8849403470715835,368.8
ENSG00000157734,SNX22,0.8849171270718231,36.2
ENSG00000116017,ARID3A,0.884909090909091,22.0
ENSG00000144909,OSBPL11,0.8848930481283422,74.8
ENSG00000091542,ALKBH5,0.8848736462093864,221.6
ENSG00000189129,PLAC9,0.8848656163113994,215.8
ENSG00000101298,SNPH,0.8848626373626374,72.8
ENSG00000078668,VDAC3,0.8848505511989998,879.9
ENSG00000134539,KLRD1,0.8848148148148148,16.2
ENSG00000125384,PTGER2,0.8848066298342541,36.2
ENSG00000170458,CD14,0.8847768905589477,425.8
ENSG00000035499,DEPDC1B,0.8847715736040608,19.7
ENSG00000126861,OMG,0.8846268656716418,80.4
ENSG00000126217,MCF2L,0.8846017699115045,158.2
ENSG00000173166,RAPH1,0.8844521739130436,57.5
ENSG00000164398,ACSL6,0.8844339622641509,42.4
ENSG00000167604,NFKBID,0.8844329896907219,19.4
ENSG00000130822,PNCK,0.8844225074037512,101.3
ENSG00000185774,KCNIP4,0.8843956043956044,36.4
ENSG00000166394,CYB5R2,0.8843532145623548,129.1
ENSG00000143476,DTL,0.8843478260869567,13.8
ENSG00000157827,FMNL2,0.8843250817375058,214.1
ENSG00000152128,TMEM163,0.8843243243243242,44.4
ENSG00000142235,LMTK3,0.8842978003384095,59.1
ENSG00000082074,FYB1,0.8842816365366319,105.1
ENSG00000113645,WWC1,0.8842654735272185,134.1
ENSG00000130283,GDF1,0.8842307692307692,41.6
ENSG00000127249,ATP13A4,0.8842295081967214,61.0
ENSG00000119888,EPCAM,0.88418672308913,756.2
ENSG00000151552,QDPR,0.8841841432225066,782.0
ENSG00000067606,PRKCZ,0.8841806263656227,137.3
ENSG00000092051,JPH4,0.8841703377386196,136.2
ENSG00000115694,STK25,0.8841331303023711,459.7
ENSG00000164068,RNF123,0.8841231593038822,149.4
ENSG00000019505,SYT13,0.8841189931350115,43.7
ENSG00000150401,DCUN1D2,0.8841020608439646,101.9
ENSG00000119125,GDA,0.8840985442329226,89.3
ENSG00000173918,C1QTNF1,0.8840642076502732,292.8
ENSG00000211676,IGLJ2,0.8840487804878049,246.0
ENSG00000065923,SLC9A7,0.88404181184669,28.7
ENSG00000176532,PRR15,0.8840157480314963,76.2
ENSG00000167081,PBX3,0.8839861111111113,144.0
ENSG00000072736,NFATC3,0.8839368421052631,95.0
ENSG00000150782,IL18,0.8839034776437189,140.9
ENSG00000144868,TMEM108,0.8838390092879257,32.3
ENSG00000272602,ZNF595,0.8838312829525483,56.9
ENSG00000121653,MAPK8IP1,0.8838311180609852,255.8
ENSG00000105810,CDK6,0.8838120104438641,38.3
ENSG00000197766,CFD,0.8838055711873944,1421.6
ENSG00000125652,ALKBH7,0.8837692901234567,518.4
ENSG00000181830,SLC35C1,0.8837012987012985,92.4
ENSG00000126878,AIF1L,0.8836815642458099,358.0
ENSG00000156966,B3GNT7,0.8836472346786249,66.9
ENSG00000137807,KIF23,0.8836274509803921,20.4
ENSG00000211596,IGKJ2,0.8836039807282203,2532.2
ENSG00000181631,P2RY13,0.8835734870317001,34.7
ENSG00000267561,ENSG00000267561,0.8835359116022099,18.1
ENSG00000137501,SYTL2,0.8835323801513877,118.9
ENSG00000221926,TRIM16,0.8835194346289751,141.5
ENSG00000169213,RAB3B,0.8834951456310679,10.3
ENSG00000167136,ENDOG,0.8834885556432517,126.7
ENSG00000090339,ICAM1,0.8834346895074945,233.5
ENSG00000048405,ZNF800,0.8834090909090909,70.4
ENSG00000178184,PARD6G,0.8833983286908078,35.9
ENSG00000113916,BCL6,0.8833124881561494,527.7
ENSG00000154016,GRAP,0.8832734530938124,50.1
ENSG00000188026,RILPL1,0.8832692307692307,83.2
ENSG00000165996,HACD1,0.8832605531295488,68.7
ENSG00000164946,FREM1,0.8832558139534883,34.4
ENSG00000101746,NOL4,0.8832478632478632,11.7
ENSG00000119698,PPP4R4,0.8831788079470201,15.1
ENSG00000173762,CD7,0.8831311154598827,51.1
ENSG00000085552,IGSF9,0.8831297709923663,26.2
ENSG00000187147,RNF220,0.8830643274853803,85.5
ENSG00000197705,KLHL14,0.8829457364341087,12.9
ENSG00000182580,EPHB3,0.8828686868686869,49.5
ENSG00000114738,MAPKAPK3,0.8828657616892912,265.2
ENSG00000171224,FAM241B,0.88283378746594,73.4
ENSG00000125844,RRBP1,0.8828285410010649,469.5
ENSG00000131188,PRR7,0.8828213166144201,31.9
ENSG00000124198,ARFGEF2,0.8828161668839634,76.7
ENSG00000159259,CHAF1B,0.8827397260273974,14.6
ENSG00000065154,OAT,0.8827104834329169,736.4
ENSG00000008323,PLEKHG6,0.8827055702917772,37.7
ENSG00000134871,COL4A2,0.8826250841373122,445.7
ENSG00000211850,TRAJ39,0.8825910931174089,24.7
ENSG00000197208,SLC22A4,0.8825641025641024,19.5
ENSG00000147443,DOK2,0.8825454545454546,44.0
ENSG00000139835,GRTP1,0.8824390243902438,77.9
ENSG00000170899,GSTA4,0.8824329896907218,291.0
ENSG00000096060,FKBP5,0.882367507521407,864.2
ENSG00000101311,FERMT1,0.882341137123746,29.9
ENSG00000272636,DOC2B,0.8823264540337711,53.3
ENSG00000101542,CDH20,0.8823214285714285,22.4
ENSG00000166348,USP54,0.8823001631321371,122.6
ENSG00000228486,C2orf92,0.8822556390977442,13.3
ENSG00000138686,BBS7,0.8822137404580153,52.4
ENSG00000166501,PRKCB,0.8821988527724665,104.6
ENSG00000135472,FAIM2,0.8821417017146556,309.1
ENSG00000188064,WNT7B,0.882130177514793,16.9
ENSG00000166289,PLEKHF1,0.8820980615735462,87.7
ENSG00000168398,BDKRB2,0.8820833333333333,38.4
ENSG00000211649,IGLV7-46,0.8820671955202987,428.6
ENSG00000170011,MYRIP,0.8820630372492837,34.9
ENSG00000164976,MYORG,0.882055837563452,78.8
ENSG00000129474,AJUBA,0.8820274914089348,58.2
ENSG00000175264,CHST1,0.8819854721549638,41.3
ENSG00000128011,LRFN1,0.8819580419580422,14.3
ENSG00000164176,EDIL3,0.8818993135011443,174.8
ENSG00000169715,MT1E,0.8818871171274522,1743.4
ENSG00000135298,ADGRB3,0.8818439716312058,28.2
ENSG00000212864,RNF208,0.8818426966292136,133.5
ENSG00000085382,HACE1,0.8817361111111112,28.8
ENSG00000068903,SIRT2,0.8817163724893485,492.9
ENSG00000058866,DGKG,0.8816342412451361,25.7
ENSG00000138641,HERC3,0.8816287878787878,105.6
ENSG00000095970,TREM2,0.8815358361774746,58.6
ENSG00000060709,RIMBP2,0.8815272727272727,27.5
ENSG00000125355,TMEM255A,0.881522491349481,28.9
ENSG00000133048,CHI3L1,0.8814872521246461,423.6
ENSG00000206561,COLQ,0.8814285714285716,16.8
ENSG00000132688,NES,0.8814276272306675,151.3
ENSG00000172819,RARG,0.8813798111837328,137.7
ENSG00000011600,TYROBP,0.8813501510037307,562.9
ENSG00000141337,ARSG,0.8812587412587415,28.6
ENSG00000105122,RASAL3,0.8812244897959184,39.2
ENSG00000108239,TBC1D12,0.8812165450121655,41.1
ENSG00000147454,SLC25A37,0.8811963190184048,130.4
ENSG00000124635,H2BC11,0.8811920529801326,30.2
ENSG00000134758,RNF138,0.8811858407079646,113.0
ENSG00000243063,IGKV3-7,0.881159420289855,20.7
ENSG00000197405,C5AR1,0.8811317567567568,118.4
ENSG00000135976,ANKRD36,0.881104972375691,18.1
ENSG00000183696,UPP1,0.8810874704491727,42.3
ENSG00000187135,VSTM2B,0.881079365079365,31.5
ENSG00000182606,TRAK1,0.8810740439381611,245.8
ENSG00000178826,TMEM139,0.881069182389937,31.8
ENSG00000118526,TCF21,0.8809412955465586,197.6
ENSG00000182253,SYNM,0.8808989916253632,585.1
ENSG00000007237,GAS7,0.8808853575482406,176.2
ENSG00000198901,PRC1,0.8808757396449703,84.5
ENSG00000170185,USP38,0.8808695652173913,16.1
ENSG00000165650,PDZD8,0.8808417997097243,68.9
ENSG00000156398,SFXN2,0.8808383233532932,16.7
ENSG00000134324,LPIN1,0.8807555555555555,180.0
ENSG00000014641,MDH1,0.8807328262005689,1722.1
ENSG00000156959,LHFPL4,0.8806976744186045,17.2
ENSG00000145569,OTULINL,0.8806968641114983,28.7
ENSG00000221955,SLC12A8,0.8806666666666668,21.0
ENSG00000108528,SLC25A11,0.8806526917579799,419.8
ENSG00000176422,SPRYD4,0.8806217616580311,19.3
ENSG00000095713,CRTAC1,0.8804207119741099,61.8
ENSG00000101336,HCK,0.8804123711340205,106.7
ENSG00000213190,MLLT11,0.8803346007604563,131.5
ENSG00000102575,ACP5,0.8803344051446946,155.5
ENSG00000113716,HMGXB3,0.8802543142597637,110.1
ENSG00000233608,TWIST2,0.8802203182374541,81.7
ENSG00000175198,PCCA,0.880213281628696,206.3
ENSG00000189152,GRAPL,0.8801652892561984,24.2
ENSG00000139438,FAM222A,0.8801190476190477,50.4
ENSG00000075884,ARHGAP15,0.8801065246338218,75.1
ENSG00000125814,NAPB,0.8801052077853759,190.1
ENSG00000170190,SLC16A5,0.8800891530460624,67.3
ENSG00000213648,SULT1A4,0.8800732600732601,27.3
ENSG00000112394,SLC16A10,0.8800593471810089,33.7
ENSG00000167123,CERCAM,0.8800045787545787,436.8
ENSG00000165115,KIF27,0.88,24.5
ENSG00000166170,BAG5,0.879966499162479,119.4
ENSG00000092330,TINF2,0.8799635369188695,219.4
ENSG00000164920,OSR2,0.8799629400864731,161.9
ENSG00000196358,NTNG2,0.8799152542372881,23.6
ENSG00000132953,XPO4,0.8799036144578313,41.5
ENSG00000163106,HPGDS,0.8798863636363634,17.6
ENSG00000142657,PGD,0.8798302980132451,483.2
ENSG00000182667,NTM,0.8798079231692678,83.3
ENSG00000010404,IDS,0.8798009719972228,432.1
ENSG00000170545,SMAGP,0.8797947214076248,136.4
ENSG00000169083,AR,0.8797206703910614,35.8
ENSG00000176597,B3GNT5,0.8796957123098202,72.3
ENSG00000130222,GADD45G,0.8796762589928059,333.6
ENSG00000131471,AOC3,0.8796675062972292,397.0
ENSG00000157510,AFAP1L1,0.8796621621621622,29.6
ENSG00000188549,CCDC9B,0.8796491228070176,57.0
ENSG00000131386,GALNT15,0.8796366389099168,132.1
ENSG00000143786,CNIH3,0.8796330275229358,10.9
ENSG00000077942,FBLN1,0.8795899515602116,1775.4
ENSG00000184368,MAP7D2,0.8795348837209304,34.4
ENSG00000283632,EXOC3L2,0.8795145631067963,20.6
ENSG00000118557,PMFBP1,0.8794999999999998,20.0
ENSG00000111863,ADTRP,0.8794683026584866,97.8
ENSG00000155792,DEPTOR,0.8794463200540175,148.1
ENSG00000181449,SOX2,0.8794436717663423,71.9
ENSG00000164506,STXBP5,0.879441340782123,35.8
ENSG00000182511,FES,0.8794363636363636,110.0
ENSG00000187741,FANCA,0.8794285714285714,21.0
ENSG00000091436,MAP3K20,0.8793795480658751,261.1
ENSG00000177943,MAMDC4,0.8793548387096773,31.0
ENSG00000162664,ZNF326,0.8793018480492815,48.7
ENSG00000164674,SYTL3,0.8792765957446808,47.0
ENSG00000123685,BATF3,0.8792741935483872,24.8
ENSG00000182782,HCAR2,0.879234693877551,39.2
ENSG00000154736,ADAMTS5,0.8791836734693877,24.5
ENSG00000171700,RGS19,0.8791327913279134,73.8
ENSG00000181234,TMEM132C,0.8790909090909089,28.6
ENSG00000115165,CYTIP,0.8790849673202612,107.1
ENSG00000142675,CNKSR1,0.8790654205607477,53.5
ENSG00000158859,ADAMTS4,0.8789861751152074,108.5
ENSG00000109667,SLC2A9,0.8789743589743589,27.3
ENSG00000181885,CLDN7,0.878946395563771,324.6
ENSG00000167207,NOD2,0.87890625,12.8
ENSG00000066933,MYO9A,0.8788111888111887,57.2
ENSG00000170312,CDK1,0.8788098693759071,68.9
ENSG00000213145,CRIP1,0.8788012388413188,548.9
ENSG00000116171,SCP2,0.8787952038369304,1042.5
ENSG00000144278,GALNT13,0.8787878787878788,19.8
ENSG00000136542,GALNT5,0.8787401574803149,12.7
ENSG00000141314,RHBDL3,0.8786776859504133,24.2
ENSG00000132388,UBE2G1,0.8786014721345949,190.2
ENSG00000177465,ACOT4,0.8785897435897438,15.6
ENSG00000100297,MCM5,0.8785615914307573,130.7
ENSG00000164284,GRPEL2,0.8785547785547787,42.9
ENSG00000058404,CAMK2B,0.8785383244206773,112.2
ENSG00000169245,CXCL10,0.8785333333333333,90.0
ENSG00000277494,GPIHBP1,0.8785211267605634,85.2
ENSG00000113555,PCDH12,0.8785211267605634,28.4
ENSG00000100368,CSF2RB,0.8785113268608415,61.8
ENSG00000181031,RPH3AL,0.8785080645161291,49.6
ENSG00000115648,MLPH,0.8784996249062267,133.3
ENSG00000159921,GNE,0.8784869976359337,84.6
ENSG00000186310,NAP1L3,0.8784602510460252,119.5
ENSG00000164106,SCRG1,0.8784533333333334,37.5
ENSG00000165071,TMEM71,0.8784438040345822,34.7
ENSG00000164736,SOX17,0.8783760683760685,46.8
ENSG00000243238,IGKV2-30,0.8783732057416269,627.0
ENSG00000205090,TMEM240,0.8783660130718954,61.2
ENSG00000003249,DBNDD1,0.8783606557377049,91.5
ENSG00000105939,ZC3HAV1,0.8783456790123456,81.0
ENSG00000198814,GK,0.8783333333333333,98.4
ENSG00000103723,AP3B2,0.878304347826087,46.0
ENSG00000139329,LUM,0.8782856316854583,691.8
ENSG00000104825,NFKBIB,0.8781994459833798,72.2
ENSG00000090097,PCBP4,0.8781738173817384,363.6
ENSG00000072195,SPEG,0.8781633639439343,206.9
ENSG00000008441,NFIX,0.8781553398058253,391.4
ENSG00000153246,PLA2R1,0.878117048346056,39.3
ENSG00000164099,PRSS12,0.8780991735537191,24.2
ENSG00000138413,IDH1,0.8780893498205025,501.4
ENSG00000176928,GCNT4,0.8780530973451327,22.6
ENSG00000260428,SCX,0.8780124223602483,32.2
ENSG00000141433,ADCYAP1,0.8779130434782607,11.5
ENSG00000072163,LIMS2,0.8778518674825913,473.9
ENSG00000198055,GRK6,0.8778357030015798,126.6
ENSG00000139508,SLC46A3,0.8777951002227172,89.8
ENSG00000197635,DPP4,0.8777762619372441,146.6
ENSG00000176058,TPRN,0.8777553310886644,89.1
ENSG00000137573,SULF1,0.8777540106951871,112.2
ENSG00000162378,ZYG11B,0.8777235772357723,73.8
ENSG00000152669,CCNO,0.8776000000000002,12.5
ENSG00000165171,METTL27,0.8774869109947645,19.1
ENSG00000165566,AMER2,0.8774857142857144,35.0
ENSG00000103888,CEMIP,0.8774666666666665,30.0
ENSG00000129173,E2F8,0.8774626865671644,13.4
ENSG00000105676,ARMC6,0.877372654155496,111.9
ENSG00000132016,BRME1,0.8773333333333333,13.5
ENSG00000087495,PHACTR3,0.8773007438894793,94.1
ENSG00000197594,ENPP1,0.8772972972972974,40.7
ENSG00000211594,IGKJ4,0.8772788452160343,3075.9
ENSG00000147408,CSGALNACT1,0.8772560113154174,70.7
ENSG00000104691,UBXN8,0.8772307692307693,117.0
ENSG00000197361,FBXL22,0.877230215827338,55.6
ENSG00000154545,MAGED4,0.8771764705882354,17.0
ENSG00000013563,DNASE1L1,0.8771617647058823,136.0
ENSG00000069667,RORA,0.8770913770913773,77.7
ENSG00000166833,NAV2,0.8770680628272252,57.3
ENSG00000253368,TRNP1,0.8770382978723404,117.5
ENSG00000188677,PARVB,0.8770152505446623,183.6
ENSG00000107821,KAZALD1,0.877,14.0
ENSG00000159164,SV2A,0.8768842471714534,114.9
ENSG00000182272,B4GALNT4,0.8768454258675079,63.4
ENSG00000169403,PTAFR,0.8768041237113402,38.8
ENSG00000118508,RAB32,0.8768019382192612,165.1
ENSG00000189058,APOD,0.876759878162281,4727.6
ENSG00000163154,TNFAIP8L2,0.8766579634464751,38.3
ENSG00000185101,ANO9,0.8766459627329194,32.2
ENSG00000179833,SERTAD2,0.8766378244746602,80.9
ENSG00000240382,IGKV1-17,0.8766154573386906,423.1
ENSG00000178623,GPR35,0.8766139954853271,44.3
ENSG00000177025,C19orf18,0.8765789473684211,15.2
ENSG00000170113,NIPA1,0.8765663716814162,56.5
ENSG00000005102,MEOX1,0.8765495207667732,31.3
ENSG00000180353,HCLS1,0.8765313145216793,290.6
ENSG00000133107,TRPC4,0.8764406779661017,11.8
ENSG00000235162,C12orf75,0.876424148606811,129.2
ENSG00000182704,TSKU,0.8764234234234233,222.0
ENSG00000005844,ITGAL,0.8764224872231685,58.7
ENSG00000137841,PLCB2,0.8764112903225805,49.6
ENSG00000111206,FOXM1,0.8764,30.0
ENSG00000085741,WNT11,0.8763585434173669,35.7
ENSG00000065357,DGKA,0.8763143631436314,184.5
ENSG00000124785,NRN1,0.8762927350427351,187.2
ENSG00000145777,TSLP,0.87625,11.2
ENSG00000016402,IL20RA,0.8762253521126762,35.5
ENSG00000163545,NUAK2,0.8761887477313973,55.1
ENSG00000198838,RYR3,0.8761557177615573,41.1
ENSG00000196368,NUDT11,0.8760946745562128,33.8
ENSG00000198513,ATL1,0.876078431372549,56.1
ENSG00000117906,RCN2,0.8760540184453228,303.6
ENSG00000103067,ESRP2,0.87603744149766,64.1
ENSG00000094916,CBX5,0.8760357142857141,112.0
ENSG00000148948,LRRC4C,0.8759793814432991,19.4
ENSG00000166557,TMED3,0.875979274611399,386.0
ENSG00000183578,TNFAIP8L3,0.8759595959595958,79.2
ENSG00000087253,LPCAT2,0.8759472422062349,83.4
ENSG00000143333,RGS16,0.8759175257731958,97.0
ENSG00000184613,NELL2,0.8759098497495826,119.8
ENSG00000070501,POLB,0.8758659852356616,176.1
ENSG00000211642,IGLV10-54,0.8758395826540594,306.7
ENSG00000117054,ACADM,0.8758241758241756,445.9
ENSG00000118849,RARRES1,0.8758237056054771,233.7
ENSG00000008083,JARID2,0.875816513761468,54.5
ENSG00000125257,ABCC4,0.8758139534883722,38.7
ENSG00000090621,PABPC4,0.875791118054006,448.1
ENSG00000166924,NYAP1,0.8757627118644069,35.4
ENSG00000070269,TMEM260,0.875710455764075,37.3
ENSG00000196850,PPTC7,0.8756913674560733,130.9
ENSG00000088882,CPXM1,0.8755887850467288,107.0
ENSG00000108001,EBF3,0.8755696202531646,15.8
ENSG00000164125,GASK1B,0.875547557840617,194.5
ENSG00000173264,GPR137,0.8755002646903123,188.9
ENSG00000015285,WAS,0.875444305381727,79.9
ENSG00000168061,SAC3D1,0.8754337899543377,43.8
ENSG00000184557,SOCS3,0.8754246461282262,480.4
ENSG00000082781,ITGB5,0.8754185325525319,290.3
ENSG00000175785,PRIMA1,0.8753700189753322,52.7
ENSG00000145649,GZMA,0.8753677621283255,63.9
ENSG00000134215,VAV3,0.8753571428571427,78.4
ENSG00000166925,TSC22D4,0.8753430451127819,851.2
ENSG00000049089,COL9A2,0.8752465047829284,135.9
ENSG00000137474,MYO7A,0.8752459016393443,36.6
ENSG00000174032,SLC25A30,0.8752286773794807,80.9
ENSG00000144134,RABL2A,0.8752238805970148,20.1
ENSG00000153933,DGKE,0.8751724137931034,31.9
ENSG00000198039,ZNF273,0.8751401869158879,10.7
ENSG00000141639,MAPK4,0.8750138504155126,72.2
ENSG00000223802,CERS1,0.8750061050061051,163.8
ENSG00000134460,IL2RA,0.8749714285714286,17.5
ENSG00000107736,CDH23,0.8749425287356322,34.8
ENSG00000135069,PSAT1,0.8749061876247507,250.5
ENSG00000185046,ANKS1B,0.8748717948717948,66.3
ENSG00000174130,TLR6,0.8748672566371682,11.3
ENSG00000275183,LENG9,0.8748591549295774,28.4
ENSG00000130751,NPAS1,0.8748076923076923,10.4
ENSG00000161682,FAM171A2,0.874782608695652,16.1
ENSG00000068489,PRR11,0.8747643979057591,19.1
ENSG00000144118,RALB,0.8747528517110266,315.6
ENSG00000141469,SLC14A1,0.8747405660377358,84.8
ENSG00000018236,CNTN1,0.8747350993377485,120.8
ENSG00000167733,HSD11B1L,0.8746456692913388,88.9
ENSG00000155966,AFF2,0.8746376811594203,13.8
ENSG00000161533,ACOX1,0.8746337157987644,113.3
ENSG00000079150,FKBP7,0.8745179584120981,52.9
ENSG00000233024,NPIPA9,0.8745153189352085,597.3
ENSG00000006042,TMEM98,0.8744727457972491,392.6
ENSG00000116688,MFN2,0.8744634920634923,315.0
ENSG00000152804,HHEX,0.8744444444444445,97.2
ENSG00000254470,AP5B1,0.8744096385542168,41.5
ENSG00000179344,HLA-DQB1,0.8743633860977288,290.6
ENSG00000211597,IGKJ1,0.8743615119397267,3132.4
ENSG00000130962,PRRG1,0.8743564356435644,40.4
ENSG00000196972,SMIM10L2B,0.87434554973822,38.2
ENSG00000132031,MATN3,0.87424,12.5
ENSG00000109771,LRP2BP,0.8741791044776118,26.8
ENSG00000186868,MAPT,0.8741446923597026,147.9
ENSG00000106511,MEOX2,0.874141414141414,39.6
ENSG00000139433,GLTP,0.8741404512233873,314.7
ENSG00000102753,KPNA3,0.8741262848751836,136.2
ENSG00000133169,BEX1,0.8740620335047271,602.9
ENSG00000178425,NT5DC1,0.8740536398467432,130.5
ENSG00000145604,SKP2,0.8740449438202247,35.6
ENSG00000173212,MAB21L3,0.8740425531914895,14.1
ENSG00000116661,FBXO2,0.8740283346698743,374.1
ENSG00000183833,CFAP91,0.8740259740259739,15.4
ENSG00000100644,HIF1A,0.8740212514757968,423.5
ENSG00000140990,NDUFB10,0.8740123203285421,1217.5
ENSG00000166025,AMOTL1,0.8739961759082219,104.6
ENSG00000135914,HTR2B,0.8739603960396042,20.2
ENSG00000157985,AGAP1,0.8738850574712643,43.5
ENSG00000183508,TENT5C,0.8738809523809524,84.0
ENSG00000169764,UGP2,0.8738425118365312,802.6
ENSG00000092140,G2E3,0.8738227848101264,39.5
ENSG00000145703,IQGAP2,0.8738185255198487,105.8
ENSG00000213930,GALT,0.8737697516930022,44.3
ENSG00000106305,AIMP2,0.8736730641958969,151.1
ENSG00000181191,PJA1,0.8736556291390728,151.0
ENSG00000177058,SLC38A9,0.8736279926335176,54.3
ENSG00000064270,ATP2C2,0.8736182336182335,35.1
ENSG00000145386,CCNA2,0.8735779816513761,43.6
ENSG00000159314,ARHGAP27,0.8735153583617747,87.9
ENSG00000118523,CCN2,0.8734812647321791,1230.3
ENSG00000112309,B3GAT2,0.8734117647058823,17.0
ENSG00000029153,BMAL2,0.8734099616858237,26.1
ENSG00000171320,ESCO2,0.8733980582524272,10.3
ENSG00000100906,NFKBIA,0.8733888599687664,960.5
ENSG00000072571,HMMR,0.873385214007782,25.7
ENSG00000242252,BGLAP,0.8733707865168541,17.8
ENSG00000155093,PTPRN2,0.8733621621621621,92.5
ENSG00000176171,BNIP3,0.8733509433962265,530.0
ENSG00000168071,CCDC88B,0.8733177022274325,85.3
ENSG00000130758,MAP3K10,0.8733061224489795,73.5
ENSG00000168309,FAM107A,0.8732972149327013,1181.3
ENSG00000158864,NDUFS2,0.8732961460446248,591.6
ENSG00000168818,STX18,0.8732624113475178,112.8
ENSG00000168140,VASN,0.8732372881355933,118.0
ENSG00000121871,SLITRK3,0.8732307692307691,13.0
ENSG00000168542,COL3A1,0.873192638257661,2222.3
ENSG00000089692,LAG3,0.873153153153153,22.2
ENSG00000158806,NPM2,0.8731290322580644,62.0
ENSG00000110881,ASIC1,0.8730666666666668,30.0
ENSG00000172379,ARNT2,0.8730461538461539,97.5
ENSG00000153707,PTPRD,0.8729923273657288,39.1
ENSG00000150048,CLEC1A,0.8729914529914531,46.8
ENSG00000182199,SHMT2,0.8729834006280842,222.9
ENSG00000188343,CIBAR1,0.8729676787463271,102.1
ENSG00000175229,GAL3ST3,0.8729032258064516,12.4
ENSG00000170624,SGCD,0.8728855721393035,40.2
ENSG00000196154,S100A4,0.8728508684368136,2003.6
ENSG00000149547,EI24,0.8728485964104925,434.6
ENSG00000131584,ACAP3,0.8728258064516129,155.0
ENSG00000166851,PLK1,0.8728117359413203,40.9
ENSG00000103034,NDRG4,0.8727921704087506,347.4
ENSG00000162241,SLC25A45,0.8726934984520122,32.3
ENSG00000135373,EHF,0.8726836471022517,270.9
ENSG00000143416,SELENBP1,0.8726580290537889,509.4
ENSG00000138623,SEMA7A,0.8726537216828478,61.8
ENSG00000134668,SPOCD1,0.8726415094339623,10.6
ENSG00000172156,CCL11,0.8726340326340326,42.9
ENSG00000119685,TTLL5,0.8725884543761638,53.7
ENSG00000197753,LHFPL5,0.8725581395348837,17.2
ENSG00000135835,KIAA1614,0.8725274725274726,27.3
ENSG00000064042,LIMCH1,0.8725144843568944,258.9
ENSG00000138759,FRAS1,0.8725,11.2
ENSG00000151067,CACNA1C,0.87248,25.0
ENSG00000108439,PNPO,0.8724728588661037,82.9
ENSG00000138029,HADHB,0.8724663151728178,1024.2
ENSG00000145794,MEGF10,0.8724590163934426,12.2
ENSG00000132854,KANK4,0.8724409448818897,12.7
ENSG00000100612,DHRS7,0.8724294497871671,634.3
ENSG00000138175,ARL3,0.8724076147816351,89.3
ENSG00000152467,ZSCAN1,0.8723870967741937,15.5
ENSG00000070159,PTPN3,0.8722689075630251,59.5
ENSG00000167702,KIFC2,0.8722439478584729,214.8
ENSG00000172071,EIF2AK3,0.8722388059701492,20.1
ENSG00000069493,CLEC2D,0.8722222222222221,50.4
ENSG00000244575,IGKV1-27,0.8722136461870947,323.9
ENSG00000137802,MAPKBP1,0.8721839080459769,69.6
ENSG00000060762,MPC1,0.8721403812824956,692.4
ENSG00000072952,IRAG1,0.8720964749536178,161.7
ENSG00000176624,MEX3C,0.8720904977375565,110.5
ENSG00000100722,ZC3H14,0.8720740740740741,162.0
ENSG00000142273,CBLC,0.8720668058455116,47.9
ENSG00000122122,SASH3,0.8720390070921985,112.8
ENSG00000114805,PLCH1,0.872,15.5
ENSG00000173068,BNC2,0.871963746223565,33.1
ENSG00000214193,SH3D21,0.871951219512195,32.8
ENSG00000107099,DOCK8,0.8718685121107265,57.8
ENSG00000095321,CRAT,0.8718568665377177,206.8
ENSG00000079819,EPB41L2,0.8718437118437117,327.6
ENSG00000153140,CETN3,0.8718226600985222,121.8
ENSG00000156463,SH3RF2,0.8718098720292505,54.7
ENSG00000183520,UTP11,0.871788908765653,111.8
ENSG00000088538,DOCK3,0.871783783783784,18.5
ENSG00000010219,DYRK4,0.8717784256559766,34.3
ENSG00000119227,PIGZ,0.871774193548387,37.2
ENSG00000136813,ECPAS,0.8717165492957746,227.2
ENSG00000198478,SH3BGRL2,0.8717005909389364,152.3
ENSG00000102024,PLS3,0.8716951030356748,451.3
ENSG00000154240,CEP112,0.871689497716895,43.8
ENSG00000104936,DMPK,0.8716830657690318,193.1
ENSG00000128594,LRRC4,0.8716783216783217,28.6
ENSG00000110492,MDK,0.8716209127469837,571.9
ENSG00000090013,BLVRB,0.8715353260869567,588.8
ENSG00000198736,MSRB1,0.871532732261858,255.1
ENSG00000112137,PHACTR1,0.8715175097276264,25.7
ENSG00000198826,ARHGAP11A,0.8714876033057851,24.2
ENSG00000134594,RAB33A,0.8714414414414415,44.4
ENSG00000106415,GLCCI1,0.8714012738853504,31.4
ENSG00000165105,RASEF,0.8713910761154855,38.1
ENSG00000090104,RGS1,0.8713508307247774,415.3
ENSG00000182871,COL18A1,0.871328339119313,547.3
ENSG00000158169,FANCC,0.8712820512820513,23.4
ENSG00000110031,LPXN,0.8712432432432433,111.0
ENSG00000092009,CMA1,0.8709826589595376,17.3
ENSG00000142583,SLC2A5,0.870916179337232,102.6
ENSG00000186642,PDE2A,0.8709110282365476,187.7
ENSG00000136167,LCP1,0.8708452807646355,669.6
ENSG00000173267,SNCG,0.8708258893590347,638.1
ENSG00000186472,PCLO,0.870754716981132,21.2
ENSG00000035664,DAPK2,0.8707488986784142,45.4
ENSG00000124299,PEPD,0.8707379954882372,310.3
ENSG00000054938,CHRDL2,0.8707366638441998,118.1
ENSG00000105499,PLA2G4C,0.8707250341997262,73.1
ENSG00000270472,IGHV3OR16-9,0.8706993865030674,81.5
ENSG00000197406,DIO3,0.8706730769230768,20.8
ENSG00000137959,IFI44L,0.8706596306068601,75.8
ENSG00000110324,IL10RA,0.8706424581005585,71.6
ENSG00000105875,WDR91,0.8706285714285715,17.5
ENSG00000164692,COL1A2,0.8706050214329456,1633.0
ENSG00000134817,APLNR,0.8705418719211822,101.5
ENSG00000182481,KPNA2,0.8704805725971372,195.6
ENSG00000228253,MT-ATP8,0.8704281178847448,355486.2
ENSG00000105514,RAB3D,0.8704186046511627,64.5
ENSG00000211595,IGKJ3,0.8703989920201596,952.4
ENSG00000153048,CARHSP1,0.8703690859549169,403.7
ENSG00000171227,TMEM37,0.8703672075149445,117.1
ENSG00000198003,ODAD3,0.8703597122302158,13.9
ENSG00000145936,KCNMB1,0.8703285151116951,76.1
ENSG00000101463,SYNDIG1,0.8702232142857143,44.8
ENSG00000119862,LGALSL,0.8702036199095022,88.4
ENSG00000171368,TPPP,0.870112528132033,133.3
ENSG00000255690,TRIL,0.8701052631578946,38.0
ENSG00000128872,TMOD2,0.8700792393026943,63.1
ENSG00000179855,GIPC3,0.8700645161290324,15.5
ENSG00000159231,CBR3,0.8700617283950618,64.8
ENSG00000182103,FAM181B,0.8700502512562812,19.9
ENSG00000113108,APBB3,0.87,23.6
ENSG00000152377,SPOCK1,0.8699653179190753,173.0
ENSG00000164620,RELL2,0.8699428571428571,35.0
ENSG00000170385,SLC30A1,0.8699378881987578,80.5
ENSG00000197565,COL4A6,0.8699255583126551,40.3
ENSG00000137960,GIPC2,0.8699224806201551,38.7
ENSG00000087303,NID2,0.8699136442141624,57.9
ENSG00000044524,EPHA3,0.8698983050847456,29.5
ENSG00000099219,ERMP1,0.8698564593301434,20.9
ENSG00000223865,HLA-DPB1,0.869813829787234,376.0
ENSG00000105755,ETHE1,0.8697998331943285,239.8
ENSG00000145335,SNCA,0.8697681489927782,263.1
ENSG00000178814,OPLAH,0.8697615262321144,62.9
ENSG00000164484,TMEM200A,0.8696739130434783,36.8
ENSG00000257108,NHLRC4,0.8696363636363635,11.0
ENSG00000106638,TBL2,0.8696062992125984,12.7
ENSG00000136868,SLC31A1,0.8695721393034826,100.5
ENSG00000074370,ATP2A3,0.8695532646048111,174.6
ENSG00000105655,ISYNA1,0.8694535519125682,219.6
ENSG00000140832,MARVELD3,0.869423076923077,31.2
ENSG00000198353,HOXC4,0.869406392694064,21.9
ENSG00000141179,PCTP,0.8693886462882096,91.6
ENSG00000119514,GALNT12,0.8693767705382437,70.6
ENSG00000134853,PDGFRA,0.8693467870419544,188.3
ENSG00000165966,PDZRN4,0.8692857142857142,16.8
ENSG00000162924,REL,0.8692351274787536,35.3
ENSG00000146416,AIG1,0.8691727272727273,220.0
ENSG00000204472,AIF1,0.8691127232142857,358.4
ENSG00000166106,ADAMTS15,0.8690756302521007,23.8
ENSG00000077585,GPR137B,0.8690445859872611,125.6
ENSG00000105767,CADM4,0.8690265486725665,203.4
ENSG00000178397,FAM220A,0.8690260631001374,72.9
ENSG00000186666,BCDIN3D,0.8689215686274513,20.4
ENSG00000157103,SLC6A1,0.8689018691588783,85.6
ENSG00000204856,FAM216A,0.868900900900901,55.5
ENSG00000108691,CCL2,0.8688930099857347,701.0
ENSG00000090659,CD209,0.8688125000000001,32.0
ENSG00000179299,NSUN7,0.8687012987012989,15.4
ENSG00000164611,PTTG1,0.8687004270896886,163.9
ENSG00000105289,TJP3,0.8686913580246914,40.5
ENSG00000089820,ARHGAP4,0.8686888111888114,114.4
ENSG00000122861,PLAU,0.8686359832635983,119.5
ENSG00000048342,CC2D2A,0.868545918367347,78.4
ENSG00000114473,IQCG,0.8685271317829459,51.6
ENSG00000177030,DEAF1,0.8684579439252336,42.8
ENSG00000205413,SAMD9,0.8683378746594006,36.7
ENSG00000163040,CCDC74A,0.868328611898017,70.6
ENSG00000140525,FANCI,0.8683091787439614,41.4
ENSG00000158856,DMTN,0.868267000940144,319.1
ENSG00000174808,BTC,0.8682258064516131,24.8
ENSG00000204642,HLA-F,0.8682175925925926,172.8
ENSG00000125246,CLYBL,0.8681362725450902,99.8
ENSG00000075651,PLD1,0.8680835380835381,81.4
ENSG00000235169,SMIM1,0.8680334728033473,47.8
ENSG00000054690,PLEKHH1,0.8680094786729857,42.2
ENSG00000100522,GNPNAT1,0.8679889042995839,72.1
ENSG00000169379,ARL13B,0.8679761904761903,16.8
ENSG00000010361,FUZ,0.8679527559055118,76.2
ENSG00000165168,CYBB,0.8679494007989349,150.2
ENSG00000182175,RGMA,0.8679450607501319,189.3
ENSG00000141448,GATA6,0.8679315263908702,70.1
ENSG00000116871,MAP7D1,0.8679283314669652,267.9
ENSG00000100342,APOL1,0.8679025549613785,168.3
ENSG00000178537,SLC25A20,0.8679019466474405,138.7
ENSG00000074527,NTN4,0.8678362573099414,171.0
ENSG00000136826,KLF4,0.8677610333692143,185.8
ENSG00000011347,SYT7,0.8676923076923078,79.3
ENSG00000171444,MCC,0.8676782449725776,54.7
ENSG00000180537,RNF182,0.8676729559748427,15.9
ENSG00000103995,CEP152,0.8676129032258065,15.5
ENSG00000147119,CHST7,0.8675624999999999,32.0
ENSG00000151320,AKAP6,0.8675538160469668,51.1
ENSG00000133131,MORC4,0.8675234270414992,74.7
ENSG00000167861,HID1,0.8674539249146759,146.5
ENSG00000173175,ADCY5,0.8674521651560926,99.3
ENSG00000032742,IFT88,0.8674503816793893,65.5
ENSG00000134443,GRP,0.8674193548387096,12.4
ENSG00000168517,HEXIM2,0.8674022988505747,43.5
ENSG00000123342,MMP19,0.8673544973544974,37.8
ENSG00000151322,NPAS3,0.86734375,12.8
ENSG00000144815,NXPE3,0.8673249551166965,55.7
ENSG00000138606,SHF,0.8672964169381108,61.4
ENSG00000105662,CRTC1,0.8672651933701657,72.4
ENSG00000132196,HSD17B7,0.8672248062015503,64.5
ENSG00000105552,BCAT2,0.8672027972027972,200.2
ENSG00000152413,HOMER1,0.8671473354231974,31.9
ENSG00000186862,PDZD7,0.867075471698113,21.2
ENSG00000081923,ATP8B1,0.8670308123249301,71.4
ENSG00000185862,EVI2B,0.8670252100840337,178.5
ENSG00000099866,MADCAM1,0.8670229007633589,13.1
ENSG00000198682,PAPSS2,0.866888720666162,132.1
ENSG00000165490,DDIAS,0.8668627450980392,10.2
ENSG00000164989,CCDC171,0.8668571428571429,10.5
ENSG00000134516,DOCK2,0.8668263473053892,50.1
ENSG00000143418,CERS2,0.8668050884632256,683.9
ENSG00000150593,PDCD4,0.8667072402938091,476.5
ENSG00000113396,SLC27A6,0.8666086956521739,23.0
ENSG00000160298,C21orf58,0.866586345381526,24.9
ENSG00000136002,ARHGEF4,0.8665005192107996,96.3
ENSG00000273604,EPOP,0.8663703703703705,13.5
ENSG00000125810,CD93,0.8663418406805878,129.3
ENSG00000213424,KRT222,0.8663157894736842,11.4
ENSG00000203943,SAMD13,0.8663106796116504,20.6
ENSG00000240065,PSMB9,0.866272273699216,140.3
ENSG00000103064,SLC7A6,0.8662388059701494,67.0
ENSG00000112936,C7,0.8662084977942883,861.4
ENSG00000119661,DNAL1,0.8661960784313727,51.0
ENSG00000175449,RFESD,0.8661904761904762,16.8
ENSG00000147364,FBXO25,0.8660698689956331,91.6
ENSG00000175899,A2M,0.8659235063546739,1683.8
ENSG00000288623,ENSG00000288623,0.8659130434782609,11.5
ENSG00000142632,ARHGEF19,0.8658955223880598,26.8
ENSG00000140030,GPR65,0.8658823529411765,11.9
ENSG00000164161,HHIP,0.8658823529411763,15.3
ENSG00000107864,CPEB3,0.8658471760797342,30.1
ENSG00000175806,MSRA,0.8658245614035086,85.5
ENSG00000172458,IL17D,0.8657891202149092,148.9
ENSG00000172164,SNTB1,0.8657724550898203,83.5
ENSG00000116885,OSCP1,0.8657142857142859,79.1
ENSG00000135776,ABCB10,0.8657142857142855,56.7
ENSG00000186314,PRELID2,0.8657004830917873,20.7
ENSG00000072786,STK10,0.8656984785615491,72.3
ENSG00000070214,SLC44A1,0.865673202614379,229.5
ENSG00000104341,LAPTM4B,0.865672913117547,352.2
ENSG00000172115,CYCS,0.8656316141995981,746.5
ENSG00000204065,TCEAL5,0.8656288478452067,113.7
ENSG00000139178,C1RL,0.865558867362146,134.2
ENSG00000144357,UBR3,0.8655104551045509,81.3
ENSG00000132623,ANKEF1,0.8654545454545455,13.2
ENSG00000187957,DNER,0.8654495159059473,144.6
ENSG00000151611,MMAA,0.865414847161572,22.9
ENSG00000146426,TIAM2,0.8654098360655736,12.2
ENSG00000115998,C2orf42,0.8653985507246377,55.2
ENSG00000168038,ULK4,0.8653881278538813,21.9
ENSG00000124006,OBSL1,0.8652916160388819,329.2
ENSG00000100219,XBP1,0.8652907556926427,1102.3
ENSG00000154928,EPHB1,0.8652849740932642,19.3
ENSG00000085276,MECOM,0.8650867052023123,69.2
ENSG00000160145,KALRN,0.865049504950495,40.4
ENSG00000284976,ENSG00000284976,0.8650381679389314,65.5
ENSG00000158473,CD1D,0.865,13.2
ENSG00000158714,SLAMF8,0.8649350649350649,30.8
ENSG00000171819,ANGPTL7,0.8649142857142859,17.5
ENSG00000155816,FMN2,0.8648888888888889,36.0
ENSG00000205269,TMEM170B,0.8648739495798319,23.8
ENSG00000059377,TBXAS1,0.8648428835489834,54.1
ENSG00000100412,ACO2,0.8648092307692307,650.0
ENSG00000110719,TCIRG1,0.8647862019403522,278.3
ENSG00000147642,SYBU,0.8647849056603775,132.5
ENSG00000171316,CHD7,0.8647719298245614,28.5
ENSG00000205221,VIT,0.8647395833333333,38.4
ENSG00000179913,B3GNT3,0.8646973365617433,41.3
ENSG00000122873,CISD1,0.8646770025839794,77.4
ENSG00000077157,PPP1R12B,0.864645739910314,334.5
ENSG00000162063,CCNF,0.8645390070921987,14.1
ENSG00000054523,KIF1B,0.8645346320346321,184.8
ENSG00000211685,IGLC7,0.8644798500468603,106.7
ENSG00000103260,METRN,0.8644592516658123,390.2
ENSG00000119946,CNNM1,0.8643939393939394,13.2
ENSG00000140025,EFCAB11,0.8643750000000001,35.2
ENSG00000130635,COL5A1,0.8643676572218384,144.7
ENSG00000149554,CHEK1,0.8643205574912893,28.7
ENSG00000165443,PHYHIPL,0.8641634241245135,51.4
ENSG00000120254,MTHFD1L,0.8640796019900499,60.3
ENSG00000177380,PPFIA3,0.8640197693574957,60.7
ENSG00000149091,DGKZ,0.8640089686098655,223.0
ENSG00000050393,MCUR1,0.8639682539682539,75.6
ENSG00000108821,COL1A1,0.8639420150568636,1248.6
ENSG00000124749,COL21A1,0.8638596491228071,28.5
ENSG00000111247,RAD51AP1,0.8637735849056605,15.9
ENSG00000136153,LMO7,0.8637687366167023,233.5
ENSG00000173535,TNFRSF10C,0.86375,22.4
ENSG00000154856,APCDD1,0.8637163814180927,122.7
ENSG00000151702,FLI1,0.8636418816388466,65.9
ENSG00000183793,NPIPA5,0.8636159600997507,160.4
ENSG00000112981,NME5,0.8636144578313254,49.8
ENSG00000161642,ZNF385A,0.8635910652920962,232.8
ENSG00000168824,NSG1,0.8635858964741184,133.3
ENSG00000164221,CCDC112,0.8635789473684211,38.0
ENSG00000189409,MMP23B,0.8635741444866922,26.3
ENSG00000025039,RRAGD,0.8635398230088497,79.1
ENSG00000211694,TRGV10,0.8634848484848484,13.2
ENSG00000269502,DMRTC1,0.8634710743801652,12.1
ENSG00000171159,BBLN,0.8634636510500806,619.0
ENSG00000163701,IL17RE,0.8634459459459459,29.6
ENSG00000158164,TMSB15A,0.8633962264150944,15.9
ENSG00000113368,LMNB1,0.8633551198257079,45.9
ENSG00000156011,PSD3,0.8633486943164362,65.1
ENSG00000166482,MFAP4,0.8633232284956422,1055.6
ENSG00000086015,MAST2,0.8632837670384138,161.4
ENSG00000185432,METTL7A,0.8632220536165909,395.4
ENSG00000176788,BASP1,0.8632183302607322,379.7
ENSG00000172183,ISG20,0.8631710079275198,176.6
ENSG00000046604,DSG2,0.863164983164983,148.5
ENSG00000174842,GLMN,0.8631491712707183,36.2
ENSG00000107518,ATRNL1,0.863139534883721,17.2
ENSG00000095209,TMEM38B,0.8630790960451976,70.8
ENSG00000085999,RAD54L,0.8630769230769231,14.3
ENSG00000108106,UBE2S,0.8630095759233926,146.2
ENSG00000149922,TBX6,0.8630075187969927,13.3
ENSG00000146950,SHROOM2,0.8630051813471503,19.3
ENSG00000204160,ZDHHC18,0.8629712163416898,107.7
ENSG00000170634,ACYP2,0.8629691583899635,191.3
ENSG00000123983,ACSL3,0.8629277331686225,161.9
ENSG00000178947,SMIM10L2A,0.8629015544041451,38.6
ENSG00000122644,ARL4A,0.8628587196467992,181.2
ENSG00000170166,HOXD4,0.8628472222222224,28.8
ENSG00000153885,KCTD15,0.8628457446808511,75.2
ENSG00000137267,TUBB2A,0.8628386858619416,541.8
ENSG00000143891,GALM,0.8628035714285712,112.0
ENSG00000131094,C1QL1,0.8627207637231505,41.9
ENSG00000198825,INPP5F,0.8627160493827161,137.7
ENSG00000084710,EFR3B,0.8626461538461537,32.5
ENSG00000116852,KIF21B,0.8626006191950465,32.3
ENSG00000204681,GABBR1,0.8625757575757577,224.4
ENSG00000175595,ERCC4,0.8625730994152048,17.1
ENSG00000135631,RAB11FIP5,0.8625714285714285,35.0
ENSG00000065325,GLP2R,0.8625373134328359,13.4
ENSG00000006432,MAP3K9,0.8625301204819277,16.6
ENSG00000183801,OLFML1,0.8625,63.2
ENSG00000172349,IL16,0.8624743892829,126.9
ENSG00000163909,HEYL,0.8624414303329224,81.1
ENSG00000100228,RAB36,0.8624124513618676,25.7
ENSG00000135541,AHI1,0.8623809523809526,25.2
ENSG00000277758,SYT15B,0.8623300970873786,10.3
ENSG00000154080,CHST9,0.862222222222222,12.6
ENSG00000150540,HNMT,0.8621767522855898,229.7
ENSG00000162878,PKDCC,0.8621647058823528,85.0
ENSG00000177106,EPS8L2,0.8621389793702495,184.2
ENSG00000087074,PPP1R15A,0.8621201814058957,529.2
ENSG00000145911,N4BP3,0.8620915032679737,15.3
ENSG00000213585,VDAC1,0.8620724859622255,979.5
ENSG00000184515,BEX5,0.8620079787234043,150.4
ENSG00000178038,ALS2CL,0.8619830028328611,35.3
ENSG00000064393,HIPK2,0.8619164955509925,146.1
ENSG00000131462,TUBG1,0.8618826563507415,155.1
ENSG00000198899,MT-ATP6,0.8617898591990195,240225.6
ENSG00000169021,UQCRFS1,0.8617895919131411,267.1
ENSG00000057657,PRDM1,0.8617341040462427,51.9
ENSG00000169750,RAC3,0.8616470588235292,68.0
ENSG00000011105,TSPAN9,0.8616430976430975,148.5
ENSG00000150867,PIP4K2A,0.8616345347862533,238.6
ENSG00000140807,NKD1,0.8616326530612245,14.7
ENSG00000130940,CASZ1,0.8616239316239317,46.8
ENSG00000187123,LYPD6,0.8616216216216217,14.8
ENSG00000117632,STMN1,0.8615847234416155,1366.8
ENSG00000166147,FBN1,0.8615235008103727,61.7
ENSG00000099864,PALM,0.8615095628415302,292.8
ENSG00000120549,KIAA1217,0.8614990138067061,101.4
ENSG00000197757,HOXC6,0.861483870967742,31.0
ENSG00000114251,WNT5A,0.8614814814814816,32.4
ENSG00000077458,FAM76B,0.8614477211796246,37.3
ENSG00000147852,VLDLR,0.8614241486068113,32.3
ENSG00000166002,SMCO4,0.8614239130434781,184.0
ENSG00000138166,DUSP5,0.8613805742211362,163.7
ENSG00000128989,ARPP19,0.8613294557540507,481.4
ENSG00000197769,MAP1LC3C,0.8612121212121211,13.2
ENSG00000181035,SLC25A42,0.861157894736842,76.0
ENSG00000094804,CDC6,0.8610894941634243,25.7
ENSG00000198121,LPAR1,0.861070780399274,220.4
ENSG00000185008,ROBO2,0.8610687022900764,13.1
ENSG00000166402,TUB,0.8610196078431371,76.5
ENSG00000244486,SCARF2,0.8610105263157897,47.5
ENSG00000197614,MFAP5,0.8609848484848485,184.8
ENSG00000165495,PKNOX2,0.8609439528023599,33.9
ENSG00000165905,LARGE2,0.8609302325581395,34.4
ENSG00000134709,HOOK1,0.8607708779443256,46.7
ENSG00000108578,BLMH,0.8607165109034268,128.4
ENSG00000175040,CHST2,0.8606827309236946,49.8
ENSG00000185634,SHC4,0.8606802721088436,14.7
ENSG00000109089,CDR2L,0.8606462585034014,58.8
ENSG00000164850,GPER1,0.8606356968215159,40.9
ENSG00000124374,PAIP2B,0.8606193969030156,122.7
ENSG00000102032,RENBP,0.8606176470588237,68.0
ENSG00000182853,VMO1,0.8606164383561644,29.2
ENSG00000108797,CNTNAP1,0.8606052269601101,72.7
ENSG00000106617,PRKAG2,0.8605887162714636,122.3
ENSG00000206052,DOK6,0.8605825242718447,20.6
ENSG00000141441,GAREM1,0.860567375886525,28.2
ENSG00000066294,CD84,0.8605309734513275,22.6
ENSG00000163684,RPP14,0.860524934383202,38.1
ENSG00000139182,CLSTN3,0.8604366812227074,137.4
ENSG00000072110,ACTN1,0.860432605647907,499.3
ENSG00000010610,CD4,0.860352595494613,204.2
ENSG00000198840,MT-ND3,0.8603443777943228,186829.7
ENSG00000235387,SPAAR,0.8603418803418803,11.7
ENSG00000185189,NRBP2,0.8603361344537817,95.2
ENSG00000174938,SEZ6L2,0.8603030303030303,99.0
ENSG00000026751,SLAMF7,0.8602758620689654,58.0
ENSG00000183615,FAM167B,0.8602702702702701,44.4
ENSG00000156265,MAP3K7CL,0.86018779342723,42.6
ENSG00000149292,TTC12,0.8601649484536084,48.5
ENSG00000122966,CIT,0.8601492537313432,13.4
ENSG00000183426,NPIPA1,0.8601306076093129,352.2
ENSG00000213853,EMP2,0.8601211556383972,214.6
ENSG00000127084,FGD3,0.8601072386058981,37.3
ENSG00000102445,RUBCNL,0.860103896103896,38.5
ENSG00000103647,CORO2B,0.8600421496311909,94.9
ENSG00000011052,NME1-NME2,0.8600420168067228,47.6
ENSG00000134780,DAGLA,0.8600000000000001,12.3
ENSG00000040199,PHLPP2,0.86,29.8
ENSG00000197646,PDCD1LG2,0.8599999999999999,14.3
ENSG00000128918,ALDH1A2,0.8599739921976596,76.9
ENSG00000130303,BST2,0.8599556868537667,677.0
ENSG00000153071,DAB2,0.8599248826291079,213.0
ENSG00000128203,ASPHD2,0.8598924731182795,18.6
ENSG00000115226,FNDC4,0.8598725099601596,125.5
ENSG00000267001,ENSG00000267001,0.8598461538461538,13.0
ENSG00000105088,OLFM2,0.8598215348007139,168.1
ENSG00000139625,MAP3K12,0.8598148148148148,64.8
ENSG00000184254,ALDH1A3,0.8597783056215361,126.3
ENSG00000181585,TMIE,0.8597142857142858,14.0
ENSG00000266094,RASSF5,0.8597093023255813,103.2
ENSG00000063241,ISOC2,0.8596803652968036,262.8
ENSG00000187260,WDR86,0.8596376811594202,27.6
ENSG00000170522,ELOVL6,0.8596141479099678,31.1
ENSG00000146215,CRIP3,0.8595934959349595,24.6
ENSG00000114480,GBE1,0.8595771670190275,141.9
ENSG00000104490,NCALD,0.859575596816976,113.1
ENSG00000068001,HYAL2,0.8595417789757412,296.8
ENSG00000087245,MMP2,0.8594408688656476,994.4
ENSG00000132646,PCNA,0.8594301521438452,361.5
ENSG00000165507,DEPP1,0.8594291040428754,858.3
ENSG00000149679,CABLES2,0.8593877551020409,29.4
ENSG00000198502,HLA-DRB5,0.8593801965230538,396.9
ENSG00000198886,MT-ND4,0.8593727481422728,197808.9
ENSG00000137124,ALDH1B1,0.8593308550185873,161.4
ENSG00000211637,IGLV4-69,0.8592845528455285,430.5
ENSG00000005882,PDK2,0.859270127915726,265.8
ENSG00000132535,DLG4,0.859242424242424,211.2
ENSG00000167617,CDC42EP5,0.8592211055276383,79.6
ENSG00000178750,STX19,0.8592207792207793,15.4
ENSG00000237289,CKMT1B,0.859179304192685,112.1
ENSG00000168056,LTBP3,0.8591530657256286,226.7
ENSG00000243449,C4orf48,0.8591449565798263,149.7
ENSG00000171174,RBKS,0.8591244239631337,43.4
ENSG00000163362,INAVA,0.85911877394636,52.2
ENSG00000198270,TMEM116,0.8591134751773051,56.4
ENSG00000129450,SIGLEC9,0.8590954773869345,19.9
ENSG00000145423,SFRP2,0.8590877192982457,342.0
ENSG00000167705,RILP,0.859079754601227,65.2
ENSG00000145012,LPP,0.8590654205607475,128.4
ENSG00000130300,PLVAP,0.8589651883643299,419.4
ENSG00000087076,HSD17B14,0.858888888888889,138.6
ENSG00000197380,DACT3,0.8588758389261745,119.2
ENSG00000141480,ARRB2,0.8588273092369478,249.0
ENSG00000163814,CDCP1,0.8588268156424581,35.8
ENSG00000169760,NLGN1,0.8588235294117647,11.9
ENSG00000198727,MT-CYB,0.8587483082156706,131222.4
ENSG00000150977,RILPL2,0.8587067395264117,109.8
ENSG00000143147,GPR161,0.8586770428015565,25.7
ENSG00000140564,FURIN,0.8586615310544055,207.7
ENSG00000213672,NCKIPSD,0.8586375545851527,114.5
ENSG00000074211,PPP2R2C,0.858625,112.0
ENSG00000151176,PLBD2,0.8586217457886677,130.6
ENSG00000169439,SDC2,0.8586093023255813,430.0
ENSG00000196139,AKR1C3,0.858583815028902,415.2
ENSG00000109107,ALDOC,0.8585766170875128,1156.4
ENSG00000184451,CCR10,0.8585714285714287,19.6
ENSG00000101400,SNTA1,0.8585434356629655,306.2
ENSG00000064655,EYA2,0.8585086042065008,52.3
ENSG00000102362,SYTL4,0.8584959349593495,49.2
ENSG00000163406,SLC15A2,0.8584937238493724,47.8
ENSG00000183077,AFMID,0.8584643071385724,166.7
ENSG00000112294,ALDH5A1,0.8584615384615387,92.3
ENSG00000206077,ZDHHC11B,0.8583844011142062,35.9
ENSG00000134954,ETS1,0.8583636363636363,253.0
ENSG00000111319,SCNN1A,0.8583234180638183,184.9
ENSG00000157303,SUSD3,0.8583224115334207,76.3
ENSG00000102096,PIM2,0.858310412573674,152.7
ENSG00000151883,PARP8,0.858235294117647,81.6
ENSG00000121361,KCNJ8,0.8581846635367762,63.9
ENSG00000276045,ORAI1,0.8580982567353408,63.1
ENSG00000177508,IRX3,0.8580575539568345,83.4
ENSG00000128573,FOXP2,0.8580459770114942,17.4
ENSG00000105419,MEIS3,0.8578819444444444,115.2
ENSG00000124171,PARD6B,0.8578666666666667,15.0
ENSG00000070190,DAPP1,0.8578393351800555,36.1
ENSG00000135643,KCNMB4,0.8577952755905511,38.1
ENSG00000141968,VAV1,0.8576516634050881,51.1
ENSG00000197943,PLCG2,0.8576359338061467,42.3
ENSG00000178852,EFCAB13,0.857591623036649,19.1
ENSG00000181513,ACBD4,0.857574421168688,90.7
ENSG00000130413,STK33,0.8575663716814159,45.2
ENSG00000171056,SOX7,0.8575490196078431,40.8
ENSG00000174946,GPR171,0.8575124378109454,20.1
ENSG00000129946,SHC2,0.8575099601593625,100.4
ENSG00000010256,UQCRC1,0.8574833474627589,825.7
ENSG00000071073,MGAT4A,0.8574364640883979,90.5
ENSG00000117226,GBP3,0.8574358974358973,74.1
ENSG00000176595,KBTBD11,0.8574285714285712,35.0
ENSG00000107798,LIPA,0.8574047428723688,375.3
ENSG00000144354,CDCA7,0.8574038461538461,41.6
ENSG00000106823,ECM2,0.8573584905660376,116.6
ENSG00000133805,AMPD3,0.8573486088379704,61.1
ENSG00000090020,SLC9A1,0.8572815533980582,72.1
ENSG00000251322,SHANK3,0.857228992944195,155.9
ENSG00000129007,CALML4,0.8571900826446281,36.3
ENSG00000170390,DCLK2,0.8571615720524018,45.8
ENSG00000100284,TOM1,0.8571495766698025,212.6
ENSG00000100321,SYNGR1,0.8570983533600356,224.7
ENSG00000187164,SHTN1,0.8570943396226416,53.0
ENSG00000197442,MAP3K5,0.8570192307692307,83.2
ENSG00000088682,COQ9,0.857007939824488,239.3
ENSG00000080986,NDC80,0.8570068027210884,29.4
ENSG00000164430,CGAS,0.8569696969696969,13.2
ENSG00000204136,GGTA1,0.856842105263158,125.4
ENSG00000117394,SLC2A1,0.8568069039913699,92.7
ENSG00000081026,MAGI3,0.8567701863354036,32.2
ENSG00000169118,CSNK1G1,0.8567567567567568,33.3
ENSG00000166192,SENP8,0.8567123287671233,14.6
ENSG00000131848,ZSCAN5A,0.8567058823529412,17.0
ENSG00000141574,SECTM1,0.8566588235294117,85.0
ENSG00000169946,ZFPM2,0.8566049382716051,32.4
ENSG00000153898,MCOLN2,0.8565957446808511,14.1
ENSG00000284526,ENSG00000284526,0.8565811965811965,23.4
ENSG00000050438,SLC4A8,0.856568047337278,16.9
ENSG00000185761,ADAMTSL5,0.8565605095541402,31.4
ENSG00000188312,CENPP,0.8565517241379311,20.3
ENSG00000079308,TNS1,0.8565416047548291,538.4
ENSG00000108551,RASD1,0.8565027011657663,351.7
ENSG00000189159,JPT1,0.8564580694198126,394.7
ENSG00000130590,SAMD10,0.8564309764309763,29.7
ENSG00000078596,ITM2A,0.8564216827402725,300.7
ENSG00000062485,CS,0.8563101604278076,561.0
ENSG00000268043,NBPF12,0.8562705667276053,54.7
ENSG00000087258,GNAO1,0.8562612612612612,133.2
ENSG00000155629,PIK3AP1,0.8562467866323906,77.8
ENSG00000253251,SHLD3,0.8562424242424242,16.5
ENSG00000113448,PDE4D,0.8562376237623763,70.7
ENSG00000212907,MT-ND4L,0.8561624213057627,149995.1
ENSG00000227191,TRGC2,0.8560666666666666,30.0
ENSG00000183960,KCNH8,0.8559999999999998,10.5
ENSG00000164949,GEM,0.8559329920893439,214.9
ENSG00000176681,LRRC37A,0.8559322033898306,11.8
ENSG00000131409,LRRC4B,0.8559159159159161,99.9
ENSG00000206418,RAB12,0.8558957293399891,180.3
ENSG00000163751,CPA3,0.8558817921830314,104.9
ENSG00000105486,LIG1,0.8558762886597937,29.1
ENSG00000160588,MPZL3,0.85575,32.0
ENSG00000153208,MERTK,0.8557285873192435,89.9
ENSG00000156298,TSPAN7,0.8557111209570226,677.1
ENSG00000079931,MOXD1,0.8556734693877551,73.5
ENSG00000163359,COL6A3,0.8556548378861375,391.7
ENSG00000004660,CAMKK1,0.8555840455840458,70.2
ENSG00000137834,SMAD6,0.8555709342560553,28.9
ENSG00000127824,TUBA4A,0.8555362821624748,345.9
ENSG00000136732,GYPC,0.8554908565928777,415.6
ENSG00000198604,BAZ1A,0.8554545454545456,70.4
ENSG00000111452,ADGRD1,0.8554212454212454,54.6
ENSG00000026025,VIM,0.8554063105302221,5524.1
ENSG00000168994,PXDC1,0.8553161592505856,213.5
ENSG00000129521,EGLN3,0.8551706036745408,114.3
ENSG00000016391,CHDH,0.855156695156695,35.1
ENSG00000119801,YPEL5,0.8551402321083172,413.6
ENSG00000163873,GRIK3,0.8550943396226416,10.6
ENSG00000198804,MT-CO1,0.8550862256754199,265338.6
ENSG00000138696,BMPR1B,0.8550862068965518,23.2
ENSG00000023228,NDUFS1,0.8550118764845606,210.5
ENSG00000167984,NLRC3,0.8549606299212599,12.7
ENSG00000162777,DENND2D,0.8549202733485194,87.8
ENSG00000140876,NUDT7,0.8549085365853658,65.6
ENSG00000159199,ATP5MC1,0.8548862225899876,1208.5
ENSG00000204531,POU5F1,0.8548809523809524,16.8
ENSG00000106688,SLC1A1,0.8548440065681444,60.9
ENSG00000156110,ADK,0.8548158640226627,141.2
ENSG00000133193,FAM104A,0.8547900968783638,92.9
ENSG00000235750,KIAA0040,0.8547881355932203,94.4
ENSG00000048540,LMO3,0.8547826086956521,110.4
ENSG00000107742,SPOCK2,0.8547440585009142,218.8
ENSG00000142871,CCN1,0.8547008909630887,471.4
ENSG00000184828,ZBTB7C,0.8546632124352329,38.6
ENSG00000101000,PROCR,0.8546544546211492,120.1
ENSG00000175928,LRRN1,0.8546496815286625,15.7
ENSG00000152061,RABGAP1L,0.8546214099216711,114.9
ENSG00000146701,MDH2,0.8545902894777148,652.9
ENSG00000089234,BRAP,0.8545826771653543,63.5
ENSG00000211593,IGKJ5,0.8545788053949904,1297.5
ENSG00000110900,TSPAN11,0.8545374449339207,22.7
ENSG00000164932,CTHRC1,0.8545325443786982,84.5
ENSG00000196557,CACNA1H,0.8545261121856866,103.4
ENSG00000166451,CENPN,0.8545197740112994,35.4
ENSG00000126351,THRA,0.8544461077844311,400.8
ENSG00000164066,INTU,0.8544262295081967,12.2
ENSG00000141738,GRB7,0.8544162436548224,59.1
ENSG00000133110,POSTN,0.8543484925907002,195.7
ENSG00000130762,ARHGEF16,0.8543478260869566,41.4
ENSG00000145832,SLC25A48,0.8543243243243244,14.8
ENSG00000267795,SMIM22,0.854290521592821,178.3
ENSG00000115461,IGFBP5,0.8542626695217703,1401.0
ENSG00000131899,LLGL1,0.8542372881355931,64.9
ENSG00000175538,KCNE3,0.8541691842900301,66.2
ENSG00000136235,GPNMB,0.854161649334063,548.1
ENSG00000049283,EPN3,0.8540804597701148,34.8
ENSG00000058668,ATP2B4,0.8540376442015786,164.7
ENSG00000166682,TMPRSS5,0.8540229885057472,17.4
ENSG00000078098,FAP,0.8540136054421769,29.4
ENSG00000088320,REM1,0.8539823008849559,22.6
ENSG00000185909,KLHDC8B,0.8539369442198869,123.7
ENSG00000167772,ANGPTL4,0.8538936170212765,188.0
ENSG00000135063,ENTREP1,0.853876739562624,50.3
ENSG00000101856,PGRMC1,0.8538386230854255,633.3
ENSG00000173898,SPTBN2,0.8537896494156929,59.9
ENSG00000203724,C1orf53,0.8537662337662337,15.4
ENSG00000165355,FBXO33,0.8536237623762375,50.5
ENSG00000141293,SKAP1,0.8535735735735734,33.3
ENSG00000117595,IRF6,0.8535638808837657,104.1
ENSG00000113070,HBEGF,0.8535451505016722,119.6
ENSG00000064989,CALCRL,0.85353591160221,72.4
ENSG00000132329,RAMP1,0.8535350915117451,693.9
ENSG00000122691,TWIST1,0.8535177865612649,25.3
ENSG00000168411,RFWD3,0.8534966592427616,44.9
ENSG00000175895,PLEKHF2,0.8534436401240952,96.7
ENSG00000117399,CDC20,0.8534251968503938,50.8
ENSG00000176845,METRNL,0.8534004834810637,248.2
ENSG00000135052,GOLM1,0.8533724966622163,374.5
ENSG00000168528,SERINC2,0.8533278008298756,241.0
ENSG00000198721,ECI2,0.8532911392405063,395.0
ENSG00000143878,RHOB,0.8532827669902914,1648.0
ENSG00000101911,PRPS2,0.8532788798133022,171.4
ENSG00000013810,TACC3,0.8532234432234432,54.6
ENSG00000165475,CRYL1,0.8531946701332467,307.7
ENSG00000242574,HLA-DMB,0.8531678252234361,100.7
ENSG00000128245,YWHAH,0.8531594123300837,728.3
ENSG00000170430,MGMT,0.8530897537728356,125.9
ENSG00000141542,RAB40B,0.8530827067669173,106.4
ENSG00000219438,TAFA5,0.8530154639175257,77.6
ENSG00000136143,SUCLA2,0.8530051201260338,253.9
ENSG00000206190,ATP10A,0.8529842931937172,19.1
ENSG00000127948,POR,0.8529371584699454,292.8
ENSG00000139211,AMIGO2,0.852873900293255,68.2
ENSG00000101938,CHRDL1,0.8528476821192055,211.4
ENSG00000105963,ADAP1,0.8528299008390543,131.1
ENSG00000196911,KPNA5,0.8528061224489796,39.2
ENSG00000175279,CENPS,0.852801724137931,46.4
ENSG00000196950,SLC39A10,0.852787610619469,45.2
ENSG00000136848,DAB2IP,0.8527486187845307,144.8
ENSG00000160593,JAML,0.8527469135802468,64.8
ENSG00000166073,GPR176,0.8527167630057804,34.6
ENSG00000042445,RETSAT,0.8526520051746442,231.9
ENSG00000178773,CPNE7,0.8526373626373625,18.2
ENSG00000072832,CRMP1,0.8525997581620314,82.7
ENSG00000089639,GMIP,0.8524615384615383,52.0
ENSG00000154153,RETREG1,0.8524085106382979,117.5
ENSG00000205268,PDE7A,0.8523290386521307,100.9
ENSG00000167874,TMEM88,0.8522699386503068,97.8
ENSG00000166510,CCDC68,0.8522622950819673,30.5
ENSG00000156475,PPP2R2B,0.8522613065326632,59.7
ENSG00000197530,MIB2,0.8521535181236674,46.9
ENSG00000172987,HPSE2,0.8520945945945947,29.6
ENSG00000136810,TXN,0.8520504120213281,1237.8
ENSG00000119782,FKBP1B,0.8520217096336499,73.7
ENSG00000072310,SREBF1,0.852018654230513,150.1
ENSG00000148344,PTGES,0.8519748427672957,79.5
ENSG00000120063,GNA13,0.8519648093841642,136.4
ENSG00000125378,BMP4,0.8519571045576408,74.6
ENSG00000115841,RMDN2,0.8519499999999998,40.0
ENSG00000161381,PLXDC1,0.8519376391982183,44.9
ENSG00000143196,DPT,0.8518905126420785,431.1
ENSG00000197747,S100A10,0.8518822188073166,2017.3
ENSG00000169508,GPR183,0.8518720602069615,106.3
ENSG00000138074,SLC5A6,0.8518295218295219,96.2
ENSG00000177464,GPR4,0.851780104712042,38.2
ENSG00000164530,PI16,0.8517540181691124,143.1
ENSG00000168874,ATOH8,0.8517441860465117,17.2
ENSG00000102218,RP2,0.8516488222698073,46.7
ENSG00000179639,FCER1A,0.8516239316239319,35.1
ENSG00000189227,C15orf61,0.8516216216216216,22.2
ENSG00000111110,PPM1H,0.851608040201005,39.8
ENSG00000132376,INPP5K,0.851530094271211,137.9
ENSG00000112290,WASF1,0.8515035317860747,99.1
ENSG00000160703,NLRX1,0.8514871794871794,39.0
ENSG00000123219,CENPK,0.851404255319149,23.5
ENSG00000086730,LAT2,0.8513840830449826,57.8
ENSG00000147676,MAL2,0.8513794549266247,238.5
ENSG00000101189,MRGBP,0.851304347826087,46.0
ENSG00000160191,PDE9A,0.8511301859799713,69.9
ENSG00000198756,COLGALT2,0.8511284046692605,25.7
ENSG00000104763,ASAH1,0.8511169024571853,537.2
ENSG00000154760,SLFN13,0.8510457516339869,30.6
ENSG00000123104,ITPR2,0.8510361445783134,41.5
ENSG00000120093,HOXB3,0.8509609609609609,66.6
ENSG00000134259,NGF,0.8509589041095892,21.9
ENSG00000077616,NAALAD2,0.8509574468085106,18.8
ENSG00000147144,CCDC120,0.8509248554913295,34.6
ENSG00000165457,FOLR2,0.8508849557522123,158.2
ENSG00000112167,SAYSD1,0.8508496732026144,30.6
ENSG00000148180,GSN,0.8508059652840029,2454.2
ENSG00000216490,IFI30,0.8507915606763432,668.3
ENSG00000137831,UACA,0.8507692307692308,133.9
ENSG00000001084,GCLC,0.8507594936708861,142.2
ENSG00000102265,TIMP1,0.8506966154682616,2942.8
ENSG00000020577,SAMD4A,0.8506224899598395,99.6
ENSG00000143674,MAP3K21,0.8505759162303665,19.1
ENSG00000197457,STMN3,0.8505693950177935,337.2
ENSG00000110171,TRIM3,0.8504489795918367,49.0
ENSG00000159228,CBR1,0.8504333576110708,549.2
ENSG00000147883,CDKN2B,0.8504301075268818,37.2
ENSG00000065621,GSTO2,0.8504123711340206,19.4
ENSG00000073969,NSF,0.8504,145.0
ENSG00000114021,NIT2,0.8503643724696356,24.7
ENSG00000133627,ACTR3B,0.8503474903474904,51.8
ENSG00000077264,PAK3,0.8503157894736841,19.0
ENSG00000178741,COX5A,0.850257979361651,1666.8
ENSG00000106211,HSPB1,0.8502227361422274,6918.5
ENSG00000169129,AFAP1L2,0.8502077922077922,77.0
ENSG00000151640,DPYSL4,0.8501775147928993,33.8
ENSG00000175470,PPP2R2D,0.8501333333333334,15.0
ENSG00000187244,BCAM,0.8500693240901214,346.2
ENSG00000115361,ACADL,0.8500380228136882,26.3
ENSG00000147180,ZNF711,0.849971346704871,34.9
ENSG00000104883,PEX11G,0.8499638989169673,27.7
ENSG00000172935,MRGPRF,0.8498644667059516,169.7
ENSG00000078618,NRDC,0.8497969924812029,266.0
ENSG00000023445,BIRC3,0.8497881996974281,132.2
ENSG00000099958,DERL3,0.8497115384615384,41.6
ENSG00000148842,CNNM2,0.8496621621621623,29.6
ENSG00000067992,PDK3,0.8496428571428573,33.6
ENSG00000177731,FLII,0.8496370463078848,239.7
ENSG00000100442,FKBP3,0.8495824949698187,397.6
ENSG00000259171,ENSG00000259171,0.8495724907063198,107.6
ENSG00000198934,MAGEE1,0.8495199999999998,25.0
ENSG00000177697,CD151,0.8494990079365078,806.4
ENSG00000148468,FAM171A1,0.8494974358974359,97.5
ENSG00000197860,SGTB,0.8493999999999998,30.0
ENSG00000101782,RIOK3,0.8493252279635258,164.5
ENSG00000146013,GFRA3,0.8493233082706767,13.3
ENSG00000023909,GCLM,0.849315673289183,45.3
ENSG00000110435,PDHX,0.8493076923076923,130.0
ENSG00000110852,CLEC2B,0.8493058161350844,106.6
ENSG00000183317,EPHA10,0.8492799999999999,12.5
ENSG00000163219,ARHGAP25,0.8492634560906517,70.6
ENSG00000172824,CES4A,0.849230769230769,16.9
ENSG00000148291,SURF2,0.8491478942213517,102.1
ENSG00000102554,KLF5,0.8490516100573445,226.7
ENSG00000144040,SFXN5,0.8490495314591702,74.7
ENSG00000164463,CREBRF,0.8489891135303265,64.3
ENSG00000064763,FAR2,0.8489719626168224,21.4
ENSG00000163823,CCR1,0.8489276807980051,40.1
ENSG00000120279,MYCT1,0.8489079229122056,46.7
ENSG00000204252,HLA-DOA,0.8488644688644689,27.3
ENSG00000185507,IRF7,0.8488372093023258,38.7
ENSG00000146063,TRIM41,0.848828125,76.8
ENSG00000152402,GUCY1A2,0.8488095238095239,16.8
ENSG00000121579,NAA50,0.8488074102663065,259.1
ENSG00000100162,CENPM,0.8487591240875912,27.4
ENSG00000172366,MCRIP2,0.8487565674255692,57.1
ENSG00000126106,TMEM53,0.8486274509803919,56.1
ENSG00000136104,RNASEH2B,0.8486223662884927,123.4
ENSG00000162493,PDPN,0.8485849056603773,127.2
ENSG00000150510,FAM124A,0.8484697508896798,28.1
ENSG00000109881,CCDC34,0.8483643892339542,48.3
ENSG00000164051,CCDC51,0.8483250414593698,60.3
ENSG00000146072,TNFRSF21,0.8483212735166425,138.2
ENSG00000166823,MESP1,0.8483177570093458,21.4
ENSG00000111679,PTPN6,0.8483147632311977,143.6
ENSG00000185633,NDUFA4L2,0.8482756916996047,404.8
ENSG00000150594,ADRA2A,0.8482729211087421,46.9
ENSG00000256500,ENSG00000256500,0.8482629107981221,21.3
ENSG00000119397,CNTRL,0.8482394366197183,28.4
ENSG00000114631,PODXL2,0.8481947261663285,98.6
ENSG00000141298,SSH2,0.8481945945945947,92.5
ENSG00000139428,MMAB,0.8481291547958213,105.3
ENSG00000186998,EMID1,0.8481203007518796,53.2
ENSG00000064309,CDON,0.8480000000000001,13.5
ENSG00000146285,SCML4,0.8479646017699115,11.3
ENSG00000144061,NPHP1,0.8479444444444444,36.0
ENSG00000103449,SALL1,0.8479300291545191,34.3
ENSG00000111860,CEP85L,0.8479285714285715,28.0
ENSG00000129993,CBFA2T3,0.8479019073569483,36.7
ENSG00000165821,SALL2,0.8477691107644305,64.1
ENSG00000115286,NDUFS7,0.8477471116816432,623.2
ENSG00000186827,TNFRSF4,0.8477165354330708,12.7
ENSG00000125775,SDCBP2,0.847712045616536,140.3
ENSG00000101955,SRPX,0.8476915615906887,206.2
ENSG00000112799,LY86,0.847683923705722,73.4
ENSG00000203883,SOX18,0.847626459143969,77.1
ENSG00000184911,DMRTC1B,0.8475757575757575,19.8
ENSG00000196497,IPO4,0.8475362318840581,55.2
ENSG00000147655,RSPO2,0.8475151515151516,16.5
ENSG00000170837,GPR27,0.8474585635359115,36.2
ENSG00000168010,ATG16L2,0.8474245939675175,129.3
ENSG00000160221,GATD3,0.8473978735310576,357.4
ENSG00000134802,SLC43A3,0.8473832468495182,134.9
ENSG00000167261,DPEP2,0.8473722627737227,27.4
ENSG00000145780,FEM1C,0.8473489932885905,59.6
ENSG00000197483,ZNF628,0.8473394495412845,21.8
ENSG00000196116,TDRD7,0.8472945205479452,58.4
ENSG00000008517,IL32,0.8472860753399927,830.9
ENSG00000171004,HS6ST2,0.8472847682119204,15.1
ENSG00000164087,POC1A,0.8472727272727272,16.5
ENSG00000196169,KIF19,0.8472180451127822,13.3
ENSG00000158887,MPZ,0.8472025723472669,31.1
ENSG00000183779,ZNF703,0.8472015281757401,104.7
ENSG00000100626,GALNT16,0.8471827956989249,46.5
ENSG00000106991,ENG,0.8471538758195138,518.6
ENSG00000135842,NIBAN1,0.8470963541666666,153.6
ENSG00000132359,RAP1GAP2,0.847068493150685,36.5
ENSG00000144366,GULP1,0.8470603337612325,77.9
ENSG00000128944,KNSTRN,0.8470508474576272,59.0
ENSG00000115041,KCNIP3,0.8469736842105264,30.4
ENSG00000143110,C1orf162,0.8469662921348317,151.3
ENSG00000183207,RUVBL2,0.8469538991813874,232.1
ENSG00000100599,RIN3,0.8469107551487416,43.7
ENSG00000197928,ZNF677,0.8468867924528302,42.4
ENSG00000175471,MCTP1,0.8468691588785046,42.8
ENSG00000123095,BHLHE41,0.8468370044052864,113.5
ENSG00000136457,CHAD,0.8467934782608695,36.8
ENSG00000070081,NUCB2,0.8467698097428391,478.3
ENSG00000052344,PRSS8,0.846692607003891,231.3
ENSG00000166233,ARIH1,0.8466815144766145,44.9
ENSG00000110876,SELPLG,0.8466666666666666,75.0
ENSG00000153044,CENPH,0.8466037735849057,31.8
ENSG00000110042,DTX4,0.8465945945945947,55.5
ENSG00000179144,GIMAP7,0.8465787821720024,159.3
ENSG00000119630,PGF,0.846556886227545,66.8
ENSG00000121068,TBX2,0.8465550906555092,71.7
ENSG00000085831,TTC39A,0.8465530303030302,52.8
ENSG00000073464,CLCN4,0.8465393794749404,41.9
ENSG00000146477,SLC22A3,0.8464850843060959,77.1
ENSG00000224712,NPIPA3,0.8464822134387352,25.3
ENSG00000164466,SFXN1,0.8464446831364124,93.1
ENSG00000187699,C2orf88,0.8464431486880466,68.6
ENSG00000111913,RIPOR2,0.8464424320827942,77.3
ENSG00000184867,ARMCX2,0.8464021887824897,146.2
ENSG00000186517,ARHGAP30,0.8463823933975242,72.7
ENSG00000132879,FBXO44,0.8462672811059909,260.4
ENSG00000164330,EBF1,0.8462146892655369,35.4
ENSG00000108984,MAP2K6,0.8461985472154965,41.3
ENSG00000156136,DCK,0.8461522842639595,98.5
ENSG00000102098,SCML2,0.8461111111111111,10.8
ENSG00000167799,NUDT8,0.8461012311901507,73.1
ENSG00000147100,SLC16A2,0.8460892388451444,38.1
ENSG00000113361,CDH6,0.8460869565217393,13.8
ENSG00000174944,P2RY14,0.845973154362416,29.8
ENSG00000169252,ADRB2,0.845962059620596,36.9
ENSG00000105971,CAV2,0.8459418931583881,213.4
ENSG00000127954,STEAP4,0.8459099437148219,106.6
ENSG00000141052,MYOCD,0.8459055118110237,25.4
ENSG00000175643,RMI2,0.8458892128279883,34.3
ENSG00000082438,COBLL1,0.845844930417495,100.6
ENSG00000060140,STYK1,0.8458181818181817,16.5
ENSG00000122756,CNTFR,0.8457545605306798,120.6
ENSG00000162104,ADCY9,0.8457319587628866,48.5
ENSG00000181004,BBS12,0.8456441717791411,16.3
ENSG00000185304,RGPD2,0.8455882352941176,13.6
ENSG00000187608,ISG15,0.8455880398671095,301.0
ENSG00000140386,SCAPER,0.8455859375,51.2
ENSG00000135862,LAMC1,0.8455856683509415,217.7
ENSG00000107249,GLIS3,0.8455714285714285,14.0
ENSG00000047849,MAP4,0.8455662921348313,890.0
ENSG00000073605,GSDMB,0.8455431754874652,71.8
ENSG00000166401,SERPINB8,0.8454083484573502,55.1
ENSG00000172780,RAB43,0.845339366515837,44.2
ENSG00000106829,TLE4,0.8452966101694915,94.4
ENSG00000188807,TMEM201,0.8452709359605912,40.6
ENSG00000133466,C1QTNF6,0.845234899328859,29.8
ENSG00000010310,GIPR,0.845233644859813,21.4
ENSG00000123975,CKS2,0.8452332195676907,175.8
ENSG00000162413,KLHL21,0.8451653150343104,160.3
ENSG00000188352,FOCAD,0.8451575931232093,34.9
ENSG00000092096,SLC22A17,0.845151734104046,276.8
ENSG00000251349,MSANTD3-TMEFF1,0.8451265822784813,31.6
ENSG00000163435,ELF3,0.8450850414304405,229.3
ENSG00000174996,KLC2,0.8450169952413324,147.1
ENSG00000065054,SLC9A3R2,0.8449973771638397,571.9
ENSG00000176714,CCDC121,0.8449789029535865,23.7
ENSG00000164038,SLC9B2,0.8449723756906079,36.2
ENSG00000120875,DUSP4,0.8449180327868854,30.5
ENSG00000149534,MS4A2,0.8449152542372883,11.8
ENSG00000066322,ELOVL1,0.8448488241881299,357.2
ENSG00000163815,CLEC3B,0.8448284845853234,460.6
ENSG00000165730,STOX1,0.8448083623693381,28.7
ENSG00000006282,SPATA20,0.8448049645390071,112.8
ENSG00000122824,NUDT10,0.8447154471544716,24.6
ENSG00000161996,WDR90,0.8447138047138049,59.4
ENSG00000111058,ACSS3,0.8446524064171124,37.4
ENSG00000165028,NIPSNAP3B,0.8446153846153845,18.2
ENSG00000106078,COBL,0.8446129032258064,124.0
ENSG00000197535,MYO5A,0.8445776566757495,36.7
ENSG00000064547,LPAR2,0.8445675675675675,74.0
ENSG00000106560,GIMAP2,0.844550408719346,73.4
ENSG00000134627,PIWIL4,0.8445414847161574,22.9
ENSG00000115840,SLC25A12,0.8445283018867923,47.7
ENSG00000177453,NIM1K,0.8444628099173553,12.1
ENSG00000124225,PMEPA1,0.8444514106583072,127.6
ENSG00000182831,HAPSTR1,0.8444200000000001,100.0
ENSG00000180155,LYNX1,0.8444035228182547,124.9
ENSG00000180875,GREM2,0.8443537414965985,29.4
ENSG00000284308,C2orf81,0.8443093922651933,18.1
ENSG00000131620,ANO1,0.8442908224076281,83.9
ENSG00000104381,GDAP1,0.8442821158690177,39.7
ENSG00000132563,REEP2,0.8442706131078224,141.9
ENSG00000198160,MIER1,0.8442640692640692,92.4
ENSG00000116962,NID1,0.8442547300415321,216.7
ENSG00000100347,SAMM50,0.8442362344582593,225.2
ENSG00000090565,RAB11FIP3,0.8442195767195767,151.2
ENSG00000178467,P4HTM,0.844183736809435,161.1
ENSG00000174485,DENND4A,0.8441605839416058,54.8
ENSG00000062524,LTK,0.8440559440559441,14.3
ENSG00000182362,YBEY,0.8440371845949535,75.3
ENSG00000145362,ANK2,0.8440266222961731,120.2
ENSG00000009307,CSDE1,0.8439903999999998,1250.0
ENSG00000101190,TCFL5,0.8439884393063585,69.2
ENSG00000180346,TIGD2,0.8439613526570047,20.7
ENSG00000114054,PCCB,0.8439427662957075,188.7
ENSG00000083123,BCKDHB,0.8439071038251366,73.2
ENSG00000185924,RTN4RL1,0.84390625,12.8
ENSG00000167173,C15orf39,0.8438904899135448,69.4
ENSG00000198088,NUP62CL,0.8438036809815951,16.3
ENSG00000177663,IL17RA,0.8437462235649549,33.1
ENSG00000162769,FLVCR1,0.8437362637362638,18.2
ENSG00000122870,BICC1,0.843731343283582,26.8
ENSG00000198888,MT-ND1,0.8436887214533486,129323.4
ENSG00000183742,MACC1,0.8436363636363636,11.0
ENSG00000109738,GLRB,0.8436319612590799,41.3
ENSG00000171219,CDC42BPG,0.8436190476190475,31.5
ENSG00000183054,RGPD6,0.8436144578313253,24.9
ENSG00000167397,VKORC1,0.8435889628924835,525.5
ENSG00000050327,ARHGEF5,0.8435840707964601,45.2
ENSG00000091136,LAMB1,0.8435310344827586,145.0
ENSG00000103319,EEF2K,0.843529411764706,45.9
ENSG00000174721,FGFBP3,0.843529411764706,10.2
ENSG00000138944,SHISAL1,0.8435051546391752,29.1
ENSG00000001630,CYP51A1,0.8435044997353097,188.9
ENSG00000196923,PDLIM7,0.8434971796937952,620.5
ENSG00000073578,SDHA,0.8434954058192956,522.4
ENSG00000136546,SCN7A,0.8434759358288773,37.4
ENSG00000118242,MREG,0.8434562211981569,43.4
ENSG00000157184,CPT2,0.8434507042253522,85.2
ENSG00000151948,GLT1D1,0.8433962264150944,26.5
ENSG00000178031,ADAMTSL1,0.8433599999999999,12.5
ENSG00000182963,GJC1,0.8433066666666668,37.5
ENSG00000095917,TPSD1,0.8432999999999999,20.0
ENSG00000213088,ACKR1,0.8432800412583806,387.8
ENSG00000130032,PRRG3,0.8432727272727274,11.0
ENSG00000227051,C14orf132,0.8432683379758589,107.7
ENSG00000169122,FAM110B,0.8432227488151658,21.1
ENSG00000177989,ODF3B,0.8432223701731028,75.1
ENSG00000174640,SLCO2A1,0.8432193494578816,119.9
ENSG00000180447,GAS1,0.8431644004944375,80.9
ENSG00000161958,FGF11,0.8431410256410257,31.2
ENSG00000179178,TMEM125,0.84306432748538,85.5
ENSG00000157379,DHRS1,0.8430397727272727,70.4
ENSG00000176945,MUC20,0.8430350194552528,51.4
ENSG00000117308,GALE,0.8430303030303031,115.5
ENSG00000269190,FBXO17,0.8430070921985817,70.5
ENSG00000114993,RTKN,0.8429942100909844,120.9
ENSG00000133835,HSD17B4,0.842972797927461,308.8
ENSG00000101974,ATP11C,0.8429515418502201,45.4
ENSG00000255639,ENSG00000255639,0.8429493087557605,21.7
ENSG00000168032,ENTPD3,0.8429184549356223,23.3
ENSG00000102057,KCND1,0.842905982905983,11.7
ENSG00000094975,SUCO,0.8428716645489199,78.7
ENSG00000139278,GLIPR1,0.8428325123152709,81.2
ENSG00000102452,NALCN,0.8426490066225166,15.1
ENSG00000147912,FBXO10,0.8425547445255473,27.4
ENSG00000166228,PCBD1,0.8424948791478903,488.2
ENSG00000114302,PRKAR2A,0.8424938875305622,81.8
ENSG00000175155,YPEL2,0.8424124513618676,77.1
ENSG00000204301,NOTCH4,0.8424107142857143,22.4
ENSG00000130147,SH3BP4,0.8423664122137404,78.6
ENSG00000064687,ABCA7,0.8423505154639175,48.5
ENSG00000185015,CA13,0.8423188405797102,13.8
ENSG00000137941,TTLL7,0.8422471910112358,26.7
ENSG00000129009,ISLR,0.8422326015880429,214.1
ENSG00000132570,PCBD2,0.8422077922077922,46.2
ENSG00000177575,CD163,0.8421797153024911,224.8
ENSG00000122641,INHBA,0.8421782178217821,20.2
ENSG00000163349,HIPK1,0.8421625652498135,134.1
ENSG00000257594,GALNT4,0.8421404682274247,29.9
ENSG00000078687,TNRC6C,0.8421052631578947,22.8
ENSG00000116191,RALGPS2,0.8420597014925373,67.0
ENSG00000274180,NATD1,0.8420212765957449,37.6
ENSG00000106789,CORO2A,0.841939393939394,33.0
ENSG00000125648,SLC25A23,0.8418945634266888,364.2
ENSG00000166619,BLCAP,0.8418624198186242,452.1
ENSG00000110955,ATP5F1B,0.841861009021049,2993.0
ENSG00000221866,PLXNA4,0.8418461538461538,13.0
ENSG00000138814,PPP3CA,0.8418382861091913,144.7
ENSG00000164938,TP53INP1,0.8417628541448058,95.3
ENSG00000092445,TYRO3,0.8417567567567568,44.4
ENSG00000127220,ABHD8,0.8417373737373737,99.0
ENSG00000273542,H4C12,0.8417224880382775,20.9
ENSG00000267368,UPK3BL1,0.8416467872258561,259.9
ENSG00000168476,REEP4,0.8416157205240176,91.6
ENSG00000100304,TTLL12,0.8416024340770789,98.6
ENSG00000120693,SMAD9,0.8416022099447514,36.2
ENSG00000069122,ADGRF5,0.8415415415415416,99.9
ENSG00000136997,MYC,0.8414924297043979,277.4
ENSG00000126246,IGFLR1,0.8414437367303609,47.1
ENSG00000166669,ATF7IP2,0.8414371257485032,16.7
ENSG00000102034,ELF4,0.8413972055888225,50.1
ENSG00000095539,SEMA4G,0.8413793103448276,26.1
ENSG00000105926,PALS2,0.84137339055794,23.3
ENSG00000189337,KAZN,0.8413409090909089,88.0
ENSG00000126458,RRAS,0.84131739039228,476.7
ENSG00000164654,MIOS,0.8413006134969325,81.5
ENSG00000153234,NR4A2,0.8412341772151899,126.4
ENSG00000165995,CACNB2,0.8412307692307692,19.5
ENSG00000110057,UNC93B1,0.8412096774193547,74.4
ENSG00000100300,TSPO,0.8412010221465077,704.4
ENSG00000169604,ANTXR1,0.841189663578742,205.1
ENSG00000143226,FCGR2A,0.8411838989739542,126.7
ENSG00000135299,ANKRD6,0.8411627906976744,25.8
ENSG00000100558,PLEK2,0.8411498973305954,48.7
ENSG00000105953,OGDH,0.8411088882537867,349.9
ENSG00000105607,GCDH,0.8409930715935335,86.6
ENSG00000189143,CLDN4,0.840975149418056,317.9
ENSG00000069399,BCL3,0.8409732937685459,168.5
ENSG00000099624,ATP5F1D,0.8409640397857691,784.2
ENSG00000125505,MBOAT7,0.8409553641346906,127.7
ENSG00000135424,ITGA7,0.8408080808080807,138.6
ENSG00000104903,LYL1,0.8407932011331444,35.3
ENSG00000162337,LRP5,0.8407358953393296,122.3
ENSG00000198692,EIF1AY,0.8406351791530946,122.8
ENSG00000159753,CARMIL2,0.8406278026905829,22.3
ENSG00000130813,SHFL,0.8406169154228857,100.5
ENSG00000155313,USP25,0.8406023029229408,112.9
ENSG00000154978,VOPP1,0.8405998286203942,233.4
ENSG00000083307,GRHL2,0.8405925925925927,27.0
ENSG00000140859,KIFC3,0.8405472932778107,168.1
ENSG00000115604,IL18R1,0.8405309734513274,11.3
ENSG00000189060,H1-0,0.8405181191973644,667.8
ENSG00000168675,LDLRAD4,0.8404973357015987,56.3
ENSG00000105894,PTN,0.8404370390603662,366.1
ENSG00000198894,CIPC,0.8404365400161682,123.7
ENSG00000275713,H2BC9,0.8403738317757009,10.7
ENSG00000170832,USP32,0.8403563941299792,95.4
ENSG00000171608,PIK3CD,0.840314606741573,44.5
ENSG00000124256,ZBP1,0.8402230483271376,26.9
ENSG00000112530,PACRG,0.8402097902097903,28.6
ENSG00000070495,JMJD6,0.8401565217391304,115.0
ENSG00000198844,ARHGEF15,0.8401342281879195,44.7
ENSG00000134602,STK26,0.8401210287443267,66.1
ENSG00000101445,PPP1R16B,0.8401095890410957,73.0
ENSG00000162738,VANGL2,0.840056338028169,35.5
ENSG00000164683,HEY1,0.8400000000000002,48.2
ENSG00000277075,H2AC8,0.8400000000000002,37.1
ENSG00000176049,JAKMIP2,0.84,18.2
ENSG00000003137,CYP26B1,0.8399421965317919,34.6
ENSG00000241484,ARHGAP8,0.8399137931034483,23.2
ENSG00000130164,LDLR,0.8398929527207851,112.1
ENSG00000051523,CYBA,0.8398925281473899,781.6
ENSG00000164188,RANBP3L,0.8398507462686566,26.8
ENSG00000137393,RNF144B,0.8398123827392121,53.3
ENSG00000154945,ANKRD40,0.8397346938775511,196.0
ENSG00000005448,WDR54,0.8397272727272729,66.0
ENSG00000178996,SNX18,0.8397196261682243,64.2
ENSG00000151117,TMEM86A,0.8396511627906977,17.2
ENSG00000166145,SPINT1,0.8396236559139784,223.2
ENSG00000133739,LRRCC1,0.8396166134185304,31.3
ENSG00000177283,FZD8,0.8395675675675676,18.5
ENSG00000170802,FOXN2,0.8395669291338583,50.8
ENSG00000108176,DNAJC12,0.8395625759416767,82.3
ENSG00000110921,MVK,0.8395578231292516,58.8
ENSG00000126950,TMEM35A,0.8395340501792112,55.8
ENSG00000131437,KIF3A,0.8395049504950495,40.4
ENSG00000169860,P2RY1,0.8394979079497906,23.9
ENSG00000185565,LSAMP,0.8394727592267134,56.9
ENSG00000167680,SEMA6B,0.8394670406732115,71.3
ENSG00000178568,ERBB4,0.8394339622641508,10.6
ENSG00000198689,SLC9A6,0.8393972602739725,36.5
ENSG00000273213,H3-7,0.839324894514768,23.7
ENSG00000188827,SLX4,0.8392592592592593,13.5
ENSG00000125733,TRIP10,0.8392527213886437,339.9
ENSG00000104213,PDGFRL,0.8392220421393841,61.7
ENSG00000171970,ZNF57,0.8392000000000001,25.0
ENSG00000113810,SMC4,0.8391843971631207,56.4
ENSG00000100290,BIK,0.8391715976331362,16.9
ENSG00000079277,MKNK1,0.8391459074733097,112.4
ENSG00000111335,OAS2,0.8391153238546604,63.3
ENSG00000164338,UTP15,0.8390804597701149,34.8
ENSG00000084754,HADHA,0.8390633019674937,467.6
ENSG00000188010,MORN2,0.8390209020902091,181.8
ENSG00000077152,UBE2T,0.8390112359550561,44.5
ENSG00000196365,LONP1,0.8390105263157893,190.0
ENSG00000103811,CTSH,0.8389745145631068,329.6
ENSG00000241058,NSUN6,0.8389141856392294,57.1
ENSG00000272398,CD24,0.8388715800497445,1527.8
ENSG00000102984,ZNF821,0.8388142292490118,25.3
ENSG00000130592,LSP1,0.8387256073277578,251.1
ENSG00000135049,AGTPBP1,0.8386619718309859,56.8
ENSG00000182134,TDRKH,0.8386572438162544,28.3
ENSG00000105967,TFEC,0.8386407766990291,20.6
ENSG00000137462,TLR2,0.8386363636363637,66.0
ENSG00000001036,FUCA2,0.8385989717223652,155.6
ENSG00000139998,RAB15,0.8385879332477535,77.9
ENSG00000188735,TMEM120B,0.8385620915032681,45.9
ENSG00000005379,TSPOAP1,0.8383924983255191,149.3
ENSG00000177542,SLC25A22,0.8383846794338052,120.1
ENSG00000135709,KIAA0513,0.8383793738489871,54.3
ENSG00000196872,CRACDL,0.8383428571428572,35.0
ENSG00000128915,ICE2,0.8383384615384614,32.5
ENSG00000148908,RGS10,0.8382545805207329,207.4
ENSG00000271503,CCL5,0.838167456556082,126.6
ENSG00000112297,CRYBG1,0.8380769230769232,67.6
ENSG00000206127,GOLGA8O,0.8379729729729729,14.8
ENSG00000174600,CMKLR1,0.8379566563467493,32.3
ENSG00000158458,NRG2,0.8379310344827584,11.6
ENSG00000137814,HAUS2,0.8379069767441861,34.4
ENSG00000173638,SLC19A1,0.8379017857142856,44.8
ENSG00000100504,PYGL,0.8379001468428782,136.2
ENSG00000163734,CXCL3,0.8378461538461538,19.5
ENSG00000127328,RAB3IP,0.8378102189781022,109.6
ENSG00000141524,TMC6,0.837786998616874,72.3
ENSG00000120708,TGFBI,0.8377687885884607,469.7
ENSG00000151012,SLC7A11,0.8376377952755906,12.7
ENSG00000023902,PLEKHO1,0.8376122556788167,189.3
ENSG00000196735,HLA-DQA1,0.8376073814826599,314.3
ENSG00000130226,DPP6,0.8376028622540251,55.9
ENSG00000196436,NPIPB15,0.8375609756097561,45.1
ENSG00000183049,CAMK1D,0.8375373134328359,53.6
ENSG00000140682,TGFB1I1,0.8375348837209303,258.0
ENSG00000144597,EAF1,0.8375139146567718,53.9
ENSG00000174326,SLC16A11,0.8374576271186441,11.8
ENSG00000184988,TMEM106A,0.8374509803921569,20.4
ENSG00000142765,SYTL1,0.8374358974358975,101.4
ENSG00000179091,CYC1,0.8373666520531929,684.3
ENSG00000107317,PTGDS,0.8372982715191521,4605.2
ENSG00000165238,WNK2,0.8372598425196849,63.5
ENSG00000142910,TINAGL1,0.837206411514557,305.7
ENSG00000140740,UQCRC2,0.837192700562378,871.3
ENSG00000120868,APAF1,0.8371617161716172,30.3
ENSG00000109472,CPE,0.8371256684491979,1047.2
ENSG00000160791,CCR5,0.8371034482758621,14.5
ENSG00000153179,RASSF3,0.8370635500365229,136.9
ENSG00000178209,PLEC,0.8370544662309368,229.5
ENSG00000111052,LIN7A,0.8370342205323191,26.3
ENSG00000160360,GPSM1,0.8370265151515153,105.6
ENSG00000131791,PRKAB2,0.8370103092783505,97.0
ENSG00000123179,EBPL,0.8369827586206898,92.8
ENSG00000179922,ZNF784,0.8369651741293533,40.2
ENSG00000153574,RPIA,0.8369467455621303,84.5
ENSG00000185875,THNSL1,0.8368999999999999,20.0
ENSG00000006704,GTF2IRD1,0.8368133535660092,65.9
ENSG00000148926,ADM,0.8367559611421843,339.7
ENSG00000145103,ILDR1,0.8367346938775511,14.7
ENSG00000167191,GPRC5B,0.8367166979362102,213.2
ENSG00000160325,CACFD1,0.836713780918728,56.6
ENSG00000125848,FLRT3,0.8366820276497695,21.7
ENSG00000137968,SLC44A5,0.8366336633663366,10.1
ENSG00000099308,MAST3,0.8366146993318485,44.9
ENSG00000102934,PLLP,0.8365651522715924,200.3
ENSG00000187605,TET3,0.8365591397849462,18.6
ENSG00000105643,ARRDC2,0.8364746227709192,145.8
ENSG00000138834,MAPK8IP3,0.8364693101575231,184.1
ENSG00000131470,PSMC3IP,0.8364609053497944,24.3
ENSG00000266074,BAHCC1,0.8364406779661016,23.6
ENSG00000119431,HDHD3,0.8363841059602649,151.0
ENSG00000131844,MCCC2,0.8363835616438356,109.5
ENSG00000170412,GPRC5C,0.8363797890061079,180.1
ENSG00000080298,RFX3,0.8363636363636364,19.8
ENSG00000170291,ELP5,0.836281094527363,160.8
ENSG00000213139,CRYGS,0.8362068965517243,11.6
ENSG00000122420,PTGFR,0.8361702127659575,18.8
ENSG00000164638,SLC29A4,0.8361670761670764,40.7
ENSG00000116774,OLFML3,0.8361257861635221,238.5
ENSG00000166250,CLMP,0.8360539629005058,59.3
ENSG00000150687,PRSS23,0.8360480068581226,233.3
ENSG00000143375,CGN,0.836045197740113,53.1
ENSG00000075275,CELSR1,0.8359878419452887,32.9
ENSG00000156127,BATF,0.8359581881533101,28.7
ENSG00000100749,VRK1,0.8358921161825725,48.2
ENSG00000253305,PCDHGB6,0.8358878504672895,10.7
ENSG00000167037,SGSM1,0.8358659217877097,17.9
ENSG00000147684,NDUFB9,0.8358467974610501,1386.4
ENSG00000078399,HOXA9,0.8357777777777777,27.0
ENSG00000163644,PPM1K,0.835773672055427,86.6
ENSG00000213347,MXD3,0.8357731958762887,38.8
ENSG00000087586,AURKA,0.8357638888888889,28.8
ENSG00000134042,MRO,0.8357575757575758,36.3
ENSG00000058600,POLR3E,0.8357553956834534,55.6
ENSG00000176771,NCKAP5,0.8357407407407408,10.8
ENSG00000106066,CPVL,0.8357343674260787,206.3
ENSG00000023892,DEF6,0.8357071547420964,60.1
ENSG00000174684,B4GAT1,0.8357067052580802,207.3
ENSG00000121900,TMEM54,0.8356636438582029,242.6
ENSG00000124191,TOX2,0.8356316916488221,46.7
ENSG00000196843,ARID5A,0.8356289707750952,78.7
ENSG00000123146,ADGRE5,0.8355722138930534,200.1
ENSG00000143387,CTSK,0.8355575539568345,333.6
ENSG00000138135,CH25H,0.8355151515151517,33.0
ENSG00000110079,MS4A4A,0.8355143338954469,59.3
ENSG00000135245,HILPDA,0.8354476670870112,158.6
ENSG00000243927,MRPS6,0.8354389253358323,320.1
ENSG00000136160,EDNRB,0.8354371357202333,120.1
ENSG00000173210,ABLIM3,0.8354337899543378,109.5
ENSG00000160957,RECQL4,0.8354237288135592,23.6
ENSG00000095794,CREM,0.8353679876479668,194.3
ENSG00000040275,SPDL1,0.8353614457831325,33.2
ENSG00000116667,C1orf21,0.8353591160220994,36.2
ENSG00000123136,DDX39A,0.8353341902313625,155.6
ENSG00000164291,ARSK,0.8353333333333333,18.0
ENSG00000146374,RSPO3,0.8353229398663697,44.9
ENSG00000068724,TTC7A,0.8353157894736841,38.0
ENSG00000162944,RFTN2,0.8353036437246963,24.7
ENSG00000138028,CGREF1,0.8352466367713005,44.6
ENSG00000111669,TPI1,0.8350632638079197,2315.7
ENSG00000127951,FGL2,0.8350455136540961,153.8
ENSG00000109819,PPARGC1A,0.8350119904076739,41.7
ENSG00000163131,CTSS,0.834945226917058,127.8
ENSG00000087095,NLK,0.834945054945055,72.8
ENSG00000104823,ECH1,0.8349341886959407,904.1
ENSG00000198753,PLXNB3,0.8349001175088131,85.1
ENSG00000133740,E2F5,0.8348736462093862,27.7
ENSG00000167703,SLC43A2,0.8348363636363638,55.0
ENSG00000185442,FAM174B,0.8348266666666666,75.0
ENSG00000138769,CDKL2,0.8348148148148148,10.8
ENSG00000151229,SLC2A13,0.8347794117647058,27.2
ENSG00000105339,DENND3,0.8347661691542289,100.5
ENSG00000154330,PGM5,0.834755517092168,231.1
ENSG00000141519,CCDC40,0.8347142857142857,14.0
ENSG00000134057,CCNB1,0.8346685472496475,70.9
ENSG00000162065,TBC1D24,0.8345806451612904,15.5
ENSG00000027869,SH2D2A,0.8344927536231883,13.8
ENSG00000101146,RAE1,0.834401664932362,96.1
ENSG00000139626,ITGB7,0.834364261168385,29.1
ENSG00000254852,NPIPA2,0.8342342342342343,22.2
ENSG00000170293,CMTM8,0.8342222222222222,45.0
ENSG00000136870,ZNF189,0.8340656565656563,79.2
ENSG00000164056,SPRY1,0.8339227010217681,225.1
ENSG00000130584,ZBTB46,0.8338589211618256,24.1
ENSG00000164251,F2RL1,0.8338489208633093,55.6
ENSG00000143507,DUSP10,0.8338311688311688,30.8
ENSG00000163638,ADAMTS9,0.833759590792839,39.1
ENSG00000106683,LIMK1,0.8337543053960965,87.1
ENSG00000130706,ADRM1,0.8337480063795852,376.2
ENSG00000135047,CTSL,0.8337289737289737,529.1
ENSG00000078177,N4BP2,0.8337142857142856,10.5
ENSG00000152689,RASGRP3,0.8337130801687764,47.4
ENSG00000203760,CENPW,0.8337106918238993,47.7
ENSG00000134824,FADS2,0.8336198347107439,302.5
ENSG00000198938,MT-CO3,0.8336044836217763,238539.3
ENSG00000126091,ST3GAL3,0.8335679611650487,82.4
ENSG00000105976,MET,0.8335162094763093,40.1
ENSG00000170537,TMC7,0.8334959349593497,12.3
ENSG00000144619,CNTN4,0.8334905660377357,21.2
ENSG00000168079,SCARA5,0.8334328358208954,87.1
ENSG00000183486,MX2,0.833380281690141,28.4
ENSG00000129048,ACKR4,0.8333783783783784,14.8
ENSG00000188803,SHISA6,0.8333734939759035,16.6
ENSG00000104325,DECR1,0.8333523537803137,70.1
ENSG00000111799,COL12A1,0.833294573643411,103.2
ENSG00000269226,TMSB15B,0.8332824427480914,13.1
ENSG00000170160,CCDC144A,0.8332773109243697,11.9
ENSG00000246705,H2AJ,0.8332717531867726,541.3
ENSG00000234745,HLA-B,0.8332587234042553,2350.0
ENSG00000160014,CALM3,0.8332557495151011,1443.6
ENSG00000160113,NR2F6,0.8332310642377756,104.3
ENSG00000196209,SIRPB2,0.8332258064516129,12.4
ENSG00000105053,VRK3,0.8332195500387897,128.9
ENSG00000165868,HSPA12A,0.8331851851851851,27.0
ENSG00000184574,LPAR5,0.833076923076923,20.8
ENSG00000253313,C1orf210,0.8330582524271846,41.2
ENSG00000165895,ARHGAP42,0.8330136986301371,29.2
ENSG00000263961,RHEX,0.8330131004366811,22.9
ENSG00000145284,SCD5,0.8330112283089484,293.9
ENSG00000104324,CPQ,0.8329622641509432,212.0
ENSG00000168785,TSPAN5,0.8329569093610698,67.3
ENSG00000134202,GSTM3,0.8329399141630901,93.2
ENSG00000067057,PFKP,0.83292,250.0
ENSG00000171345,KRT19,0.8328868144690783,857.0
ENSG00000150907,FOXO1,0.8328672985781991,84.4
ENSG00000137460,FHDC1,0.8328484848484847,16.5
ENSG00000135318,NT5E,0.8328166351606805,105.8
ENSG00000196123,MATCAP1,0.8327707808564232,79.4
ENSG00000115129,TP53I3,0.8327572016460906,121.5
ENSG00000177917,ARL6IP6,0.8327272727272726,53.9
ENSG00000116194,ANGPTL1,0.8326895450917798,125.3
ENSG00000106025,TSPAN12,0.8326783625730994,85.5
ENSG00000145431,PDGFC,0.8326701570680629,19.1
ENSG00000266714,MYO15B,0.8326524541398116,201.7
ENSG00000135048,CEMIP2,0.8325977011494254,87.0
ENSG00000070476,ZXDC,0.8325268817204302,37.2
ENSG00000173153,ESRRA,0.832491657397108,179.8
ENSG00000135362,PRR5L,0.8324198250728864,34.3
ENSG00000165025,SYK,0.8324179829890643,82.3
ENSG00000158270,COLEC12,0.8323552123552124,25.9
ENSG00000131174,COX7B,0.8322599031062979,1052.7
ENSG00000077044,DGKD,0.8322558922558924,29.7
ENSG00000183889,NPIPA9,0.8322476644074005,545.9
ENSG00000156273,BACH1,0.8322419928825624,84.3
ENSG00000273820,USP27X,0.8322285714285715,17.5
ENSG00000132763,MMACHC,0.8322222222222223,16.2
ENSG00000172348,RCAN2,0.8322119341563785,194.4
ENSG00000172058,SERF1A,0.8321225710014947,133.8
ENSG00000158560,DYNC1I1,0.8320521172638438,61.4
ENSG00000213203,GIMAP1,0.8320171673819743,23.3
ENSG00000121057,AKAP1,0.8319979455572676,194.7
ENSG00000131943,C19orf12,0.8319349005424954,110.6
ENSG00000155542,SETD9,0.8319318181818183,17.6
ENSG00000169302,STK32A,0.831858407079646,11.3
ENSG00000171860,C3AR1,0.831851851851852,37.8
ENSG00000137033,IL33,0.8318213660245184,114.2
ENSG00000150672,DLG2,0.8318201284796577,46.7
ENSG00000146143,PRIM2,0.8317491749174917,30.3
ENSG00000180329,CCDC43,0.8317151162790698,68.8
ENSG00000197576,HOXA4,0.8317127071823204,36.2
ENSG00000139514,SLC7A1,0.831669865642994,52.1
ENSG00000055163,CYFIP2,0.8316513761467891,130.8
ENSG00000069966,GNB5,0.831644204851752,111.3
ENSG00000198719,DLL1,0.831615925058548,42.7
ENSG00000122952,ZWINT,0.831604938271605,40.5
ENSG00000167553,TUBA1C,0.831593204775023,435.6
ENSG00000161013,MGAT4B,0.831590181430096,281.1
ENSG00000103018,CYB5B,0.8315081450341566,190.3
ENSG00000140853,NLRC5,0.8314792899408283,33.8
ENSG00000141576,RNF157,0.8314673913043477,73.6
ENSG00000140548,ZNF710,0.8314628297362111,41.7
ENSG00000123159,GIPC1,0.8314606741573033,338.2
ENSG00000133216,EPHB2,0.8314155251141553,21.9
ENSG00000096093,EFHC1,0.8313846153846154,32.5
ENSG00000277149,TYW1B,0.8313821138211382,12.3
ENSG00000126460,PRRG2,0.8313533834586466,26.6
ENSG00000196562,SULF2,0.8313531799729365,147.8
ENSG00000068831,RASGRP2,0.8313525179856114,139.0
ENSG00000118762,PKD2,0.831340206185567,106.7
ENSG00000215018,COL28A1,0.8313294797687861,17.3
ENSG00000116151,MORN1,0.8313114754098359,24.4
ENSG00000147174,GCNA,0.8312621359223301,10.3
ENSG00000071246,VASH1,0.8312101910828025,62.8
ENSG00000144231,POLR2D,0.8311942446043168,69.5
ENSG00000174099,MSRB3,0.8311729857819905,168.8
ENSG00000132334,PTPRE,0.8311512415349885,44.3
ENSG00000167779,IGFBP6,0.8311224100673701,786.7
ENSG00000010292,NCAPD2,0.831104895104895,71.5
ENSG00000065485,PDIA5,0.8310933333333332,75.0
ENSG00000214575,CPEB1,0.8310759493670885,31.6
ENSG00000107186,MPDZ,0.8310611735330836,80.1
ENSG00000213551,DNAJC9,0.8309930715935336,86.6
ENSG00000047579,DTNBP1,0.8309600679694137,117.7
ENSG00000280789,PAGR1,0.8309392265193369,54.3
ENSG00000090006,LTBP4,0.8309183673469386,548.8
ENSG00000254087,LYN,0.8308841843088419,80.3
ENSG00000276644,DACH1,0.8308808290155442,19.3
ENSG00000064115,TM7SF3,0.8308528428093644,239.2
ENSG00000129682,FGF13,0.8307858243451466,64.9
ENSG00000034152,MAP2K3,0.8307838242636046,200.3
ENSG00000204287,HLA-DRA,0.8307320742102624,1196.6
ENSG00000115267,IFIH1,0.8306936416184972,34.6
ENSG00000198189,HSD17B11,0.8306916850625461,271.8
ENSG00000164197,RNF180,0.8306722689075632,23.8
ENSG00000154274,C4orf19,0.830654761904762,33.6
ENSG00000146122,DAAM2,0.8304866346812884,145.9
ENSG00000145715,RASA1,0.8304720087815588,91.1
ENSG00000283154,IQCJ-SCHIP1,0.8304520396912902,90.7
ENSG00000124120,TTPAL,0.8304379562043794,27.4
ENSG00000181666,ZNF875,0.8304301075268816,130.2
ENSG00000167536,DHRS13,0.8304060913705584,39.4
ENSG00000163006,CCDC138,0.830392156862745,10.2
ENSG00000147457,CHMP7,0.8303606557377049,30.5
ENSG00000197461,PDGFA,0.8303536345776033,101.8
ENSG00000176485,PLAAT3,0.8303515379786566,318.6
ENSG00000133619,KRBA1,0.8302933333333334,37.5
ENSG00000152939,MARVELD2,0.8302739726027397,14.6
ENSG00000132305,IMMT,0.8302666666666667,270.0
ENSG00000128881,TTBK2,0.8302473498233215,28.3
ENSG00000171943,SRGAP2C,0.8302366863905327,33.8
ENSG00000004779,NDUFAB1,0.8301925587467361,612.8
ENSG00000197696,NMB,0.83015873015873,75.6
ENSG00000168243,GNG4,0.830082191780822,36.5
ENSG00000103460,TOX3,0.8300523560209422,19.1
ENSG00000124145,SDC4,0.8300026048450116,383.9
ENSG00000149451,ADAM33,0.8299174917491751,121.2
ENSG00000177707,NECTIN3,0.8298823529411766,51.0
ENSG00000123094,RASSF8,0.8298201438848922,55.6
ENSG00000187240,DYNC2H1,0.8297777777777777,18.0
ENSG00000151967,SCHIP1,0.8297081081081079,92.5
ENSG00000100055,CYTH4,0.8297007874015749,63.5
ENSG00000185274,GALNT17,0.829630769230769,65.0
ENSG00000137628,DDX60,0.8295584415584416,38.5
ENSG00000138101,DTNB,0.8295575221238937,33.9
ENSG00000111186,WNT5B,0.8295569620253166,31.6
ENSG00000130748,TMEM160,0.8293293293293295,99.9
ENSG00000111729,CLEC4A,0.8293280632411067,25.3
ENSG00000121064,SCPEP1,0.8293074204946995,283.0
ENSG00000258839,MC1R,0.8292948717948717,31.2
ENSG00000182240,BACE2,0.8292592592592593,21.6
ENSG00000172766,NAA16,0.8292307692307691,22.1
ENSG00000129235,TXNDC17,0.8291367713004486,178.4
ENSG00000228594,FNDC10,0.8291366906474821,27.8
ENSG00000036257,CUL3,0.8290984455958551,193.0
ENSG00000139910,NOVA1,0.8290937499999999,64.0
ENSG00000116016,EPAS1,0.8290644391408114,419.0
ENSG00000074660,SCARF1,0.8289922480620154,25.8
ENSG00000063660,GPC1,0.8289690721649484,213.4
ENSG00000106003,LFNG,0.8288734353268427,71.9
ENSG00000132463,GRSF1,0.8288310615448162,242.1
ENSG00000118690,ARMC2,0.8286538461538462,31.2
ENSG00000169515,CCDC8,0.8286118980169972,35.3
ENSG00000182154,MRPL41,0.8285631279506114,826.1
ENSG00000122490,SLC66A2,0.8285474860335194,179.0
ENSG00000171385,KCND3,0.8284912280701754,28.5
ENSG00000099849,RASSF7,0.8284609053497942,121.5
ENSG00000072071,ADGRL1,0.8284374999999998,70.4
ENSG00000166171,DPCD,0.8284203102961919,141.8
ENSG00000147813,NAPRT,0.8283495145631068,103.0
ENSG00000174125,TLR1,0.8283333333333333,32.4
ENSG00000154734,ADAMTS1,0.828317477575428,367.9
ENSG00000128228,SDF2L1,0.828302561048243,167.9
ENSG00000101825,MXRA5,0.8282926829268291,32.8
ENSG00000179715,PCED1B,0.8282262210796913,38.9
ENSG00000166912,MTMR10,0.828221649484536,77.6
ENSG00000157110,RBPMS,0.8282152563870269,551.9
ENSG00000154930,ACSS1,0.828213866039953,170.2
ENSG00000084207,GSTP1,0.8282077649527807,2859.0
ENSG00000165379,LRFN5,0.8281904761904763,10.5
ENSG00000221963,APOL6,0.8281839080459771,43.5
ENSG00000149418,ST14,0.8281231671554253,136.4
ENSG00000120156,TEK,0.8280459770114942,43.5
ENSG00000131711,MAP1B,0.828,143.5
ENSG00000071054,MAP4K4,0.827937472861485,230.3
ENSG00000196267,ZNF836,0.8279215686274509,25.5
ENSG00000070770,CSNK2A2,0.8278314310798947,113.9
ENSG00000163485,ADORA1,0.8277934272300469,42.6
ENSG00000176720,BOK,0.8277796901893285,116.2
ENSG00000170881,RNF139,0.8277272727272726,88.0
ENSG00000179029,TMEM107,0.8277009345794394,53.5
ENSG00000137752,CASP1,0.827672131147541,122.0
ENSG00000176531,PHLDB3,0.8276576576576576,44.4
ENSG00000100523,DDHD1,0.8274305555555554,28.8
ENSG00000089057,SLC23A2,0.8274245472837021,99.4
ENSG00000092470,WDR76,0.8274000000000001,20.0
ENSG00000171017,LRRC8E,0.8273999999999999,10.0
ENSG00000129534,MIS18BP1,0.8272727272727274,38.5
ENSG00000156467,UQCRB,0.8272584728460595,1224.5
ENSG00000198331,HYLS1,0.8272580645161292,24.8
ENSG00000065978,YBX1,0.8272437977598659,1910.6
ENSG00000197822,OCLN,0.8272108843537415,29.4
ENSG00000171130,ATP6V0E2,0.8271822317366871,373.7
ENSG00000160284,SPATC1L,0.8271729957805909,47.4
ENSG00000181896,ZNF101,0.82715953307393,25.7
ENSG00000213397,HAUS7,0.8271457085828344,100.2
ENSG00000140299,BNIP2,0.8271147540983607,122.0
ENSG00000088766,CRLS1,0.8271085858585859,158.4
ENSG00000138768,USO1,0.8270293692826189,207.7
ENSG00000140374,ETFA,0.8269444444444446,244.8
ENSG00000165072,MAMDC2,0.8269166666666667,72.0
ENSG00000115468,EFHD1,0.8268884781269255,324.6
ENSG00000089127,OAS1,0.8268273866923818,103.7
ENSG00000103175,WFDC1,0.826814404432133,108.3
ENSG00000165948,IFI27L1,0.8268024439918533,98.2
ENSG00000173276,ZBTB21,0.8267352185089973,38.9
ENSG00000144504,ANKMY1,0.8267320261437908,30.6
ENSG00000218336,TENM3,0.8266666666666667,12.3
ENSG00000172215,CXCR6,0.8266249999999998,16.0
ENSG00000068971,PPP2R5B,0.8265602836879434,112.8
ENSG00000079102,RUNX1T1,0.8265060240963855,16.6
ENSG00000185614,INKA1,0.8264655172413792,23.2
ENSG00000006453,BAIAP2L1,0.8263783783783784,55.5
ENSG00000148655,LRMDA,0.8263739837398373,61.5
ENSG00000146859,TMEM140,0.8263712574850298,83.5
ENSG00000180992,MRPL14,0.8263558840250144,175.9
ENSG00000164764,SBSPON,0.8263551401869159,21.4
ENSG00000198743,SLC5A3,0.8263468634686346,27.1
ENSG00000198763,MT-ND2,0.8263337839665762,130852.9
ENSG00000104415,CCN4,0.8262765957446808,18.8
ENSG00000187513,GJA4,0.8262616822429907,107.0
ENSG00000233954,UQCRHL,0.8262420382165604,15.7
ENSG00000029363,BCLAF1,0.8261901021209742,127.3
ENSG00000128849,CGNL1,0.8261442006269591,63.8
ENSG00000124766,SOX4,0.8261111111111111,68.4
ENSG00000231389,HLA-DPA1,0.8261087719298245,570.0
ENSG00000112200,ZNF451,0.8260935143288084,66.3
ENSG00000145041,DCAF1,0.8260924369747898,47.6
ENSG00000123728,RAP2C,0.826064814814815,86.4
ENSG00000015475,BID,0.8259836065573769,97.6
ENSG00000203880,PCMTD2,0.8259052247873632,164.6
ENSG00000168575,SLC20A2,0.825827633378933,146.2
ENSG00000117122,MFAP2,0.8257623318385651,89.2
ENSG00000132330,SCLY,0.8257599999999999,37.5
ENSG00000240583,AQP1,0.8257515998432807,765.7
ENSG00000142798,HSPG2,0.8257352342158858,245.5
ENSG00000077232,DNAJC10,0.825724907063197,107.6
ENSG00000112531,QKI,0.8256256463288522,290.1
ENSG00000185920,PTCH1,0.825623188405797,34.5
ENSG00000082269,FAM135A,0.8256227758007119,28.1
ENSG00000001617,SEMA3F,0.8255717255717256,96.2
ENSG00000121297,TSHZ3,0.8255520504731862,31.7
ENSG00000154096,THY1,0.8255051038366773,284.1
ENSG00000144655,CSRNP1,0.8253837719298245,182.4
ENSG00000147576,ADHFE1,0.8252631578947368,30.4
ENSG00000213694,S1PR3,0.8252276559865092,59.3
ENSG00000143319,ISG20L2,0.8252040816326529,58.8
ENSG00000147955,SIGMAR1,0.825196662693683,167.8
ENSG00000092929,UNC13D,0.8251121076233184,66.9
ENSG00000135119,RNFT2,0.8250485436893201,10.3
ENSG00000158828,PINK1,0.8250354609929077,366.6
ENSG00000155330,C16orf87,0.825,17.2
ENSG00000072062,PRKACA,0.8249312092686459,276.2
ENSG00000197647,ZNF433,0.824901960784314,20.4
ENSG00000115687,PASK,0.8248826291079813,21.3
ENSG00000135749,PCNX2,0.8248605577689243,25.1
ENSG00000106993,CDC37L1,0.8248500000000001,80.0
ENSG00000175602,CCDC85B,0.8247984749455338,367.2
ENSG00000128268,MGAT3,0.8247941888619853,41.3
ENSG00000157570,TSPAN18,0.8247570332480819,78.2
ENSG00000213445,SIPA1,0.8246681415929205,90.4
ENSG00000111885,MAN1A1,0.8246611341632089,144.6
ENSG00000150471,ADGRL3,0.8246351931330473,23.3
ENSG00000158615,PPP1R15B,0.8246292947558771,110.6
ENSG00000185010,F8,0.8245401174168298,51.1
ENSG00000171223,JUNB,0.8245258661604177,1053.5
ENSG00000099341,PSMD8,0.8244677661169416,667.0
ENSG00000079335,CDC14A,0.8244354838709679,24.8
ENSG00000204323,SMIM5,0.8244036697247707,32.7
ENSG00000134198,TSPAN2,0.8243659043659044,48.1
ENSG00000135775,COG2,0.8243348281016444,66.9
ENSG00000136521,NDUFB5,0.824312859036677,226.3
ENSG00000186377,CYP4X1,0.8242979942693409,34.9
ENSG00000083857,FAT1,0.8242787286063569,81.8
ENSG00000095585,BLNK,0.8242344045368619,52.9
ENSG00000225190,PLEKHM1,0.8242068965517241,29.0
ENSG00000170085,SIMC1,0.8241860465116281,38.7
ENSG00000173110,HSPA6,0.8241581920903954,88.5
ENSG00000181374,CCL13,0.8241558441558442,30.8
ENSG00000182118,FAM89A,0.8241185647425897,64.1
ENSG00000082684,SEMA5B,0.824113475177305,14.1
ENSG00000068137,PLEKHH3,0.8240512820512821,39.0
ENSG00000078403,MLLT10,0.8240276179516687,86.9
ENSG00000182013,PNMA8A,0.8239841688654352,75.8
ENSG00000166313,APBB1,0.823950103950104,192.4
ENSG00000119922,IFIT2,0.8238864628820961,45.8
ENSG00000168778,TCTN2,0.8238709677419355,37.2
ENSG00000112769,LAMA4,0.8238456827924066,163.3
ENSG00000156218,ADAMTSL3,0.8237988826815642,17.9
ENSG00000146918,NCAPG2,0.8236923076923078,26.0
ENSG00000150938,CRIM1,0.8236777128005198,153.9
ENSG00000177614,PGBD5,0.8236363636363636,26.4
ENSG00000099260,PALMD,0.8236185819070905,122.7
ENSG00000141068,KSR1,0.8234740882917467,104.2
ENSG00000185112,FAM43A,0.8234453781512606,47.6
ENSG00000067082,KLF6,0.823348679428156,412.7
ENSG00000153310,CYRIB,0.8233475935828878,187.0
ENSG00000109814,UGDH,0.8232167832167834,128.7
ENSG00000105619,TFPT,0.8232150776053214,90.2
ENSG00000069535,MAOB,0.8232132030986865,296.9
ENSG00000186665,C17orf58,0.8231641791044777,33.5
ENSG00000125398,SOX9,0.823046357615894,75.5
ENSG00000137076,TLN1,0.8230301274623407,345.2
ENSG00000102796,DHRS12,0.8229175475687104,47.3
ENSG00000105835,NAMPT,0.8229051266941662,339.4
ENSG00000102359,SRPX2,0.822837837837838,29.6
ENSG00000157168,NRG1,0.8227672955974842,15.9
ENSG00000181625,SLX1B,0.8226823529411763,42.5
ENSG00000093072,ADA2,0.8226691729323309,106.4
ENSG00000155659,VSIG4,0.8226487523992323,156.3
ENSG00000076356,PLXNA2,0.8225981873111783,33.1
ENSG00000042062,RIPOR3,0.8225806451612904,40.3
ENSG00000159176,CSRP1,0.8224535944489451,2839.1
ENSG00000144681,STAC,0.8222857142857144,14.0
ENSG00000135916,ITM2C,0.8222431188167302,1020.9
ENSG00000049239,H6PD,0.8221700223713648,89.4
ENSG00000154370,TRIM11,0.8221639344262296,61.0
ENSG00000137965,IFI44,0.822140608604407,95.3
ENSG00000123836,PFKFB2,0.8220984455958548,77.2
ENSG00000154188,ANGPT1,0.8220820189274448,31.7
ENSG00000127955,GNAI1,0.8220485175202157,37.1
ENSG00000198056,PRIM1,0.8220454545454545,26.4
ENSG00000168672,LRATD2,0.822043795620438,41.1
ENSG00000114013,CD86,0.8220307692307691,32.5
ENSG00000117118,SDHB,0.8220147601476014,542.0
ENSG00000136738,STAM,0.8219960079840318,50.1
ENSG00000029993,HMGB3,0.8219641465315665,128.3
ENSG00000169814,BTD,0.8219444444444446,93.6
ENSG00000111907,TPD52L1,0.8218925649235147,281.1
ENSG00000116106,EPHA4,0.821864406779661,23.6
ENSG00000253304,TMEM200B,0.8218620689655174,58.0
ENSG00000107404,DVL1,0.821848583372039,215.3
ENSG00000099330,OCEL1,0.8218229854689564,75.7
ENSG00000155974,GRIP1,0.8218181818181819,15.4
ENSG00000105270,CLIP3,0.8217957244655583,210.5
ENSG00000179583,CIITA,0.8217857142857143,50.4
ENSG00000188641,DPYD,0.8217500000000001,64.0
ENSG00000175356,SCUBE2,0.8217391304347826,46.0
ENSG00000107282,APBA1,0.8217094017094017,35.1
ENSG00000150054,MPP7,0.8216763005780346,34.6
ENSG00000137547,MRPL15,0.8216483516483515,273.0
ENSG00000138835,RGS3,0.821645569620253,142.2
ENSG00000054277,OPN3,0.8215909090909093,17.6
ENSG00000134779,TPGS2,0.8215027223230489,275.5
ENSG00000134070,IRAK2,0.8214611872146116,21.9
ENSG00000189367,KIAA0408,0.8214393939393939,26.4
ENSG00000166428,PLD4,0.8214285714285714,18.2
ENSG00000253958,CLDN23,0.8214285714285714,15.4
ENSG00000122729,ACO1,0.8214149443561208,125.8
ENSG00000114904,NEK4,0.8213488372093023,43.0
ENSG00000104219,ZDHHC2,0.8213055555555556,72.0
ENSG00000138604,GLCE,0.8212224938875307,40.9
ENSG00000123243,ITIH5,0.8212109744560075,105.7
ENSG00000170425,ADORA2B,0.8211538461538461,15.6
ENSG00000184481,FOXO4,0.8211313868613139,109.6
ENSG00000178896,EXOSC4,0.8211276595744682,94.0
ENSG00000100065,CARD10,0.8210650887573964,33.8
ENSG00000091073,DTX2,0.8210176125244618,51.1
ENSG00000149294,NCAM1,0.8209925293489861,187.4
ENSG00000177721,ANXA2R,0.8209836065573771,24.4
ENSG00000085871,MGST2,0.8209596510359869,366.8
ENSG00000204991,SPIRE2,0.8208032128514056,24.9
ENSG00000140022,STON2,0.8207894736842105,30.4
ENSG00000241839,PLEKHO2,0.8207535641547861,98.2
ENSG00000120217,CD274,0.8207453416149069,16.1
ENSG00000112365,ZBTB24,0.8207272727272726,16.5
ENSG00000273559,CWC25,0.8207155025553664,58.7
ENSG00000100092,SH3BP1,0.8206683804627251,38.9
ENSG00000151849,CENPJ,0.8206369426751592,15.7
ENSG00000162618,ADGRL4,0.8206220839813375,64.3
ENSG00000159674,SPON2,0.8205367686527107,186.3
ENSG00000089060,SLC8B1,0.8205099150141644,70.6
ENSG00000185262,UBALD2,0.8204921077065924,215.4
ENSG00000266524,GDF10,0.8204624277456645,17.3
ENSG00000106780,MEGF9,0.8204113924050632,63.2
ENSG00000102230,PCYT1B,0.8203333333333334,12.0
ENSG00000137878,GCOM1,0.8203191489361704,18.8
ENSG00000186193,SAPCD2,0.8203125,12.8
ENSG00000134321,RSAD2,0.8203045685279187,19.7
ENSG00000152049,KCNE4,0.8203007518796993,39.9
ENSG00000188868,ZNF563,0.8202962962962963,13.5
ENSG00000102981,PARD6A,0.8202660753880265,45.1
ENSG00000164114,MAP9,0.8202507836990596,31.9
ENSG00000157833,GAREM2,0.8202499999999999,24.0
ENSG00000086544,ITPKC,0.8201702127659574,94.0
ENSG00000132000,PODNL1,0.8201574803149607,12.7
ENSG00000159658,EFCAB14,0.8201333333333334,150.0
ENSG00000124216,SNAI1,0.8200699300699301,28.6
ENSG00000159167,STC1,0.820064829821718,61.7
ENSG00000169193,CCDC126,0.8200615384615384,32.5
ENSG00000033030,ZCCHC8,0.8200485436893205,41.2
ENSG00000165312,OTUD1,0.8200350877192983,57.0
ENSG00000100345,MYH9,0.820015088645794,530.2
ENSG00000146555,SDK1,0.82,11.8
ENSG00000198133,TMEM229B,0.8199999999999998,25.4
ENSG00000184207,PGP,0.8199664429530202,59.6
ENSG00000003393,ALS2,0.8199061032863849,21.3
ENSG00000118507,AKAP7,0.819889705882353,54.4
ENSG00000161714,PLCD3,0.8198756218905474,80.4
ENSG00000135269,TES,0.8198383620689657,185.6
ENSG00000139697,SBNO1,0.8198295454545454,35.2
ENSG00000130545,CRB3,0.819810246679317,52.7
ENSG00000108256,NUFIP2,0.8197612732095493,75.4
ENSG00000184113,CLDN5,0.8197502356267671,424.4
ENSG00000143013,LMO4,0.8197494780793317,239.5
ENSG00000142686,C1orf216,0.819607329842932,76.4
ENSG00000184731,FAM110C,0.8196039603960397,30.3
ENSG00000167670,CHAF1A,0.8195945945945947,29.6
ENSG00000211455,STK38L,0.8194750000000001,80.0
ENSG00000152990,ADGRA3,0.8194495412844037,54.5
ENSG00000137872,SEMA6D,0.8194059405940597,40.4
ENSG00000145416,MARCHF1,0.8193856655290103,29.3
ENSG00000163884,KLF15,0.8193461104847802,88.7
ENSG00000028137,TNFRSF1B,0.8192248062015502,64.5
ENSG00000115963,RND3,0.8191649555099246,146.1
ENSG00000185215,TNFAIP2,0.8191032083494395,258.7
ENSG00000102312,PORCN,0.8190938511326862,30.9
ENSG00000144554,FANCD2,0.8190625,12.8
ENSG00000161955,TNFSF13,0.8189622641509434,169.6
ENSG00000135108,FBXO21,0.8188745387453875,108.4
ENSG00000184838,PRR16,0.8188692579505299,28.3
ENSG00000114737,CISH,0.8187837837837839,59.2
ENSG00000148459,PDSS1,0.8187777777777778,18.0
ENSG00000197763,TXNRD3,0.8187434554973823,19.1
ENSG00000101544,ADNP2,0.8187179487179486,39.0
ENSG00000186111,PIP5K1C,0.8185689655172413,116.0
ENSG00000181104,F2R,0.8185626911314984,65.4
ENSG00000133112,TPT1,0.8185580075488333,21778.2
ENSG00000263874,LINC00672,0.8185401459854015,13.7
ENSG00000284862,CCDC39,0.8185148514851486,20.2
ENSG00000114933,INO80D,0.8184705882352941,17.0
ENSG00000134138,MEIS2,0.8184513274336284,45.2
ENSG00000233493,TMEM238,0.8184390243902439,20.5
ENSG00000167995,BEST1,0.8183386581469648,31.3
ENSG00000270885,RASL10B,0.8183183183183182,33.3
ENSG00000117280,RAB29,0.8182404692082114,68.2
ENSG00000082212,ME2,0.8182175925925925,86.4
ENSG00000158882,TOMM40L,0.818204592901879,47.9
ENSG00000116455,WDR77,0.8181376518218625,98.8
ENSG00000142156,COL6A1,0.8180796864794253,765.5
ENSG00000167216,KATNAL2,0.8180327868852459,12.2
ENSG00000177105,RHOG,0.8180139643134211,257.8
ENSG00000117228,GBP1,0.8180097087378642,82.4
ENSG00000126883,NUP214,0.8179680940386231,119.1
ENSG00000017427,IGF1,0.8179351740696279,83.3
ENSG00000068878,PSME4,0.8179143389199255,53.7
ENSG00000168781,PPIP5K1,0.8178866768759573,65.3
ENSG00000187634,SAMD11,0.8178735632183909,34.8
ENSG00000205363,INSYN1,0.8178222222222221,45.0
ENSG00000173114,LRRN3,0.8178082191780821,21.9
ENSG00000136111,TBC1D4,0.8178064516129032,77.5
ENSG00000122378,PRXL2A,0.8177982133473464,380.6
ENSG00000158869,FCER1G,0.8177936260307554,448.7
ENSG00000172893,DHCR7,0.8177777777777778,112.5
ENSG00000104885,DOT1L,0.8177642276422765,49.2
ENSG00000134253,TRIM45,0.8177289377289376,27.3
ENSG00000165617,DACT1,0.8177285318559556,36.1
ENSG00000108622,ICAM2,0.8177124600638979,156.5
ENSG00000112561,TFEB,0.8176470588235294,76.5
ENSG00000198157,HMGN5,0.8176047904191616,100.2
ENSG00000119636,BBOF1,0.817562326869806,36.1
ENSG00000125520,SLC2A4RG,0.8175438596491229,85.5
ENSG00000154102,C16orf74,0.8175097276264591,25.7
ENSG00000168273,SMIM4,0.8174979558462796,122.3
ENSG00000177363,LRRN4CL,0.8174763406940063,31.7
ENSG00000111252,SH2B3,0.8174520069808028,57.3
ENSG00000182916,TCEAL7,0.8173941908713693,120.5
ENSG00000148339,SLC25A25,0.8173271889400923,108.5
ENSG00000107372,ZFAND5,0.8172950819672132,561.2
ENSG00000154721,JAM2,0.8172147651006711,59.6
ENSG00000116604,MEF2D,0.817213426219126,157.9
ENSG00000165983,PTER,0.8171921182266011,40.6
ENSG00000137193,PIM1,0.8171719128329298,206.5
ENSG00000169071,ROR2,0.8171428571428571,30.1
ENSG00000157554,ERG,0.8171354166666667,38.4
ENSG00000153162,BMP6,0.8170833333333333,19.2
ENSG00000198915,RASGEF1A,0.8170833333333333,19.2
ENSG00000139318,DUSP6,0.8170234741784037,213.0
ENSG00000154723,ATP5PF,0.8169739761952793,1487.1
ENSG00000134508,CABLES1,0.8169606003752347,53.3
ENSG00000166436,TRIM66,0.8169230769230768,13.0
ENSG00000119471,HSDL2,0.8168930891907855,169.3
ENSG00000006695,COX10,0.8168599033816425,41.4
ENSG00000161243,FBXO27,0.8167231638418079,35.4
ENSG00000127774,EMC6,0.8167170868347339,178.5
ENSG00000122257,RBBP6,0.8166912850812409,135.4
ENSG00000100060,MFNG,0.816656346749226,64.6
ENSG00000130402,ACTN4,0.816616638873448,539.7
ENSG00000161544,CYGB,0.8165775401069518,112.2
ENSG00000163541,SUCLG1,0.816566008517228,516.6
ENSG00000149743,TRPT1,0.8165123271196632,166.3
ENSG00000204257,HLA-DMA,0.8164794635373009,119.3
ENSG00000012171,SEMA3B,0.8164496314496316,162.8
ENSG00000172340,SUCLG2,0.8164063101192768,259.9
ENSG00000055118,KCNH2,0.8163855421686748,41.5
ENSG00000104131,EIF3J,0.8163849287169043,196.4
ENSG00000058085,LAMC2,0.8163835616438356,36.5
ENSG00000137710,RDX,0.8162978142076501,146.4
ENSG00000198712,MT-CO2,0.8162892218014197,214510.8
ENSG00000120802,TMPO,0.8162672811059906,130.2
ENSG00000010030,ETV7,0.8162666666666665,15.0
ENSG00000154518,ATP5MC3,0.8160675134852967,1149.4
ENSG00000163251,FZD5,0.8160377358490567,21.2
ENSG00000174501,ANKRD36C,0.8160273972602741,14.6
ENSG00000124243,BCAS4,0.8159590792838876,39.1
ENSG00000188878,FBF1,0.8158249158249157,29.7
ENSG00000065518,NDUFB4,0.8157633802816902,887.5
ENSG00000186818,LILRB4,0.8157062146892655,17.7
ENSG00000198732,SMOC1,0.81568,62.5
ENSG00000168661,ZNF30,0.8155555555555555,14.4
ENSG00000125895,TMEM74B,0.8155311355311354,27.3
ENSG00000070540,WIPI1,0.8155201342281879,119.2
ENSG00000239887,C1orf226,0.8154807692307692,20.8
ENSG00000159842,ABR,0.8154787759131292,101.3
ENSG00000164626,KCNK5,0.8154705882352943,34.0
ENSG00000089123,TASP1,0.8154578754578753,27.3
ENSG00000205593,DENND6B,0.8154399999999999,25.0
ENSG00000184445,KNTC1,0.8154156171284634,39.7
ENSG00000011638,LDAF1,0.8153488372093024,120.4
ENSG00000177084,POLE,0.8152884615384616,20.8
ENSG00000154429,CCSAP,0.8151948051948051,30.8
ENSG00000160932,LY6E,0.8151549570014603,616.3
ENSG00000168497,CAVIN2,0.8151421188630491,154.8
ENSG00000196878,LAMB3,0.815137481910275,69.1
ENSG00000103490,PYCARD,0.815135135135135,111.0
ENSG00000214944,ARHGEF28,0.8151186440677967,29.5
ENSG00000136425,CIB2,0.815042735042735,46.8
ENSG00000132423,COQ3,0.8149685534591193,47.7
ENSG00000161011,SQSTM1,0.8149480899102914,992.1
ENSG00000147041,SYTL5,0.8148837209302325,12.9
ENSG00000162496,DHRS3,0.8148509029819405,238.1
ENSG00000135525,MAP7,0.8147897196261682,85.6
ENSG00000115241,PPM1G,0.8146942291128337,232.2
ENSG00000171462,DLK2,0.8146774193548388,12.4
ENSG00000102935,ZNF423,0.8146511627906976,25.8
ENSG00000006118,TMEM132A,0.8146268656716417,107.2
ENSG00000103512,NOMO1,0.8145811320754716,132.5
ENSG00000106852,LHX6,0.8145695364238411,15.1
ENSG00000158717,RNF166,0.8145177664974617,98.5
ENSG00000047597,XK,0.8144776119402986,13.4
ENSG00000100083,GGA1,0.8144375353306953,176.9
ENSG00000198373,WWP2,0.8144136078782452,111.7
ENSG00000111802,TDP2,0.8144032444959446,172.6
ENSG00000204634,TBC1D8,0.8143493552168816,85.3
ENSG00000168386,FILIP1L,0.8142229199372056,191.1
ENSG00000150768,DLAT,0.8141556886227544,83.5
ENSG00000184602,SNN,0.8141532976827094,168.3
ENSG00000133574,GIMAP4,0.8141471571906354,119.6
ENSG00000123505,AMD1,0.8141281512605042,190.4
ENSG00000189221,MAOA,0.8141250605913717,206.3
ENSG00000107566,ERLIN1,0.8139831302717901,106.7
ENSG00000055813,CCDC85A,0.8139495798319326,11.9
ENSG00000116459,ATP5PB,0.8138823529411764,127.5
ENSG00000069974,RAB27A,0.8138003502626969,114.2
ENSG00000125731,SH2D3A,0.8137820512820513,31.2
ENSG00000026508,CD44,0.8137790078773687,469.7
ENSG00000204525,HLA-C,0.8137774874809494,1377.9
ENSG00000115137,DNAJC27,0.8137500000000002,20.8
ENSG00000072210,ALDH3A2,0.8137342242019302,269.4
ENSG00000103264,FBXO31,0.8137274220032841,60.9
ENSG00000115896,PLCL1,0.8137007874015748,38.1
ENSG00000162174,ASRGL1,0.8136833602584814,123.8
ENSG00000076928,ARHGEF1,0.8136682808716706,165.2
ENSG00000196329,GIMAP5,0.8136482412060302,99.5
ENSG00000165959,CLMN,0.8135737704918035,30.5
ENSG00000147592,LACTB2,0.8135714285714286,89.6
ENSG00000075142,SRI,0.8135623938078157,529.7
ENSG00000137070,IL11RA,0.8135537190082646,36.3
ENSG00000047365,ARAP2,0.8134933333333335,37.5
ENSG00000101144,BMP7,0.8134883720930235,43.0
ENSG00000274736,CCL23,0.8134313725490198,20.4
ENSG00000129757,CDKN1C,0.8133716075156577,191.6
ENSG00000133318,RTN3,0.81336450104788,620.3
ENSG00000188483,IER5L,0.8133180778032036,43.7
ENSG00000123096,SSPN,0.8132700135685211,73.7
ENSG00000067445,TRO,0.8132646048109965,29.1
ENSG00000177150,FAM210A,0.8132038834951456,30.9
ENSG00000175826,CTDNEP1,0.8131325910931173,395.2
ENSG00000073614,KDM5A,0.8131002331002332,42.9
ENSG00000261115,TMEM178B,0.8130357142857144,11.2
ENSG00000171914,TLN2,0.8130311614730877,35.3
ENSG00000143384,MCL1,0.8130157748221467,646.6
ENSG00000154124,OTULIN,0.8128630705394193,24.1
ENSG00000176024,ZNF613,0.8127472527472527,18.2
ENSG00000154263,ABCA10,0.8127272727272726,15.4
ENSG00000080839,RBL1,0.8127007299270071,13.7
ENSG00000198046,ZNF667,0.8126851851851851,21.6
ENSG00000148834,GSTO1,0.8126526624328286,614.1
ENSG00000184905,TCEAL2,0.812559670781893,243.0
ENSG00000186951,PPARA,0.812544080604534,39.7
ENSG00000173611,SCAI,0.8125,10.4
ENSG00000179454,KLHL28,0.8124705882352941,25.5
ENSG00000184545,DUSP8,0.8123873873873874,44.4
ENSG00000146648,EGFR,0.8122330097087379,61.8
ENSG00000205476,CCDC85C,0.8122191780821918,73.0
ENSG00000182742,HOXB4,0.8122162162162162,18.5
ENSG00000255154,HTD2,0.8120975609756098,41.0
ENSG00000102893,PHKB,0.8120684039087949,122.8
ENSG00000197948,FCHSD1,0.8120335429769392,47.7
ENSG00000214050,FBXO16,0.8120231213872833,17.3
ENSG00000164542,MATCAP2,0.812019230769231,20.8
ENSG00000119048,UBE2B,0.8119960474308301,202.4
ENSG00000205155,PSENEN,0.8119762722447706,320.3
ENSG00000117318,ID3,0.8119748263888888,460.8
ENSG00000133316,WDR74,0.8119463087248322,119.2
ENSG00000112379,ARFGEF3,0.8119402985074626,20.1
ENSG00000171016,PYGO1,0.8119354838709677,12.4
ENSG00000185630,PBX1,0.8119335347432023,132.4
ENSG00000198363,ASPH,0.8119005524861879,362.0
ENSG00000167004,PDIA3,0.8118082191780822,292.0
ENSG00000175906,ARL4D,0.8117574257425743,80.8
ENSG00000111490,TBC1D30,0.8116831683168317,10.1
ENSG00000101413,RPRD1B,0.8116216216216218,74.0
ENSG00000122547,EEPD1,0.8115673289183224,45.3
ENSG00000179832,MROH1,0.8115401301518438,46.1
ENSG00000121957,GPSM2,0.8115354330708664,50.8
ENSG00000100258,LMF2,0.8114721407624633,170.5
ENSG00000204179,PTPN20,0.8114492753623188,13.8
ENSG00000163399,ATP1A1,0.811441893830703,1394.0
ENSG00000261236,BOP1,0.8114037626628076,69.1
ENSG00000130844,ZNF331,0.8113702127659574,117.5
ENSG00000118257,NRP2,0.811316146540027,73.7
ENSG00000137843,PAK6,0.8112258064516128,31.0
ENSG00000123124,WWP1,0.8111526479750779,160.5
ENSG00000167693,NXN,0.8110924369747898,95.2
ENSG00000025772,TOMM34,0.8110738255033558,119.2
ENSG00000116127,ALMS1,0.8110144927536231,20.7
ENSG00000163655,GMPS,0.8110021321961619,93.8
ENSG00000105974,CAV1,0.8109814687714483,582.8
ENSG00000256053,COA8,0.810971128608924,114.3
ENSG00000126214,KLC1,0.810968622100955,513.1
ENSG00000108395,TRIM37,0.8109621993127146,58.2
ENSG00000203797,DDO,0.8109302325581393,17.2
ENSG00000159069,FBXW5,0.8109281164695176,219.8
ENSG00000107438,PDLIM1,0.8109221813725489,652.8
ENSG00000185361,TNFAIP8L1,0.8108157099697886,33.1
ENSG00000138378,STAT4,0.8108088235294117,27.2
ENSG00000150347,ARID5B,0.8107985697258642,83.9
ENSG00000137331,IER3,0.8107954095765731,252.7
ENSG00000214967,NPIPA7,0.8107773386034255,75.9
ENSG00000079999,KEAP1,0.8107728337236536,170.8
ENSG00000243335,KCTD7,0.8107389162561576,60.9
ENSG00000119686,FLVCR2,0.8106666666666666,28.5
ENSG00000092421,SEMA6A,0.8106467661691542,60.3
ENSG00000147799,ARHGAP39,0.81064039408867,20.3
ENSG00000158315,RHBDL2,0.810622009569378,20.9
ENSG00000166135,HIF1AN,0.8104884318766065,38.9
ENSG00000103494,RPGRIP1L,0.8104761904761905,12.6
ENSG00000157601,MX1,0.8104013377926421,119.6
ENSG00000070669,ASNS,0.8103146853146854,114.4
ENSG00000170542,SERPINB9,0.8103054989816701,49.1
ENSG00000213588,ZBTB9,0.8102631578947368,15.2
ENSG00000135144,DTX1,0.8102564102564103,11.7
ENSG00000175556,LONRF3,0.810252100840336,11.9
ENSG00000182749,PAQR7,0.8102495840266224,60.1
ENSG00000101247,NDUFAF5,0.8102083333333332,19.2
ENSG00000142875,PRKACB,0.8102070509233351,178.7
ENSG00000143382,ADAMTSL4,0.8101351351351351,59.2
ENSG00000087494,PTHLH,0.8100934579439252,21.4
ENSG00000129911,KLF16,0.8100921658986175,43.4
ENSG00000131051,RBM39,0.8100493827160493,162.0
ENSG00000166165,CKB,0.810033620225928,1487.2
ENSG00000133134,BEX2,0.8100332005312084,301.2
ENSG00000150527,MIA2,0.8098495645288994,126.3
ENSG00000162390,ACOT11,0.8098136645962731,32.2
ENSG00000132155,RAF1,0.8097976701410178,163.1
ENSG00000185033,SEMA4B,0.8097826086956523,119.6
ENSG00000135940,COX5B,0.8096942532415561,1249.4
ENSG00000153823,PID1,0.809647577092511,90.8
ENSG00000178078,STAP2,0.8096098104793756,89.7
ENSG00000131981,LGALS3,0.8095726801358842,1118.6
ENSG00000229833,PET100,0.8094821428571428,224.0
ENSG00000101079,NDRG3,0.8094515910629654,147.7
ENSG00000134013,LOXL2,0.8093506493506493,38.5
ENSG00000155970,MICU3,0.8093478260869564,27.6
ENSG00000100033,PRODH,0.8093396226415094,63.6
ENSG00000124479,NDP,0.809320987654321,32.4
ENSG00000164967,RPP25L,0.8092813852813855,115.5
ENSG00000198053,SIRPA,0.8092606516290727,159.6
ENSG00000113083,LOX,0.809236641221374,26.2
ENSG00000165775,FUNDC2,0.8092307692307692,18.2
ENSG00000282608,ADORA3,0.809191919191919,19.8
ENSG00000172270,BSG,0.8091864368845121,1787.2
ENSG00000110756,HPS5,0.8091463414634148,32.8
ENSG00000000460,C1orf112,0.8091338582677164,12.7
ENSG00000141385,AFG3L2,0.8091304347826086,96.6
ENSG00000156026,MCU,0.8091015625,51.2
ENSG00000158373,H2BC5,0.8090931677018633,161.0
ENSG00000124702,KLHDC3,0.8090585379012678,370.7
ENSG00000135821,GLUL,0.8090546452139098,1348.7
ENSG00000189043,NDUFA4,0.8090088611749262,609.4
ENSG00000133401,PDZD2,0.8089772727272727,17.6
ENSG00000135250,SRPK2,0.8089269406392694,87.6
ENSG00000173621,LRFN4,0.8089265536723164,35.4
ENSG00000168904,LRRC28,0.8089090909090909,44.0
ENSG00000112208,BAG2,0.80890365448505,30.1
ENSG00000123080,CDKN2C,0.8088095238095238,92.4
ENSG00000117528,ABCD3,0.8088006756756758,118.4
ENSG00000006652,IFRD1,0.8087407407407405,54.0
ENSG00000121210,TMEM131L,0.8087366167023555,46.7
ENSG00000183018,SPNS2,0.80872,50.0
ENSG00000132470,ITGB4,0.8086304128902316,198.6
ENSG00000003096,KLHL13,0.8086301369863013,29.2
ENSG00000167487,KLHL26,0.8086290322580645,24.8
ENSG00000095637,SORBS1,0.8086057592707686,482.7
ENSG00000127666,TICAM1,0.8085972850678733,44.2
ENSG00000123570,RAB9B,0.8085572139303483,20.1
ENSG00000140450,ARRDC4,0.8085336856010568,75.7
ENSG00000167741,GGT6,0.8085171102661597,52.6
ENSG00000163636,PSMD6,0.8084929472902747,269.4
ENSG00000103653,CSK,0.8084829329962073,158.2
ENSG00000129116,PALLD,0.8084761717983917,509.9
ENSG00000184227,ACOT1,0.8084134615384616,41.6
ENSG00000198925,ATG9A,0.8084017595307916,136.4
ENSG00000157212,PAXIP1,0.8083064516129032,24.8
ENSG00000100968,NFATC4,0.8082823871906841,137.4
ENSG00000160796,NBEAL2,0.8082626262626263,99.0
ENSG00000186469,GNG2,0.8082616822429907,107.0
ENSG00000170500,LONRF2,0.8082352941176469,40.8
ENSG00000157933,SKI,0.8082250242483028,103.1
ENSG00000196187,TMEM63A,0.8081176470588235,153.0
ENSG00000269313,MAGIX,0.8081052631578948,19.0
ENSG00000163539,CLASP2,0.8080988917306052,117.3
ENSG00000127990,SGCE,0.808031222896791,115.3
ENSG00000198786,MT-ND5,0.8080221212387587,26164.9
ENSG00000142168,SOD1,0.8079825645696442,1537.1
ENSG00000126267,COX6B1,0.8079819922199398,2287.9
ENSG00000145020,AMT,0.8079619047619048,52.5
ENSG00000149300,C11orf52,0.8079217603911979,40.9
ENSG00000047648,ARHGAP6,0.8079037800687284,29.1
ENSG00000120162,MOB3B,0.8077669902912621,30.9
ENSG00000139116,KIF21A,0.8077051460361614,71.9
ENSG00000162551,ALPL,0.8076603119584056,57.7
ENSG00000130307,USHBP1,0.80765625,12.8
ENSG00000136295,TTYH3,0.8076438653637351,92.1
ENSG00000064933,PMS1,0.8076211453744493,45.4
ENSG00000121104,FAM117A,0.8076177285318559,72.2
ENSG00000159335,PTMS,0.8074776433456077,760.4
ENSG00000139842,CUL4A,0.8074253731343285,160.8
ENSG00000102349,KLF8,0.8073619631901839,16.3
ENSG00000115042,FAHD2A,0.807360594795539,107.6
ENSG00000185950,IRS2,0.8073140495867768,48.4
ENSG00000119013,NDUFB3,0.8073071238545669,676.6
ENSG00000163683,SMIM14,0.8073056057866184,110.6
ENSG00000146070,PLA2G7,0.807265625,25.6
ENSG00000091483,FH,0.8072576177285319,252.7
ENSG00000148218,ALAD,0.8071800101988782,196.1
ENSG00000175854,SWI5,0.8070596115204286,149.3
ENSG00000182718,ANXA2,0.8070573248407643,1962.5
ENSG00000115541,HSPE1,0.8068375277572168,1080.8
ENSG00000010322,NISCH,0.8068114368440102,276.3
ENSG00000166780,BMERB1,0.8067436974789917,190.4
ENSG00000163053,SLC16A14,0.8067428571428572,17.5
ENSG00000111087,GLI1,0.8067307692307694,10.4
ENSG00000118276,B4GALT6,0.8067206477732793,24.7
ENSG00000135838,NPL,0.8066981132075471,42.4
ENSG00000126561,STAT5A,0.8066666666666668,74.1
ENSG00000080200,CRYBG3,0.80656,25.0
ENSG00000163702,IL17RC,0.8065420560747664,64.2
ENSG00000239282,CASTOR1,0.8065346534653466,50.5
ENSG00000064012,CASP8,0.8065306122448979,44.1
ENSG00000091140,DLD,0.8064975951027548,228.7
ENSG00000187266,EPOR,0.8064882943143813,29.9
ENSG00000101695,RNF125,0.8064739884393064,17.3
ENSG00000204852,TCTN1,0.8064576802507837,31.9
ENSG00000114859,CLCN2,0.8064473684210526,15.2
ENSG00000107738,VSIR,0.8064391353811148,87.9
ENSG00000079616,KIF22,0.8064179104477612,53.6
ENSG00000115339,GALNT3,0.8063835616438356,73.0
ENSG00000132003,ZSWIM4,0.8063636363636364,11.0
ENSG00000138615,CILP,0.8063578947368422,47.5
ENSG00000106665,CLIP2,0.8063427109974424,78.2
ENSG00000073169,SELENOO,0.8063396226415094,26.5
ENSG00000185551,NR2F2,0.8063266219239372,223.5
ENSG00000184785,SMIM10,0.8063092783505154,48.5
ENSG00000123191,ATP7B,0.8061999999999999,10.0
ENSG00000145779,TNFAIP8,0.8061943687556767,110.1
ENSG00000119912,IDE,0.8061889250814334,30.7
ENSG00000102524,TNFSF13B,0.8061475409836067,24.4
ENSG00000162981,LRATD1,0.80609375,38.4
ENSG00000112559,MDFI,0.8060795454545453,35.2
ENSG00000182578,CSF1R,0.8060112359550563,106.8
ENSG00000106948,AKNA,0.8059413434247871,105.7
ENSG00000154710,RABGEF1,0.8058953168044077,72.6
ENSG00000120820,GLT8D2,0.8058333333333332,55.2
ENSG00000120690,ELF1,0.8058166491043204,189.8
ENSG00000147027,TMEM47,0.8057849666983826,105.1
ENSG00000169504,CLIC4,0.805766780989711,408.2
ENSG00000196449,YRDC,0.805762711864407,47.2
ENSG00000156232,WHAMM,0.8057142857142856,29.4
ENSG00000128581,IFT22,0.8056938483547924,69.9
ENSG00000166797,CIAO2A,0.8056933115823817,245.2
ENSG00000103253,HAGHL,0.8056749311294766,36.3
ENSG00000100614,PPM1A,0.8055596738324685,134.9
ENSG00000123472,ATPAF1,0.8055393980385526,295.7
ENSG00000137364,TPMT,0.8055277777777777,72.0
ENSG00000167608,TMC4,0.8055220417633412,43.1
ENSG00000171817,ZNF540,0.8054393305439332,23.9
ENSG00000162702,ZNF281,0.8054258675078865,31.7
ENSG00000235863,B3GALT4,0.8053787878787878,26.4
ENSG00000144381,HSPD1,0.805370264064294,696.8
ENSG00000198832,SELENOM,0.8053235764921106,874.6
ENSG00000109906,ZBTB16,0.8053211009174313,76.3
ENSG00000111261,MANSC1,0.8052824427480916,65.5
ENSG00000005884,ITGA3,0.805260663507109,84.4
ENSG00000140836,ZFHX3,0.8052513966480447,17.9
ENSG00000241837,ATP5PO,0.8052125025098722,1494.1
ENSG00000115365,LANCL1,0.8051608910891087,161.6
ENSG00000150630,VEGFC,0.8051538461538462,26.0
ENSG00000140563,MCTP2,0.8051020408163265,19.6
ENSG00000213949,ITGA1,0.8050678733031673,22.1
ENSG00000103066,PLA2G15,0.8049733570159857,56.3
ENSG00000110514,MADD,0.8049702970297029,101.0
ENSG00000121039,RDH10,0.8049561952440549,79.9
ENSG00000164035,EMCN,0.8049528936742935,74.3
ENSG00000035862,TIMP2,0.8049234065345473,933.5
ENSG00000154133,ROBO4,0.8048832271762209,47.1
ENSG00000185339,TCN2,0.8048473635522666,108.1
ENSG00000185000,DGAT1,0.8048325358851676,41.8
ENSG00000175182,FAM131A,0.8048082901554404,96.5
ENSG00000126249,PDCD2L,0.804793388429752,24.2
ENSG00000108861,DUSP3,0.8047615165103954,245.3
ENSG00000163704,PRRT3,0.8047552447552448,14.3
ENSG00000086289,EPDR1,0.8047410008779632,113.9
ENSG00000162745,OLFML2B,0.8047345132743362,45.2
ENSG00000223572,CKMT1A,0.8046973365617432,82.6
ENSG00000243811,APOBEC3D,0.8046153846153846,14.3
ENSG00000123384,LRP1,0.80439453125,102.4
ENSG00000119508,NR4A3,0.8042930153321975,58.7
ENSG00000135378,PRRG4,0.8042922374429224,21.9
ENSG00000116717,GADD45A,0.8042728341826733,255.1
ENSG00000179361,ARID3B,0.8042241379310344,23.2
ENSG00000206053,JPT2,0.8041988003427594,116.7
ENSG00000164695,CHMP4C,0.8041624365482233,39.4
ENSG00000151693,ASAP2,0.8041189931350116,43.7
ENSG00000145349,CAMK2D,0.8041100323624595,123.6
ENSG00000166173,LARP6,0.8040776699029126,123.6
ENSG00000152784,PRDM8,0.8040625,25.6
ENSG00000105127,AKAP8,0.8040449438202246,17.8
ENSG00000167395,ZNF646,0.8040329218106997,24.3
ENSG00000038210,PI4K2B,0.8040295748613677,54.1
ENSG00000198142,SOWAHC,0.8040255591054312,31.3
ENSG00000131069,ACSS2,0.8040036396724295,109.9
ENSG00000175164,ABO,0.8039716312056738,14.1
ENSG00000143412,ANXA9,0.80396449704142,33.8
ENSG00000051825,MPHOSPH9,0.8039344262295081,30.5
ENSG00000147400,CETN2,0.8039247541684479,233.9
ENSG00000143603,KCNN3,0.803913043478261,13.8
ENSG00000101665,SMAD7,0.8039103869653768,49.1
ENSG00000105997,HOXA3,0.8038888888888889,18.0
ENSG00000131669,NINJ1,0.8038700147710486,270.8
ENSG00000109339,MAPK10,0.8038263229308005,73.7
ENSG00000164733,CTSB,0.8038014527845035,991.2
ENSG00000170921,TANC2,0.803698113207547,26.5
ENSG00000119673,ACOT2,0.8036869565217392,115.0
ENSG00000214413,BBIP1,0.8036704900938477,95.9
ENSG00000142453,CARM1,0.8036679536679536,103.6
ENSG00000123338,NCKAP1L,0.8036279069767441,43.0
ENSG00000126432,PRDX5,0.8036051437216338,1322.0
ENSG00000069431,ABCC9,0.8035915492957746,28.4
ENSG00000139567,ACVRL1,0.8035817307692309,83.2
ENSG00000104946,TBC1D17,0.803567649281935,132.3
ENSG00000177469,CAVIN1,0.8035501307759371,573.5
ENSG00000203814,H2BC18,0.803545706371191,36.1
ENSG00000196821,ILRUN,0.8034834240475013,202.1
ENSG00000101474,APMAP,0.8034489593657086,302.7
ENSG00000065150,IPO5,0.8034454638124362,196.2
ENSG00000175567,UCP2,0.8033076923076922,260.0
ENSG00000189184,PCDH18,0.8032771084337351,41.5
ENSG00000137414,FAM8A1,0.8032687651331719,82.6
ENSG00000213066,CEP43,0.8032568807339451,43.6
ENSG00000006534,ALDH3B1,0.8032568807339449,43.6
ENSG00000198089,SFI1,0.8032156862745096,25.5
ENSG00000178878,APOLD1,0.8031217838765009,116.6
ENSG00000197496,SLC2A10,0.8031188118811882,40.4
ENSG00000142046,TMEM91,0.8031079717457114,99.1
ENSG00000198324,PHETA1,0.8030901287553648,23.3
ENSG00000001460,STPG1,0.803065134099617,26.1
ENSG00000119986,AVPI1,0.8030622009569379,104.5
ENSG00000088543,C3orf18,0.8030601092896172,54.9
ENSG00000101384,JAG1,0.8030049751243782,100.5
ENSG00000148154,UGCG,0.8029615745079662,106.7
ENSG00000204262,COL5A2,0.802865329512894,104.7
ENSG00000132182,NUP210,0.8028260869565217,36.8
ENSG00000175536,LIPT2,0.8027522935779815,10.9
ENSG00000162572,SCNN1D,0.8026966292134832,35.6
ENSG00000009413,REV3L,0.8025619834710744,24.2
ENSG00000130956,HABP4,0.8025295723384896,109.9
ENSG00000159216,RUNX1,0.8025174825174823,42.9
ENSG00000167535,CACNB3,0.8024664879356568,74.6
ENSG00000109689,STIM2,0.8024283305227655,59.3
ENSG00000119729,RHOQ,0.8023848878394333,169.4
ENSG00000151474,FRMD4A,0.8023396226415095,53.0
ENSG00000180185,FAHD1,0.8023188405797101,69.0
ENSG00000174529,TMEM81,0.8022929936305734,15.7
ENSG00000102547,CAB39L,0.8022272727272727,88.0
ENSG00000130684,ZNF337,0.8022191400832179,72.1
ENSG00000169255,B3GALNT1,0.8022044088176353,49.9
ENSG00000196126,HLA-DRB1,0.8021908742598398,574.2
ENSG00000008086,CDKL5,0.8021875,12.8
ENSG00000217930,PAM16,0.8021428571428573,120.4
ENSG00000171115,GIMAP8,0.8020942408376963,38.2
ENSG00000099139,PCSK5,0.8020491803278688,24.4
ENSG00000108381,ASPA,0.8020224719101123,35.6
ENSG00000131089,ARHGEF9,0.8020073439412485,81.7
ENSG00000243364,EFNA4,0.8019863013698629,29.2
ENSG00000124074,ENKD1,0.8019631901840492,65.2
ENSG00000089486,CDIP1,0.8019184952978057,159.5
ENSG00000179348,GATA2,0.8018950930626058,59.1
ENSG00000048028,USP28,0.8018421052631578,53.2
ENSG00000124406,ATP8A1,0.8017789757412399,37.1
ENSG00000011465,DCN,0.8017644435193718,3363.1
ENSG00000101342,TLDC2,0.8017241379310345,17.4
ENSG00000169413,RNASE6,0.8015072463768117,103.5
ENSG00000149646,CNBD2,0.8014937759336099,24.1
ENSG00000197093,GAL3ST4,0.8014285714285714,26.6
ENSG00000140526,ABHD2,0.8014141414141415,128.7
ENSG00000165914,TTC7B,0.8012653446647782,105.9
ENSG00000103353,UBFD1,0.8012048192771085,74.7
ENSG00000240184,PCDHGC3,0.8011944444444445,360.0
ENSG00000089472,HEPH,0.801125226860254,55.1
ENSG00000103042,SLC38A7,0.8011009174311927,32.7
ENSG00000101182,PSMA7,0.8010918918918918,740.0
ENSG00000179119,SPTY2D1,0.8010526315789473,32.3
ENSG00000054793,ATP9A,0.8010057142857143,87.5
ENSG00000134533,RERG,0.8009776833156217,94.1
ENSG00000076053,RBM7,0.8009599999999999,37.5
ENSG00000168906,MAT2A,0.8009260606060606,825.0
ENSG00000183527,PSMG1,0.8009042553191489,37.6
ENSG00000164023,SGMS2,0.8008672086720868,36.9
ENSG00000175727,MLXIP,0.8008292682926829,123.0
ENSG00000109654,TRIM2,0.8007949125596184,62.9
ENSG00000171310,CHST11,0.8007629427792916,36.7
ENSG00000137767,SQOR,0.8007524148449415,196.7
ENSG00000139263,LRIG3,0.8007326007326008,54.6
ENSG00000106348,IMPDH1,0.8007302231237324,98.6
ENSG00000067048,DDX3Y,0.8006858407079647,90.4
ENSG00000112210,RAB23,0.8006562054208273,70.1
ENSG00000205309,NT5M,0.8006451612903227,12.4
ENSG00000092969,TGFB2,0.80062893081761,15.9
ENSG00000163762,TM4SF18,0.8005642633228841,31.9
ENSG00000067798,NAV3,0.8005263157894738,15.2
ENSG00000079974,RABL2B,0.8004245283018868,84.8
ENSG00000122592,HOXA7,0.8003791469194312,21.1
ENSG00000142197,DOP1B,0.8002489626556016,24.1
ENSG00000162542,TMCO4,0.8002453987730063,32.6
ENSG00000059573,ALDH18A1,0.800159151193634,113.1
ENSG00000111846,GCNT2,0.8001459854014599,13.7
ENSG00000198018,ENTPD7,0.800144927536232,13.8
ENSG00000187630,DHRS4L2,0.8000815660685153,122.6
ENSG00000126003,PLAGL2,0.8000657894736842,30.4
ENSG00000185418,TARS3,0.8,36.0
ENSG00000165501,LRR1,0.8,27.2
ENSG00000204147,ASAH2B,0.8,13.8
ENSG00000110047,EHD1,0.7999325691166554,148.3
ENSG00000115109,EPB41L5,0.7999246704331449,53.1
ENSG00000091640,SPAG7,0.7998531981824537,286.1
ENSG00000284753,EEF1AKMT4,0.7997368421052633,22.8
ENSG00000142694,EVA1B,0.7997202797202799,14.3
ENSG00000164904,ALDH7A1,0.7996967699406724,151.7
ENSG00000100330,MTMR3,0.7996887159533074,77.1
ENSG00000132561,MATN2,0.7996857816182248,254.6
ENSG00000134109,EDEM1,0.7995923913043478,73.6
ENSG00000122679,RAMP3,0.7995658465991318,138.2
ENSG00000113504,SLC12A7,0.7995549374130738,71.9
ENSG00000113161,HMGCR,0.7994331983805667,98.8
ENSG00000097021,ACOT7,0.7993745557924662,140.7
ENSG00000131591,C1orf159,0.7992857142857143,22.4
ENSG00000153814,JAZF1,0.7992676767676766,79.2
ENSG00000111911,HINT3,0.799260663507109,105.5
ENSG00000140332,TLE3,0.7992532467532467,61.6
ENSG00000179403,VWA1,0.7992191566892244,192.1
ENSG00000102181,CD99L2,0.7992136150234741,170.4
ENSG00000133943,DGLUCY,0.7992010478061559,152.7
ENSG00000198947,DMD,0.7991458026509572,67.9
ENSG00000188786,MTF1,0.7990721649484535,19.4
ENSG00000276023,DUSP14,0.799056179775281,44.5
ENSG00000166128,RAB8B,0.7990065359477124,76.5
ENSG00000130414,NDUFA10,0.7989738625363019,309.9
ENSG00000104290,FZD3,0.7989705882352941,13.6
ENSG00000182732,RGS6,0.7989565217391303,11.5
ENSG00000172057,ORMDL3,0.7989095744680852,225.6
ENSG00000117143,UAP1,0.7988924387646433,93.9
ENSG00000108018,SORCS1,0.7988118811881187,10.1
ENSG00000198176,TFDP1,0.7988106011635422,154.7
ENSG00000158006,PAFAH2,0.7987665198237884,45.4
ENSG00000128052,KDR,0.7987586206896553,29.0
ENSG00000112304,ACOT13,0.7987412587412587,28.6
ENSG00000169248,CXCL11,0.7987387387387388,11.1
ENSG00000110011,DNAJC4,0.7985855972401897,231.9
ENSG00000138796,HADH,0.7985430968726162,262.2
ENSG00000213214,ARHGEF35,0.7985000000000001,20.0
ENSG00000129680,MAP7D3,0.7984946236559141,27.9
ENSG00000087086,FTL,0.7984858707926243,14257.7
ENSG00000137801,THBS1,0.7984834632965851,371.9
ENSG00000092964,DPYSL2,0.798450887061878,231.1
ENSG00000100764,PSMC1,0.7984176570458403,294.5
ENSG00000159082,SYNJ1,0.7983482142857141,44.8
ENSG00000066382,MPPED2,0.7983478260869564,23.0
ENSG00000151881,TMEM267,0.7983193277310925,35.7
ENSG00000134369,NAV1,0.7983090379008746,34.3
ENSG00000171793,CTPS1,0.7982848837209302,68.8
ENSG00000106049,HIBADH,0.7982613277133825,189.8
ENSG00000014216,CAPN1,0.7982117471006357,267.3
ENSG00000105948,TTC26,0.7981954887218045,13.3
ENSG00000065413,ANKRD44,0.7981286549707604,34.2
ENSG00000156983,BRPF1,0.7981165919282514,22.3
ENSG00000122786,CALD1,0.7980451500868271,806.2
ENSG00000114853,ZBTB47,0.7980221997981836,99.1
ENSG00000182107,TMEM30B,0.798021582733813,55.6
ENSG00000168291,PDHB,0.7980171796707229,279.4
ENSG00000084636,COL16A1,0.7980111731843575,179.0
ENSG00000183943,PRKX,0.7979746835443039,31.6
ENSG00000198435,NRARP,0.7979064587973274,44.9
ENSG00000160813,PPP1R35,0.7978656126482214,50.6
ENSG00000076944,STXBP2,0.7978184193337686,153.1
ENSG00000124257,NEURL2,0.7978137651821862,24.7
ENSG00000205307,SAP25,0.7977978339350179,55.4
ENSG00000214367,HAUS3,0.7977952755905511,25.4
ENSG00000167548,KMT2D,0.7977836411609499,37.9
ENSG00000125841,NRSN2,0.7977704918032786,152.5
ENSG00000096872,IFT74,0.7977680525164113,45.7
ENSG00000171659,GPR34,0.7977556109725689,40.1
ENSG00000170153,RNF150,0.7977104377104375,29.7
ENSG00000100226,GTPBP1,0.7977091633466137,100.4
ENSG00000108375,RNF43,0.7976635514018692,21.4
ENSG00000078401,EDN1,0.7976076555023924,41.8
ENSG00000169499,PLEKHA2,0.7976054421768708,73.5
ENSG00000137177,KIF13A,0.7975280898876405,97.9
ENSG00000078967,UBE2D4,0.7974342105263156,30.4
ENSG00000164849,GPR146,0.7974013921113691,43.1
ENSG00000105699,LSR,0.7973862815884476,138.5
ENSG00000151553,FHIP2A,0.797375745526839,50.3
ENSG00000179388,EGR3,0.7971702637889687,41.7
ENSG00000182446,NPLOC4,0.7971648492623475,155.9
ENSG00000086300,SNX10,0.7971296296296297,43.2
ENSG00000176438,SYNE3,0.7970731707317072,12.3
ENSG00000134769,DTNA,0.7970617042115574,204.2
ENSG00000090061,CCNK,0.7970331950207469,96.4
ENSG00000155254,MARVELD1,0.797008032128514,99.6
ENSG00000100949,RABGGTA,0.7969716088328076,63.4
ENSG00000138434,ITPRID2,0.796922148461074,165.7
ENSG00000185721,DRG1,0.7968624833110814,149.8
ENSG00000285508,MKKS,0.7968571428571429,14.0
ENSG00000131153,GINS2,0.7968115942028985,13.8
ENSG00000175832,ETV4,0.7967832167832168,14.3
ENSG00000101187,SLCO4A1,0.7967499999999998,56.0
ENSG00000179409,GEMIN4,0.7967099567099568,46.2
ENSG00000003509,NDUFAF7,0.796685082872928,36.2
ENSG00000064651,SLC12A2,0.7966292134831461,71.2
ENSG00000105737,GRIK5,0.7966242038216562,31.4
ENSG00000138002,IFT172,0.7966037735849056,15.9
ENSG00000134982,APC,0.7965891472868216,38.7
ENSG00000166446,CDYL2,0.7965151515151514,13.2
ENSG00000117408,IPO13,0.7964987613542527,121.1
ENSG00000095739,BAMBI,0.7964163822525597,58.6
ENSG00000180543,TSPYL5,0.7964114832535885,41.8
ENSG00000168000,BSCL2,0.7963073561544064,274.6
ENSG00000151692,RNF144A,0.796256880733945,54.5
ENSG00000135540,NHSL1,0.7962211981566821,21.7
ENSG00000160219,GAB3,0.7961832061068702,13.1
ENSG00000142173,COL6A2,0.7961771561771563,1244.1
ENSG00000125772,GPCPD1,0.796157082748948,71.3
ENSG00000137309,HMGA1,0.7961535594483786,268.3
ENSG00000107951,MTPAP,0.7960115606936417,34.6
ENSG00000161800,RACGAP1,0.7959529411764705,42.5
ENSG00000005059,MCUB,0.7959468438538205,30.1
ENSG00000166598,HSP90B1,0.795891425979132,1322.6
ENSG00000100234,TIMP3,0.7958513470343944,939.1
ENSG00000104967,NOVA2,0.7958282208588957,16.3
ENSG00000178295,GEN1,0.7958041958041959,14.3
ENSG00000146938,NLGN4X,0.7957971014492755,13.8
ENSG00000239704,CDRT4,0.7957792207792208,30.8
ENSG00000177409,SAMD9L,0.7957647058823532,34.0
ENSG00000239713,APOBEC3G,0.7957209302325583,43.0
ENSG00000175073,VCPIP1,0.7957068062827226,19.1
ENSG00000110799,VWF,0.7956741573033709,142.4
ENSG00000151364,KCTD14,0.7956457564575646,27.1
ENSG00000174080,CTSF,0.7956113360323888,123.5
ENSG00000173258,ZNF483,0.7955329949238578,19.7
ENSG00000087299,L2HGDH,0.79551912568306,18.3
ENSG00000101846,STS,0.7955102040816326,24.5
ENSG00000143126,CELSR2,0.7954918032786884,24.4
ENSG00000147853,AK3,0.7954305799648508,227.6
ENSG00000145247,OCIAD2,0.795417529330573,144.9
ENSG00000171105,INSR,0.7953565505804313,60.3
ENSG00000101109,STK4,0.7953017241379312,46.4
ENSG00000143061,IGSF3,0.7952941176470587,22.1
ENSG00000188921,HACD4,0.7952212389380532,11.3
ENSG00000136193,SCRN1,0.795186827105763,157.9
ENSG00000142552,RCN3,0.7951863857374392,123.4
ENSG00000180596,H2BC4,0.7951254480286738,27.9
ENSG00000186352,ANKRD37,0.7951228070175438,114.0
ENSG00000127080,IPPK,0.795114006514658,30.7
ENSG00000110660,SLC35F2,0.7951136363636363,35.2
ENSG00000132361,CLUH,0.7950786163522012,127.2
ENSG00000135314,KHDC1,0.7950354609929079,14.1
ENSG00000111716,LDHB,0.7949969854754728,1824.5
ENSG00000144036,EXOC6B,0.7949894736842105,47.5
ENSG00000135537,AFG1L,0.7949514563106796,10.3
ENSG00000179954,SSC5D,0.7948821548821549,29.7
ENSG00000010539,ZNF200,0.7948809523809522,16.8
ENSG00000173085,COQ2,0.7948571428571428,35.0
ENSG00000156968,MPV17L,0.7948275862068965,11.6
ENSG00000057935,MTA3,0.7947865853658537,65.6
ENSG00000261221,ZNF865,0.7947752808988766,35.6
ENSG00000172331,BPGM,0.7946958637469588,82.2
ENSG00000100075,SLC25A1,0.7946834219429677,206.9
ENSG00000138080,EMILIN1,0.7946809460062471,224.1
ENSG00000184588,PDE4B,0.7946423562412341,71.3
ENSG00000136379,ABHD17C,0.7945751633986928,61.2
ENSG00000101439,CST3,0.7945343491955392,4698.8
ENSG00000197774,EME2,0.7944954128440368,10.9
ENSG00000159023,EPB41,0.7944669365721998,74.1
ENSG00000091986,CCDC80,0.7944490768314474,335.8
ENSG00000169660,HEXD,0.7943552311435523,41.1
ENSG00000160410,SHKBP1,0.7942949234488316,124.1
ENSG00000115419,GLS,0.7942896742896742,144.3
ENSG00000163531,NFASC,0.7942857142857142,32.2
ENSG00000103145,HCFC1R1,0.7942821421129402,479.9
ENSG00000118971,CCND2,0.794244604316547,27.8
ENSG00000166411,IDH3A,0.7941747572815533,92.7
ENSG00000138794,CASP6,0.7941732283464568,38.1
ENSG00000039068,CDH1,0.7941720430107527,186.0
ENSG00000127184,COX7C,0.7941255986750818,2234.1
ENSG00000166435,XRRA1,0.7939999999999999,17.0
ENSG00000160352,ZNF714,0.793956834532374,13.9
ENSG00000099860,GADD45B,0.7939502043849869,538.2
ENSG00000048991,R3HDM1,0.7939074960127591,62.7
ENSG00000197253,TPSB2,0.793864768683274,140.5
ENSG00000148057,IDNK,0.7938297872340425,65.8
ENSG00000156802,ATAD2,0.793764258555133,26.3
ENSG00000185386,MAPK11,0.7937060702875398,62.6
ENSG00000120899,PTK2B,0.7936942209217263,136.7
ENSG00000168297,PXK,0.7936341263330599,121.9
ENSG00000182957,SPATA13,0.7935934959349593,61.5
ENSG00000145391,SETD7,0.79358074222668,99.7
ENSG00000161671,EMC10,0.7934907834101382,173.6
ENSG00000004142,POLDIP2,0.7934870992963254,255.8
ENSG00000169241,SLC50A1,0.7934309623430962,95.6
ENSG00000128274,A4GALT,0.7933882030178325,72.9
ENSG00000174059,CD34,0.7933139534883722,206.4
ENSG00000113319,RASGRF2,0.7933018867924528,21.2
ENSG00000175482,POLD4,0.793289606458123,198.2
ENSG00000102763,VWA8,0.7932721712538228,32.7
ENSG00000101084,RAB5IF,0.7930938482263133,222.7
ENSG00000156875,MFSD14A,0.7930800323362974,123.7
ENSG00000224051,CPTP,0.7930502793296089,89.5
ENSG00000155846,PPARGC1B,0.7930357142857142,11.2
ENSG00000103528,SYT17,0.7930249110320285,28.1
ENSG00000116096,SPR,0.7929838709677419,99.2
ENSG00000160190,SLC37A1,0.7929466357308586,43.1
ENSG00000064601,CTSA,0.7929129321382841,312.4
ENSG00000073910,FRY,0.7928688524590164,24.4
ENSG00000161835,TAMALIN,0.7928625954198475,52.4
ENSG00000162576,MXRA8,0.7927909011373577,114.3
ENSG00000138722,MMRN1,0.7927320954907162,37.7
ENSG00000204131,NHSL2,0.7926785714285713,11.2
ENSG00000156853,ZNF689,0.7926373626373626,18.2
ENSG00000105223,PLD3,0.7926085663295658,672.4
ENSG00000133424,LARGE1,0.7926041666666667,57.6
ENSG00000104413,ESRP1,0.7926036484245441,60.3
ENSG00000188290,HES4,0.7925324675324675,30.8
ENSG00000186350,RXRA,0.7924709784411277,120.6
ENSG00000072778,ACADVL,0.7923822679894512,796.3
ENSG00000169047,IRS1,0.7923664122137406,26.2
ENSG00000160818,GPATCH4,0.7923502304147466,65.1
ENSG00000144485,HES6,0.792317666126418,61.7
ENSG00000159840,ZYX,0.7923117076808351,536.4
ENSG00000128512,DOCK4,0.7922857142857144,28.0
ENSG00000171208,NETO2,0.7922429906542057,21.4
ENSG00000256235,SMIM3,0.792225165562914,151.0
ENSG00000141756,FKBP10,0.7922194922194925,122.1
ENSG00000166352,IFTAP,0.7922045454545454,88.0
ENSG00000067066,SP100,0.7921822272215974,177.8
ENSG00000178057,NDUFAF3,0.7920773866159214,315.3
ENSG00000159363,ATP13A2,0.7920693170234455,98.1
ENSG00000179627,ZBTB42,0.7920689655172414,11.6
ENSG00000153721,CNKSR3,0.7919101123595506,17.8
ENSG00000170027,YWHAG,0.7918929577464788,355.0
ENSG00000205336,ADGRG1,0.7918852053438892,202.1
ENSG00000114268,PFKFB4,0.7918487394957983,23.8
ENSG00000165629,ATP5F1C,0.791837028160575,834.5
ENSG00000141753,IGFBP4,0.7916614509246088,1406.0
ENSG00000164659,ELAPOR2,0.7916504854368932,20.6
ENSG00000177519,RPRM,0.791640625,25.6
ENSG00000025434,NR1H3,0.7916251482799527,84.3
ENSG00000171840,NINJ2,0.7915746421267896,48.9
ENSG00000006327,TNFRSF12A,0.7914789687924018,147.4
ENSG00000158158,CNNM4,0.7914444444444443,36.0
ENSG00000135722,FBXL8,0.7913671875,51.2
ENSG00000184986,TMEM121,0.7913559322033897,11.8
ENSG00000243279,PRAF2,0.791302657161374,154.3
ENSG00000141873,SLC39A3,0.7912873326467559,97.1
ENSG00000082014,SMARCD3,0.791188717259906,148.9
ENSG00000237440,ZNF737,0.7911797752808988,35.6
ENSG00000137494,ANKRD42,0.7911494252873562,34.8
ENSG00000149483,TMEM138,0.7911363636363637,52.8
ENSG00000135587,SMPD2,0.7910887096774195,49.6
ENSG00000152234,ATP5F1A,0.7910812454390661,1644.4
ENSG00000140105,WARS1,0.7910534952412207,304.7
ENSG00000169169,CPT1C,0.7910469314079421,27.7
ENSG00000158106,RHPN1,0.7910309278350515,19.4
ENSG00000136840,ST6GALNAC4,0.7909855072463767,69.0
ENSG00000132294,EFR3A,0.7909769094138543,112.6
ENSG00000129245,FXR2,0.7909171075837743,113.4
ENSG00000079257,LXN,0.7908891328210756,91.1
ENSG00000102996,MMP15,0.7908481262327416,50.7
ENSG00000164951,PDP1,0.790805270863836,68.3
ENSG00000197102,DYNC1H1,0.7908,15.0
ENSG00000172817,CYP7B1,0.7907462686567165,20.1
ENSG00000070756,PABPC1,0.7906695250659632,1212.8
ENSG00000128609,NDUFA5,0.7905414012738854,376.8
ENSG00000186687,LYRM7,0.7905396825396823,31.5
ENSG00000112699,GMDS,0.7905210420841684,99.8
ENSG00000164574,GALNT10,0.7903488372093025,51.6
ENSG00000127540,UQCR11,0.7903419972640218,292.4
ENSG00000196182,STK40,0.7903214890016922,118.2
ENSG00000173889,PHC3,0.7902083333333334,48.0
ENSG00000183160,TMEM119,0.7901748251748252,57.2
ENSG00000175166,PSMD2,0.790156614461846,300.1
ENSG00000139644,TMBIM6,0.7901459420977693,1685.6
ENSG00000151414,NEK7,0.7901217656012177,131.4
ENSG00000108344,PSMD3,0.790119785212722,242.1
ENSG00000133612,AGAP3,0.7901133786848072,264.6
ENSG00000160752,FDPS,0.7900721587492483,332.6
ENSG00000164405,UQCRQ,0.7900582874969215,1218.1
ENSG00000111412,SPRING1,0.7900571428571428,35.0
ENSG00000141198,TOM1L1,0.7900000000000001,101.2
ENSG00000203727,SAMD5,0.7900000000000001,11.4
ENSG00000074695,LMAN1,0.7899409681227862,169.4
ENSG00000131196,NFATC1,0.7899408284023669,33.8
ENSG00000263528,IKBKE,0.7898678414096917,22.7
ENSG00000168769,TET2,0.7898578199052133,21.1
ENSG00000099204,ABLIM1,0.7898425196850393,279.4
ENSG00000090530,P3H2,0.7897709923664121,52.4
ENSG00000180423,HARBI1,0.7897345132743362,11.3
ENSG00000111269,CREBL2,0.7897082658022689,123.4
ENSG00000171132,PRKCE,0.7896885813148787,28.9
ENSG00000165138,ANKS6,0.7896212121212121,26.4
ENSG00000157240,FZD1,0.7896124031007753,25.8
ENSG00000111331,OAS3,0.7895419847328246,26.2
ENSG00000013016,EHD3,0.7895121951219514,41.0
ENSG00000262655,SPON1,0.7894105263157896,95.0
ENSG00000131263,RLIM,0.7893573264781492,38.9
ENSG00000183020,AP2A2,0.7893439363817097,50.3
ENSG00000076003,MCM6,0.7893362831858407,45.2
ENSG00000198208,RPS6KL1,0.7892258064516129,31.0
ENSG00000025156,HSF2,0.7891999999999999,60.0
ENSG00000008311,AASS,0.7891880341880341,46.8
ENSG00000179152,TCAIM,0.7891770573566086,40.1
ENSG00000144476,ACKR3,0.7891268033409264,131.7
ENSG00000111011,RSRC2,0.7890113452188007,61.7
ENSG00000187098,MITF,0.7889958158995815,47.8
ENSG00000116514,RNF19B,0.7889851150202974,73.9
ENSG00000188215,DCUN1D3,0.7889473684210526,26.6
ENSG00000164366,CCDC127,0.788896551724138,29.0
ENSG00000158352,SHROOM4,0.7888888888888888,13.5
ENSG00000119866,BCL11A,0.7888259109311739,49.4
ENSG00000169554,ZEB2,0.7888072357263991,176.9
ENSG00000213390,ARHGAP19,0.7887437185929645,19.9
ENSG00000213186,TRIM59,0.7887116564417178,16.3
ENSG00000162783,IER5,0.7886937901498929,46.7
ENSG00000179314,WSCD1,0.7886021505376345,18.6
ENSG00000110237,ARHGEF17,0.7885285848172445,106.7
ENSG00000115935,WIPF1,0.7885046728971963,107.0
ENSG00000154258,ABCA9,0.7884567901234568,32.4
ENSG00000185963,BICD2,0.7883636363636363,60.5
ENSG00000119280,C1orf198,0.7883333333333333,144.0
ENSG00000172260,NEGR1,0.7882692307692308,31.2
ENSG00000174348,PODN,0.7882498593134494,177.7
ENSG00000141098,GFOD2,0.7882252559726962,58.6
ENSG00000147437,GNRH1,0.7882242990654206,21.4
ENSG00000105379,ETFB,0.7881975913451723,489.9
ENSG00000166016,ABTB2,0.7881481481481483,21.6
ENSG00000187391,MAGI2,0.7881081081081082,25.9
ENSG00000154639,CXADR,0.788031809145129,50.3
ENSG00000122884,P4HA1,0.788007626310772,104.9
ENSG00000163686,ABHD6,0.7880065897858318,60.7
ENSG00000141664,ZCCHC2,0.7878857142857144,35.0
ENSG00000241489,ENSG00000241489,0.787882960413081,58.1
ENSG00000124587,PEX6,0.7878720445062587,71.9
ENSG00000135617,PRADC1,0.7878348778433025,118.7
ENSG00000163069,SGCB,0.7877856420626895,98.9
ENSG00000164885,CDK5,0.7877556440903055,75.3
ENSG00000104611,SH2D4A,0.7877260273972604,36.5
ENSG00000113140,SPARC,0.7877008743222782,2047.3
ENSG00000136715,SAP130,0.7876923076923077,44.2
ENSG00000035115,SH3YL1,0.7876852459016394,152.5
ENSG00000260914,ENSG00000260914,0.7876534788540245,146.6
ENSG00000116337,AMPD2,0.787634252539913,68.9
ENSG00000119969,HELLS,0.7876190476190476,10.5
ENSG00000103187,COTL1,0.7875964561303229,349.9
ENSG00000108799,EZH1,0.7875666936135812,123.7
ENSG00000181826,RELL1,0.7874404761904762,33.6
ENSG00000137507,LRRC32,0.7874139626352017,101.7
ENSG00000180900,SCRIB,0.7873954372623573,105.2
ENSG00000037280,FLT4,0.7873387096774194,24.8
ENSG00000123358,NR4A1,0.787311344327836,800.4
ENSG00000164053,ATRIP,0.7872857142857143,14.0
ENSG00000023697,DERA,0.7872057318321392,97.7
ENSG00000158747,NBL1,0.7871322033898306,590.0
ENSG00000165752,STK32C,0.7871317829457364,51.6
ENSG00000122643,NT5C3A,0.7870944309927359,82.6
ENSG00000133678,TMEM254,0.7869985358711566,68.3
ENSG00000103257,SLC7A5,0.7868773946360154,104.4
ENSG00000141934,PLPP2,0.786827386692382,103.7
ENSG00000125740,FOSB,0.7868147424945083,409.7
ENSG00000214194,SMIM30,0.7867741935483872,192.2
ENSG00000130429,ARPC1B,0.78671294689344,288.1
ENSG00000141985,SH3GL1,0.7866936884771278,172.7
ENSG00000152582,SPEF2,0.7866666666666668,18.0
ENSG00000170917,NUDT6,0.7866666666666667,25.5
ENSG00000177000,MTHFR,0.7866138613861386,50.5
ENSG00000126603,GLIS2,0.786607142857143,44.8
ENSG00000120910,PPP3CC,0.7865420560747662,85.6
ENSG00000119714,GPR68,0.7864957264957263,11.7
ENSG00000165030,NFIL3,0.786432865731463,199.6
ENSG00000130830,MPP1,0.7862613430127041,110.2
ENSG00000160326,SLC2A6,0.78625,17.6
ENSG00000179241,LDLRAD3,0.7861921708185053,28.1
ENSG00000117010,ZNF684,0.7861666666666665,12.0
ENSG00000167306,MYO5B,0.7861406518010291,58.3
ENSG00000163145,C1QTNF7,0.7861111111111113,21.6
ENSG00000270757,HSPE1-MOB4,0.7861111111111111,18.0
ENSG00000102710,SUPT20H,0.7860754716981133,53.0
ENSG00000053328,METTL24,0.7860550458715597,10.9
ENSG00000172236,TPSAB1,0.7860537482319659,141.4
ENSG00000108262,GIT1,0.7860516028146989,127.9
ENSG00000157978,LDLRAP1,0.7860476787954831,79.7
ENSG00000132849,PATJ,0.7859344894026975,51.9
ENSG00000263620,ENSG00000263620,0.78589010989011,45.5
ENSG00000162817,C1orf115,0.7857769973661105,113.9
ENSG00000214717,ZBED1,0.7857692307692308,67.6
ENSG00000113532,ST8SIA4,0.7857575757575758,13.2
ENSG00000104228,TRIM35,0.7857328990228012,30.7
ENSG00000135720,DYNC1LI2,0.7857238307349665,269.4
ENSG00000013619,MAMLD1,0.7855855855855856,11.1
ENSG00000110811,P3H3,0.7855844155844157,15.4
ENSG00000083799,CYLD,0.7855505617977527,89.0
ENSG00000204130,RUFY2,0.7854952076677315,31.3
ENSG00000092148,HECTD1,0.785408,62.5
ENSG00000143502,SUSD4,0.7853894736842105,47.5
ENSG00000145293,ENOPH1,0.7853786707882534,129.4
ENSG00000198948,MFAP3L,0.7852830188679246,42.4
ENSG00000106367,AP1S1,0.7852106620808255,116.3
ENSG00000138670,RASGEF1B,0.7851794871794872,39.0
ENSG00000131378,RFTN1,0.7851636363636365,110.0
ENSG00000187531,SIRT7,0.7850596658711219,41.9
ENSG00000198130,HIBCH,0.7850264150943397,132.5
ENSG00000145494,NDUFS6,0.785008665511265,577.0
ENSG00000234444,ZNF736,0.7849122807017543,11.4
ENSG00000196233,LCOR,0.7848962655601661,24.1
ENSG00000124313,IQSEC2,0.7848432055749128,57.4
ENSG00000121578,B4GALT4,0.7847910863509749,71.8
ENSG00000080546,SESN1,0.7847612259444048,140.3
ENSG00000100077,GRK3,0.7847474747474747,19.8
ENSG00000183814,LIN9,0.7846666666666667,12.0
ENSG00000196639,HRH1,0.7846616541353384,13.3
ENSG00000114867,EIF4G1,0.7846547119420068,262.1
ENSG00000105254,TBCB,0.7846528497409326,386.0
ENSG00000175354,PTPN2,0.7846501614639397,92.9
ENSG00000126870,DYNC2I1,0.78464,37.5
ENSG00000147123,NDUFB11,0.7846151519733858,661.3
ENSG00000110013,SIAE,0.7845918367346938,98.0
ENSG00000125347,IRF1,0.7845190156599553,134.1
ENSG00000044574,HSPA5,0.7844862124397183,808.7
ENSG00000141504,SAT2,0.7844325971058643,131.3
ENSG00000168961,LGALS9,0.7844133476856835,92.9
ENSG00000169714,CNBP,0.7843642611683849,1164.0
ENSG00000164649,CDCA7L,0.7843032786885246,48.8
ENSG00000204574,ABCF1,0.7842778390297686,90.7
ENSG00000175938,ORAI3,0.7842521994134897,68.2
ENSG00000140403,DNAJA4,0.7842042931162101,135.1
ENSG00000163605,PPP4R2,0.784121338912134,95.6
ENSG00000162426,SLC45A1,0.7840776699029126,10.3
ENSG00000170906,NDUFA3,0.7840039774610541,603.4
ENSG00000100243,CYB5R3,0.784,544.0
ENSG00000130764,LRRC47,0.7839820359281436,66.8
ENSG00000115252,PDE1A,0.7839401496259351,40.1
ENSG00000172748,ZNF596,0.7839306358381504,17.3
ENSG00000139190,VAMP1,0.7839154411764704,108.8
ENSG00000084444,FAM234B,0.7838709677419357,21.7
ENSG00000117000,RLF,0.7838709677419355,31.0
ENSG00000134352,IL6ST,0.7838110928061507,182.1
ENSG00000267855,NDUFA7,0.7837598736176935,253.2
ENSG00000160685,ZBTB7B,0.7836176194939083,106.7
ENSG00000179598,PLD6,0.7835849056603774,21.2
ENSG00000140455,USP3,0.7835537190082644,24.2
ENSG00000285292,ABCF2-H2BK1,0.7835135135135134,37.0
ENSG00000133874,RNF122,0.7835033259423503,45.1
ENSG00000149260,CAPN5,0.7834615384615384,57.2
ENSG00000160194,NDUFV3,0.7833766233766234,30.8
ENSG00000186470,BTN3A2,0.7833613445378151,83.3
ENSG00000143353,LYPLAL1,0.7833417721518987,39.5
ENSG00000101017,CD40,0.7831758034026464,52.9
ENSG00000089902,RCOR1,0.783165137614679,43.6
ENSG00000115295,CLIP4,0.7831351351351349,37.0
ENSG00000106333,PCOLCE,0.7831042128603103,180.4
ENSG00000164086,DUSP7,0.7830990415335464,62.6
ENSG00000109171,SLAIN2,0.7830836047774157,92.1
ENSG00000117602,RCAN3,0.7830283911671924,31.7
ENSG00000205978,NYNRIN,0.7829940119760479,33.4
ENSG00000129226,CD68,0.782968481375358,349.0
ENSG00000178075,GRAMD1C,0.7829343629343629,25.9
ENSG00000091490,SEL1L3,0.7828785357737105,120.2
ENSG00000125149,PHAF1,0.7827407407407407,54.0
ENSG00000109062,SLC9A3R1,0.7826544096523986,348.1
ENSG00000183111,ARHGEF37,0.7826506024096385,58.1
ENSG00000204592,HLA-E,0.7826380313199107,1117.5
ENSG00000262246,CORO7,0.7825914634146344,65.6
ENSG00000165886,UBTD1,0.7825496688741721,60.4
ENSG00000184752,NDUFA12,0.7824952669443392,528.2
ENSG00000100225,FBXO7,0.7824952597648841,263.7
ENSG00000171853,TRAPPC12,0.7824840764331209,94.2
ENSG00000129219,PLD2,0.7824476650563607,62.1
ENSG00000113369,ARRDC3,0.7824131396083387,158.3
ENSG00000155463,OXA1L,0.7824075531077891,254.2
ENSG00000140262,TCF12,0.7823909531502422,123.8
ENSG00000164010,ERMAP,0.7823693379790941,28.7
ENSG00000197245,FAM110D,0.7823300970873787,10.3
ENSG00000171604,CXXC5,0.7823024523160764,146.8
ENSG00000185090,MANEAL,0.7822978723404256,23.5
ENSG00000110429,FBXO3,0.78223752151463,116.2
ENSG00000256223,ZNF10,0.7821596244131455,42.6
ENSG00000196689,TRPV1,0.7821100917431194,21.8
ENSG00000187474,FPR3,0.7820300751879699,26.6
ENSG00000106772,PRUNE2,0.7820176297747307,102.1
ENSG00000131242,RAB11FIP4,0.782011385199241,52.7
ENSG00000121766,ZCCHC17,0.7819898329702252,137.7
ENSG00000127586,CHTF18,0.7819469026548673,11.3
ENSG00000102786,INTS6,0.7818998272884283,57.9
ENSG00000173917,HOXB2,0.7818625277161864,45.1
ENSG00000154822,PLCL2,0.781860465116279,25.8
ENSG00000187189,TSPYL4,0.7817853107344633,88.5
ENSG00000147854,UHRF2,0.7817619047619045,42.0
ENSG00000243477,NAA80,0.7817508417508416,59.4
ENSG00000087301,TXNDC16,0.7816733067729084,25.1
ENSG00000062582,MRPS24,0.7816658867571361,427.4
ENSG00000274808,TBC1D3B,0.7815625,12.8
ENSG00000168792,ABHD15,0.7814693877551019,24.5
ENSG00000153982,GDPD1,0.7814285714285714,11.2
ENSG00000114770,ABCC5,0.7813943355119826,137.7
ENSG00000230989,HSBP1,0.7813445378151261,35.7
ENSG00000089220,PEBP1,0.7813006551807813,2060.5
ENSG00000182168,UNC5C,0.7812612612612614,11.1
ENSG00000070087,PFN2,0.78122878876536,341.8
ENSG00000105538,RASIP1,0.7812142857142859,28.0
ENSG00000185513,L3MBTL1,0.7811851851851853,13.5
ENSG00000172985,SH3RF3,0.7811111111111111,14.4
ENSG00000130818,ZNF426,0.781036269430052,19.3
ENSG00000172216,CEBPB,0.7810184372256366,227.8
ENSG00000125356,NDUFA1,0.7808406199119579,1658.3
ENSG00000164308,ERAP2,0.7807741935483871,46.5
ENSG00000070193,FGF10,0.7807476635514018,10.7
ENSG00000165795,NDRG2,0.7807368574341053,2060.1
ENSG00000161940,BCL6B,0.7807142857142857,28.0
ENSG00000129467,ADCY4,0.7806481481481484,21.6
ENSG00000099331,MYO9B,0.7806344827586207,145.0
ENSG00000147535,PLPP5,0.780613382899628,107.6
ENSG00000165633,VSTM4,0.7806122448979592,39.2
ENSG00000089041,P2RX7,0.7805952380952382,16.8
ENSG00000243509,TNFRSF6B,0.7805628517823638,53.3
ENSG00000211584,SLC48A1,0.7805331302361006,131.3
ENSG00000168765,GSTM4,0.78046875,128.0
ENSG00000187079,TEAD1,0.7804424778761061,67.8
ENSG00000163596,ICA1L,0.7804166666666665,24.0
ENSG00000184164,CRELD2,0.7803839441535776,114.6
ENSG00000108852,MPP2,0.7803658536585365,32.8
ENSG00000184194,GPR173,0.7803550295857988,16.9
ENSG00000186399,GOLGA8R,0.7803418803418802,11.7
ENSG00000105520,PLPPR2,0.7803023255813953,86.0
ENSG00000141424,SLC39A6,0.780231716147719,138.1
ENSG00000184307,ZDHHC23,0.7801960784313725,10.2
ENSG00000110074,FOXRED1,0.7801791044776119,33.5
ENSG00000126775,ATG14,0.7801465201465202,27.3
ENSG00000138642,HERC6,0.7801393728222996,28.7
ENSG00000151151,IPMK,0.7801183431952663,16.9
ENSG00000109794,FAM149A,0.78,46.8
ENSG00000138131,LOXL4,0.7798947368421052,19.0
ENSG00000137496,IL18BP,0.779864559819413,44.3
ENSG00000169733,RFNG,0.7797530864197532,72.9
ENSG00000168724,DNAJC21,0.7797346200241254,82.9
ENSG00000164258,NDUFS4,0.7796327302187417,370.3
ENSG00000122550,KLHL7,0.7795789473684209,47.5
ENSG00000114405,C3orf14,0.7794594594594594,59.2
ENSG00000120539,MASTL,0.7794350282485878,17.7
ENSG00000176809,LRRC37A3,0.7793548387096775,27.9
ENSG00000185201,IFITM2,0.7792150351972373,1505.8
ENSG00000111057,KRT18,0.7791010854816824,589.6
ENSG00000176907,TCIM,0.7790989473684212,237.5
ENSG00000163482,STK36,0.7788628762541806,29.9
ENSG00000184916,JAG2,0.7788043478260869,18.4
ENSG00000047578,KATNIP,0.778767123287671,29.2
ENSG00000179632,MAF1,0.7787293388429752,387.2
ENSG00000091317,CMTM6,0.7786161251504211,166.2
ENSG00000106034,CPED1,0.7785786802030457,59.1
ENSG00000153944,MSI2,0.7785616438356163,116.8
ENSG00000184005,ST6GALNAC3,0.7785599999999999,12.5
ENSG00000104863,LIN7B,0.7784824902723737,51.4
ENSG00000224531,SMIM13,0.7784397163120568,28.2
ENSG00000116237,ICMT,0.7783937823834196,77.2
ENSG00000162729,IGSF8,0.7783365821962314,153.9
ENSG00000128595,CALU,0.7783353293413174,334.0
ENSG00000166033,HTRA1,0.7783311152515304,751.4
ENSG00000204954,C12orf73,0.7782957393483708,39.9
ENSG00000147251,DOCK11,0.7782758620689656,52.2
ENSG00000151208,DLG5,0.7782504970178928,50.3
ENSG00000104450,SPAG1,0.7782417582417583,18.2
ENSG00000077684,JADE1,0.7782335329341318,66.8
ENSG00000187837,H1-2,0.7782255083179297,270.5
ENSG00000119421,NDUFA8,0.7782191011235956,356.0
ENSG00000117385,P3H1,0.778125,35.2
ENSG00000182621,PLCB1,0.7781208053691274,44.7
ENSG00000184831,APOO,0.7781073170731709,102.5
ENSG00000159685,CHCHD6,0.7780738362760836,62.3
ENSG00000183098,GPC6,0.7780681818181818,17.6
ENSG00000076554,TPD52,0.7780600461893765,173.2
ENSG00000042286,AIFM2,0.778010752688172,37.2
ENSG00000184470,TXNRD2,0.7779113924050634,63.2
ENSG00000013583,HEBP1,0.7778984238178634,228.4
ENSG00000188042,ARL4C,0.7778809869375907,68.9
ENSG00000084070,SMAP2,0.7778578290105667,208.2
ENSG00000116898,MRPS15,0.7778091347939103,269.3
ENSG00000176463,SLCO3A1,0.7777662337662334,38.5
ENSG00000116786,PLEKHM2,0.7777024482109229,159.3
ENSG00000136463,TACO1,0.7776923076923079,41.6
ENSG00000019582,CD74,0.7776768927781049,4925.3
ENSG00000174579,MSL2,0.7775468483816013,58.7
ENSG00000066583,ISOC1,0.7775365344467642,95.8
ENSG00000140488,CELF6,0.7774637681159422,27.6
ENSG00000087116,ADAMTS2,0.7774342105263158,30.4
ENSG00000014164,ZC3H3,0.7774149659863945,44.1
ENSG00000173272,MZT2A,0.7773688524590164,244.0
ENSG00000013306,SLC25A39,0.777320374869837,288.1
ENSG00000070961,ATP2B1,0.7773063973063973,89.1
ENSG00000185338,SOCS1,0.7773061224489797,24.5
ENSG00000167969,ECI1,0.7773046532045654,227.8
ENSG00000138735,PDE5A,0.7772905525846703,56.1
ENSG00000183597,TANGO2,0.7772899728997291,73.8
ENSG00000149503,INCENP,0.7772727272727274,19.8
ENSG00000109670,FBXW7,0.7772555746140651,58.3
ENSG00000157429,ZNF19,0.7772,15.0
ENSG00000152527,PLEKHH2,0.777076923076923,26.0
ENSG00000133142,TCEAL4,0.7770652703360936,821.2
ENSG00000070785,EIF2B3,0.7770083102493076,72.2
ENSG00000132613,MTSS2,0.7770076019350379,289.4
ENSG00000130921,MTRFR,0.7769588550983899,55.9
ENSG00000221823,PPP3R1,0.7769510807736063,175.8
ENSG00000197147,LRRC8B,0.7769377990430623,20.9
ENSG00000188229,TUBB4B,0.776931506849315,766.5
ENSG00000213859,KCTD11,0.7769309462915601,39.1
ENSG00000115355,CCDC88A,0.7769254185692541,65.7
ENSG00000178127,NDUFV2,0.776912845642282,571.4
ENSG00000162885,B3GALNT2,0.7769005847953216,34.2
ENSG00000178935,ZNF552,0.7767768595041322,24.2
ENSG00000123933,MXD4,0.7767020408163264,122.5
ENSG00000130529,TRPM4,0.7766738660907128,46.3
ENSG00000204264,PSMB8,0.7766642806012886,139.7
ENSG00000148411,NACC2,0.7766613162118778,62.3
ENSG00000271605,MILR1,0.776652719665272,23.9
ENSG00000003147,ICA1,0.7766329966329966,59.4
ENSG00000184983,NDUFA6,0.7764692307692309,260.0
ENSG00000153714,LURAP1L,0.7764119601328904,30.1
ENSG00000152952,PLOD2,0.7763011889035668,75.7
ENSG00000133773,CCDC59,0.7762532981530341,37.9
ENSG00000106268,NUDT1,0.7761969904240764,73.1
ENSG00000170340,B3GNT2,0.7761863173216885,68.7
ENSG00000007944,MYLIP,0.7761839080459769,87.0
ENSG00000075391,RASAL2,0.7761752988047809,25.1
ENSG00000241973,PI4KA,0.7761590688651794,103.1
ENSG00000136895,GARNL3,0.7761386138613863,20.2
ENSG00000184402,SS18L1,0.776039603960396,40.4
ENSG00000065911,MTHFD2,0.7760251798561151,111.2
ENSG00000161914,ZNF653,0.7758957654723128,30.7
ENSG00000049769,PPP1R3F,0.7758914728682171,25.8
ENSG00000149269,PAK1,0.7757672849915683,118.6
ENSG00000128928,IVD,0.7757615894039737,135.9
ENSG00000257411,ENSG00000257411,0.7756666666666667,18.0
ENSG00000100503,NIN,0.775578406169666,38.9
ENSG00000269858,EGLN2,0.7755783832067887,223.9
ENSG00000138134,STAMBPL1,0.7755555555555556,22.5
ENSG00000112576,CCND3,0.7755062761506276,239.0
ENSG00000197872,CYRIA,0.7753145336225598,46.1
ENSG00000082146,STRADB,0.7753033268101762,102.2
ENSG00000120709,FAM53C,0.7752882205513784,79.8
ENSG00000165029,ABCA1,0.7751381215469614,36.2
ENSG00000051620,HEBP2,0.7751379089159718,155.9
ENSG00000135338,LCA5,0.7750617283950618,16.2
ENSG00000011009,LYPLA2,0.7750255536626918,176.1
ENSG00000099337,KCNK6,0.775,29.6
ENSG00000163517,HDAC11,0.7748455804046857,93.9
ENSG00000166508,MCM7,0.7747948417350529,170.6
ENSG00000111962,UST,0.7747859922178988,25.7
ENSG00000158470,B4GALT5,0.7747570621468927,88.5
ENSG00000186994,KANK3,0.7747133757961783,31.4
ENSG00000173198,CYSLTR1,0.7746788990825688,10.9
ENSG00000181722,ZBTB20,0.7746774193548386,12.4
ENSG00000143622,RIT1,0.7745426356589148,64.5
ENSG00000196715,VKORC1L1,0.7745167652859961,50.7
ENSG00000102890,ELMO3,0.7745088161209067,39.7
ENSG00000105443,CYTH2,0.7744922547332186,58.1
ENSG00000155962,CLIC2,0.7744373673036093,47.1
ENSG00000164823,OSGIN2,0.7744147843942506,48.7
ENSG00000155660,PDIA4,0.7742942176870748,235.2
ENSG00000104723,TUSC3,0.7742357274401473,108.6
ENSG00000135932,CAB39,0.7741547619047617,168.0
ENSG00000167792,NDUFV1,0.7741407993507811,492.9
ENSG00000128016,ZFP36,0.7741307879772542,1477.2
ENSG00000010017,RANBP9,0.7741105527638191,99.5
ENSG00000155961,RAB39B,0.7741071428571428,11.2
ENSG00000004961,HCCS,0.7740066225165563,60.4
ENSG00000074590,NUAK1,0.7739465875370921,33.7
ENSG00000134574,DDB2,0.7739051918735891,44.3
ENSG00000073350,LLGL2,0.7739007092198581,70.5
ENSG00000156113,KCNMA1,0.7738971807628523,120.6
ENSG00000101935,AMMECR1,0.7738805970149254,13.4
ENSG00000205208,C4orf46,0.7738686131386864,13.7
ENSG00000170345,FOS,0.7738147595974654,2146.4
ENSG00000183684,ALYREF,0.7738078291814946,140.5
ENSG00000104998,IL27RA,0.7738064516129032,15.5
ENSG00000114030,KPNA1,0.7737951807228918,66.4
ENSG00000131373,HACL1,0.7737499999999998,52.8
ENSG00000132622,HSPA12B,0.7737457044673539,29.1
ENSG00000100364,KIAA0930,0.773682487725041,183.3
ENSG00000162302,RPS6KA4,0.7736279926335173,54.3
ENSG00000120278,PLEKHG1,0.7735555555555557,27.0
ENSG00000159433,STARD9,0.7735,12.0
ENSG00000040341,STAU2,0.7734362934362936,103.6
ENSG00000137992,DBT,0.7733333333333334,40.5
ENSG00000164741,DLC1,0.7733064516129032,49.6
ENSG00000143653,SCCPDH,0.7732845744680852,150.4
ENSG00000109452,INPP4B,0.773217391304348,23.0
ENSG00000157992,KRTCAP3,0.7731617647058825,54.4
ENSG00000204568,MRPS18B,0.7731369798971481,213.9
ENSG00000006210,CX3CL1,0.7730945273631841,100.5
ENSG00000155858,LSM11,0.7730909090909092,11.0
ENSG00000168763,CNNM3,0.7730331753554502,42.2
ENSG00000116560,SFPQ,0.7730246305418718,203.0
ENSG00000112339,HBS1L,0.7729591836734696,156.8
ENSG00000101019,UQCC1,0.7729470529470529,100.1
ENSG00000162994,CLHC1,0.7729078014184398,14.1
ENSG00000104738,MCM4,0.7728846153846153,52.0
ENSG00000006740,ARHGAP44,0.7728630705394189,24.1
ENSG00000169908,TM4SF1,0.7727549766527403,406.9
ENSG00000134470,IL15RA,0.7727272727272727,46.2
ENSG00000196998,WDR45,0.7727226975339707,198.7
ENSG00000068615,REEP1,0.7727186761229315,42.3
ENSG00000159884,CCDC107,0.7726954492415403,171.4
ENSG00000132970,WASF3,0.7726064735945485,58.7
ENSG00000145743,FBXL17,0.7724815724815726,40.7
ENSG00000158716,DUSP23,0.7723908296943232,183.2
ENSG00000124226,RNF114,0.7723797139141741,153.8
ENSG00000185728,YTHDF3,0.7723290845886441,86.3
ENSG00000162415,ZSWIM5,0.7723214285714286,11.2
ENSG00000197562,RAB40C,0.7722661870503598,55.6
ENSG00000136935,GOLGA1,0.7722636103151861,34.9
ENSG00000138376,BARD1,0.7722222222222221,10.8
ENSG00000157326,DHRS4,0.7721731748726655,117.8
ENSG00000119865,CNRIP1,0.772154255319149,75.2
ENSG00000160293,VAV2,0.7721461187214612,43.8
ENSG00000181392,SYNE4,0.7720967741935485,12.4
ENSG00000109586,GALNT7,0.7720516962843295,61.9
ENSG00000124588,NQO2,0.7720135363790187,177.3
ENSG00000149212,SESN3,0.7719629629629629,54.0
ENSG00000172943,PHF8,0.7717824773413898,33.1
ENSG00000024422,EHD2,0.7717797969000535,187.1
ENSG00000243896,OR2A7,0.7717741935483872,12.4
ENSG00000081019,RSBN1,0.7717730496453901,28.2
ENSG00000177125,ZBTB34,0.7717391304347827,13.8
ENSG00000171533,MAP6,0.7715151515151514,89.1
ENSG00000169756,LIMS1,0.7714623655913979,93.0
ENSG00000206503,HLA-A,0.7714006055911556,1420.1
ENSG00000213185,FAM24B,0.771390728476821,15.1
ENSG00000273802,H2BC8,0.7712658227848102,31.6
ENSG00000150779,TIMM8B,0.7712600145666425,137.3
ENSG00000213619,NDUFS3,0.7711355081555835,318.8
ENSG00000232653,GOLGA8N,0.7710917030567686,22.9
ENSG00000171612,SLC25A33,0.7709727626459143,25.7
ENSG00000074964,ARHGEF10L,0.7709290953545233,81.8
ENSG00000165533,TTC8,0.7709178743961352,62.1
ENSG00000121897,LIAS,0.7709090909090911,25.3
ENSG00000165591,FAAH2,0.7708571428571429,14.0
ENSG00000100897,DCAF11,0.7708452041785374,105.3
ENSG00000122507,BBS9,0.7708374384236454,20.3
ENSG00000160124,MIX23,0.7708219178082192,73.0
ENSG00000180182,MED14,0.7708098591549295,56.8
ENSG00000169299,PGM2,0.7705232558139534,34.4
ENSG00000133561,GIMAP6,0.7705140961857379,60.3
ENSG00000145390,USP53,0.7704622871046228,41.1
ENSG00000165655,ZNF503,0.7704175824175823,45.5
ENSG00000156500,PABIR3,0.7703999999999998,10.0
ENSG00000187554,TLR5,0.7703937007874014,12.7
ENSG00000138449,SLC40A1,0.770366099740559,346.9
ENSG00000102178,UBL4A,0.7702290076335878,91.7
ENSG00000085377,PREP,0.7701812191103791,60.7
ENSG00000173812,EIF1,0.770110838480413,1181.9
ENSG00000152700,SAR1B,0.7700852459016394,152.5
ENSG00000116741,RGS2,0.7699887598351443,533.8
ENSG00000176401,EID2B,0.7699354838709677,15.5
ENSG00000287856,ENSG00000287856,0.7699145299145299,11.7
ENSG00000165424,ZCCHC24,0.7698937040065413,122.3
ENSG00000163170,BOLA3,0.7698518518518519,162.0
ENSG00000164442,CITED2,0.7698480243161095,296.1
ENSG00000075131,TIPIN,0.7698429319371727,19.1
ENSG00000108179,PPIF,0.769818181818182,214.5
ENSG00000196247,ZNF107,0.7697999999999999,10.0
ENSG00000149798,CDC42EP2,0.7697732997481108,39.7
ENSG00000198830,HMGN2,0.7697167877771567,1073.4
ENSG00000139946,PELI2,0.7697037037037036,27.0
ENSG00000157873,TNFRSF14,0.7696780893042575,96.3
ENSG00000186577,SMIM29,0.7696296296296294,148.5
ENSG00000052795,FNIP2,0.7696146788990826,54.5
ENSG00000095370,SH2D3C,0.7695934959349593,49.2
ENSG00000131941,RHPN2,0.7695783132530122,33.2
ENSG00000126777,KTN1,0.7695283818130473,354.1
ENSG00000164296,TIGD6,0.7695238095238095,10.5
ENSG00000114784,EIF1B,0.7694817432273261,339.6
ENSG00000166432,ZMAT1,0.7694492753623188,34.5
ENSG00000049860,HEXB,0.769406332453826,303.2
ENSG00000104518,GSDMD,0.769254498714653,116.7
ENSG00000134243,SORT1,0.7692496589358799,146.6
ENSG00000185222,TCEAL9,0.76921831205232,321.1
ENSG00000148334,PTGES2,0.769114503816794,131.0
ENSG00000224420,ADM5,0.7691124260355028,16.9
ENSG00000197256,KANK2,0.7690510572460033,387.8
ENSG00000181817,LSM10,0.7690330788804068,157.2
ENSG00000141447,OSBPL1A,0.7690068707058089,160.1
ENSG00000162772,ATF3,0.7689787525702536,291.8
ENSG00000100109,TFIP11,0.7689678510998309,59.1
ENSG00000168209,DDIT4,0.7689321692411015,595.6
ENSG00000237190,CDKN2AIPNL,0.7688335517693317,76.3
ENSG00000070404,FSTL3,0.7687900355871886,168.6
ENSG00000081760,AACS,0.7687665198237886,45.4
ENSG00000103423,DNAJA3,0.768719723183391,86.7
ENSG00000174943,KCTD13,0.7686821705426355,64.5
ENSG00000088826,SMOX,0.7686261980830671,62.6
ENSG00000143772,ITPKB,0.7686234817813765,98.8
ENSG00000101773,RBBP8,0.7685245901639344,61.0
ENSG00000142684,ZNF593,0.7685114503816795,104.8
ENSG00000114315,HES1,0.7684965831435079,175.6
ENSG00000014914,MTMR11,0.7684462151394422,25.1
ENSG00000117592,PRDX6,0.7684084084084084,566.1
ENSG00000156675,RAB11FIP1,0.7682808022922635,69.8
ENSG00000256043,CTSO,0.7681818181818184,92.4
ENSG00000243147,MRPL33,0.7681202559904747,671.9
ENSG00000111266,DUSP16,0.7681038961038961,38.5
ENSG00000171867,PRNP,0.7680766028309742,480.4
ENSG00000125812,GZF1,0.768053691275168,29.8
ENSG00000048162,NOP16,0.7680311457174639,89.9
ENSG00000081052,COL4A4,0.768,13.0
ENSG00000154589,LY96,0.7679478827361563,61.4
ENSG00000132514,CLEC10A,0.767942238267148,27.7
ENSG00000166689,PLEKHA7,0.7679356568364613,37.3
ENSG00000044446,PHKA2,0.7678804347826087,36.8
ENSG00000161813,LARP4,0.7678745644599302,57.4
ENSG00000242498,ARPIN,0.7678191489361701,37.6
ENSG00000116793,PHTF1,0.7678169014084506,28.4
ENSG00000188732,FAM221A,0.7677076411960132,30.1
ENSG00000158528,PPP1R9A,0.767674418604651,17.2
ENSG00000204977,TRIM13,0.7675778078484439,73.9
ENSG00000025708,TYMP,0.7675360230547552,138.8
ENSG00000149090,PAMR1,0.76753108348135,56.3
ENSG00000048740,CELF2,0.7675102040816327,73.5
ENSG00000182534,MXRA7,0.7675071816150654,626.6
ENSG00000127920,GNG11,0.7674999999999998,80.8
ENSG00000152359,POC5,0.7674814814814814,27.0
ENSG00000159214,CCDC24,0.7674725274725276,18.2
ENSG00000173715,C11orf80,0.7674611398963731,38.6
ENSG00000159445,THEM4,0.7674285714285715,17.5
ENSG00000143862,ARL8A,0.7674140127388535,157.0
ENSG00000060642,PIGV,0.7672148541114058,37.7
ENSG00000176435,CLEC14A,0.7671875,70.4
ENSG00000117500,TMED5,0.7671752577319586,48.5
ENSG00000128266,GNAZ,0.7671396895787141,45.1
ENSG00000125885,MCM8,0.7670399999999999,12.5
ENSG00000126953,TIMM8A,0.7670338983050847,23.6
ENSG00000183648,NDUFB1,0.7669607768177994,1307.9
ENSG00000051128,HOMER3,0.7668527918781726,118.2
ENSG00000175662,TOM1L2,0.7668484848484849,132.0
ENSG00000030582,GRN,0.7668453841797245,529.7
ENSG00000165943,MOAP1,0.7668181818181818,132.0
ENSG00000142178,SIK1,0.7668131868131869,81.9
ENSG00000091972,CD200,0.7667292644757434,63.9
ENSG00000066629,EML1,0.7665917602996255,53.4
ENSG00000107938,EDRF1,0.766470588235294,20.4
ENSG00000005486,RHBDD2,0.7664572230014025,356.5
ENSG00000091947,TMEM101,0.7664129400570883,105.1
ENSG00000167601,AXL,0.7663535911602211,72.4
ENSG00000165672,PRDX3,0.7663506931434995,533.8
ENSG00000006757,PNPLA4,0.766265389876881,73.1
ENSG00000088356,PDRG1,0.7661804222648751,52.1
ENSG00000196236,XPNPEP3,0.7660869565217392,13.8
ENSG00000007384,RHBDF1,0.7660569105691057,98.4
ENSG00000101986,ABCD1,0.7660450160771703,31.1
ENSG00000184076,UQCR10,0.7660280863550618,477.1
ENSG00000099968,BCL2L13,0.7660098522167489,40.6
ENSG00000145365,TIFA,0.7657948717948717,39.0
ENSG00000180891,CUEDC1,0.7657881773399015,81.2
ENSG00000173559,NABP1,0.7657534246575343,21.9
ENSG00000100266,PACSIN2,0.7657527226137093,156.1
ENSG00000015133,CCDC88C,0.7657294429708221,37.7
ENSG00000171408,PDE7B,0.7657142857142857,15.4
ENSG00000235194,PPP1R3E,0.7657142857142856,43.4
ENSG00000111328,CDK2AP1,0.7656970540477848,431.1
ENSG00000097046,CDC7,0.7656962025316454,15.8
ENSG00000145439,CBR4,0.7656896551724138,46.4
ENSG00000129968,ABHD17A,0.7655582882439744,203.3
ENSG00000113721,PDGFRB,0.7655578947368423,190.0
ENSG00000006831,ADIPOR2,0.7655399835119536,121.3
ENSG00000105518,TMEM205,0.7655369404009887,364.1
ENSG00000175764,TTLL11,0.7654676258992806,27.8
ENSG00000100311,PDGFB,0.7654497354497355,37.8
ENSG00000175575,PAAF1,0.7654332129963898,110.8
ENSG00000149311,ATM,0.765426356589147,25.8
ENSG00000134900,TPP2,0.7653218884120172,46.6
ENSG00000173614,NMNAT1,0.7653211009174313,21.8
ENSG00000164292,RHOBTB3,0.765267175572519,104.8
ENSG00000178149,DALRD3,0.7651837524177948,51.7
ENSG00000033627,ATP6V0A1,0.7651769464105155,98.9
ENSG00000136824,SMC2,0.7651666666666667,24.0
ENSG00000162522,KIAA1522,0.765135746606335,88.4
ENSG00000110906,KCTD10,0.7650919651500484,103.3
ENSG00000087266,SH3BP2,0.7650771869639793,58.3
ENSG00000198932,GPRASP1,0.7650075872534142,65.9
ENSG00000125817,CENPB,0.7649941107184922,169.8
ENSG00000068650,ATP11A,0.7648041775456919,38.3
ENSG00000100401,RANGAP1,0.7647546207775653,156.9
ENSG00000145916,RMND5B,0.7647461368653423,90.6
ENSG00000129925,PGAP6,0.7647105788423154,100.2
ENSG00000130475,FCHO1,0.764705882352941,23.8
ENSG00000166266,CUL5,0.764700460829493,43.4
ENSG00000140939,NOL3,0.7646875,134.4
ENSG00000243708,PLA2G4B,0.7646747967479675,49.2
ENSG00000185164,NOMO2,0.764655480185648,280.1
ENSG00000197183,NOL4L,0.7646187363834422,45.9
ENSG00000139180,NDUFA9,0.7646111619396158,109.3
ENSG00000095383,TBC1D2,0.764568245125348,35.9
ENSG00000173530,TNFRSF10D,0.7645348837209301,17.2
ENSG00000172765,TMCC1,0.7645259938837919,32.7
ENSG00000144867,SRPRB,0.7644568868980963,89.3
ENSG00000137171,KLC4,0.7644036697247708,87.2
ENSG00000074855,ANO8,0.7644029850746271,26.8
ENSG00000099282,TSPAN15,0.7643673469387757,98.0
ENSG00000137288,UQCC2,0.7643649233189146,254.3
ENSG00000171067,C11orf24,0.7643636363636365,82.5
ENSG00000187068,C3orf70,0.7643478260869567,13.8
ENSG00000153094,BCL2L11,0.7642857142857141,37.8
ENSG00000196352,CD55,0.7642369668246447,211.0
ENSG00000067064,IDI1,0.7642086112795633,164.9
ENSG00000072840,EVC,0.7641975308641973,24.3
ENSG00000162972,MAIP1,0.764168618266979,42.7
ENSG00000075415,SLC25A3,0.7641310282074611,1318.8
ENSG00000240771,ARHGEF25,0.7641302841302843,144.3
ENSG00000178307,TMEM11,0.7641207349081366,76.2
ENSG00000000003,TSPAN6,0.7640983606557379,73.2
ENSG00000169683,LRRC45,0.7640869565217392,23.0
ENSG00000167554,ZNF610,0.7640707964601771,11.3
ENSG00000143774,GUK1,0.7639163252102652,463.7
ENSG00000102225,CDK16,0.7639019607843136,204.0
ENSG00000132612,VPS4A,0.763888888888889,54.0
ENSG00000150995,ITPR1,0.7638277511961721,41.8
ENSG00000154217,PITPNC1,0.7637704918032787,24.4
ENSG00000198252,STYX,0.76376,25.0
ENSG00000138463,SLC49A4,0.7637426900584796,17.1
ENSG00000130193,THEM6,0.7637339055793991,46.6
ENSG00000166822,TMEM170A,0.7636950146627565,34.1
ENSG00000186281,GPAT2,0.7636893203883496,10.3
ENSG00000187239,FNBP1,0.7636506378802749,101.9
ENSG00000220201,ZGLP1,0.7636220472440943,12.7
ENSG00000243056,EIF4EBP3,0.7635941530524505,116.3
ENSG00000265491,RNF115,0.7635179153094463,30.7
ENSG00000142303,ADAMTS10,0.7635,20.0
ENSG00000171729,TMEM51,0.7633796296296296,43.2
ENSG00000130479,MAP1S,0.7633055555555553,72.0
ENSG00000173451,THAP2,0.7631768953068591,27.7
ENSG00000100767,PAPLN,0.7631295843520783,40.9
ENSG00000111961,SASH1,0.7630532212885156,71.4
ENSG00000165661,QSOX2,0.7630420711974111,30.9
ENSG00000133687,TMTC1,0.7630320699708455,34.3
ENSG00000111845,PAK1IP1,0.7630179028132992,39.1
ENSG00000146457,WTAP,0.7629917855598789,231.3
ENSG00000082996,RNF13,0.7629181084198384,173.4
ENSG00000186889,TMEM17,0.762909090909091,11.0
ENSG00000163513,TGFBR2,0.7629021789522487,215.7
ENSG00000175707,KDF1,0.7628877005347593,18.7
ENSG00000148541,FAM13C,0.7628795811518324,38.2
ENSG00000152104,PTPN14,0.7628729281767955,18.1
ENSG00000106537,TSPAN13,0.7628359062321327,174.9
ENSG00000189157,FAM47E,0.7628260869565218,18.4
ENSG00000275832,ARHGAP23,0.7628014616321558,82.1
ENSG00000110717,NDUFS8,0.7627839453458582,468.4
ENSG00000163072,NOSTRIN,0.7627826086956522,46.0
ENSG00000176834,VSIG10,0.7626839826839827,23.1
ENSG00000197045,GMFB,0.7626680244399187,98.2
ENSG00000155090,KLF10,0.7626266416510319,159.9
ENSG00000163235,TGFA,0.7626122448979592,24.5
ENSG00000165949,IFI27,0.7625480256136605,749.6
ENSG00000077514,POLD3,0.7625373134328357,40.2
ENSG00000204576,PRR3,0.7625174825174825,14.3
ENSG00000038532,CLEC16A,0.7625114155251141,43.8
ENSG00000150967,ABCB9,0.7624615384615382,19.5
ENSG00000171428,NAT1,0.7623611111111112,14.4
ENSG00000148660,CAMK2G,0.7623496503496502,143.0
ENSG00000083828,ZNF586,0.7623333333333335,24.0
ENSG00000134072,CAMK1,0.7623316582914573,99.5
ENSG00000188818,ZDHHC11,0.762281879194631,14.9
ENSG00000185585,OLFML2A,0.7622653721682849,30.9
ENSG00000177951,BET1L,0.7622434367541764,167.6
ENSG00000138594,TMOD3,0.7622113022113023,40.7
ENSG00000140285,FGF7,0.7621016949152541,59.0
ENSG00000213965,NUDT19,0.7620465116279069,21.5
ENSG00000198429,ZNF69,0.7620437956204378,13.7
ENSG00000164896,FASTK,0.7620069808027924,114.6
ENSG00000163430,FSTL1,0.7619966240655898,414.7
ENSG00000185947,ZNF267,0.7619305019305019,25.9
ENSG00000079313,REXO1,0.7619110378912686,60.7
ENSG00000133265,HSPBP1,0.7618934911242603,118.3
ENSG00000108641,B9D1,0.7618850574712644,87.0
ENSG00000158062,UBXN11,0.7617677642980937,57.7
ENSG00000107551,RASSF4,0.761751633986928,76.5
ENSG00000182197,EXT1,0.7617500000000001,16.0
ENSG00000170989,S1PR1,0.7616899097621002,121.9
ENSG00000096433,ITPR3,0.7616845878136199,55.8
ENSG00000265972,TXNIP,0.7616294508147254,2154.1
ENSG00000105229,PIAS4,0.7615846994535521,36.6
ENSG00000088827,SIGLEC1,0.761376146788991,21.8
ENSG00000173065,FAM222B,0.7613622291021669,32.3
ENSG00000153832,FBXO36,0.7613592233009708,10.3
ENSG00000121440,PDZRN3,0.7613488372093024,86.0
ENSG00000127415,IDUA,0.7613461538461537,31.2
ENSG00000184985,SORCS2,0.7613253012048193,16.6
ENSG00000188157,AGRN,0.7612195121951221,41.0
ENSG00000176390,CRLF3,0.7612048192771084,33.2
ENSG00000116396,KCNC4,0.7611764705882353,18.7
ENSG00000084733,RAB10,0.7611688311688312,200.2
ENSG00000100336,APOL4,0.7611428571428571,14.0
ENSG00000152583,SPARCL1,0.7611277723929528,1753.9
ENSG00000180228,PRKRA,0.7610725552050474,95.1
ENSG00000172175,MALT1,0.7610526315789472,19.0
ENSG00000126804,ZBTB1,0.7610303830911495,75.7
ENSG00000162929,SANBR,0.7609615384615386,10.4
ENSG00000134247,PTGFRN,0.7609190371991247,45.7
ENSG00000157870,PRXL2B,0.7608252427184466,41.2
ENSG00000100084,HIRA,0.7607984790874525,52.6
ENSG00000037042,TUBG2,0.7607973421926911,120.4
ENSG00000150477,KIAA1328,0.7607142857142858,19.6
ENSG00000172986,GXYLT2,0.7607142857142857,14.0
ENSG00000116906,GNPAT,0.760703933747412,96.6
ENSG00000182093,GET1,0.7606646971935008,135.4
ENSG00000166821,PEX11A,0.7606575342465753,36.5
ENSG00000171723,GPHN,0.7606178861788618,61.5
ENSG00000012660,ELOVL5,0.7605540897097625,227.4
ENSG00000091879,ANGPT2,0.7605228758169933,15.3
ENSG00000141279,NPEPPS,0.7604646464646464,99.0
ENSG00000184887,BTBD6,0.7604539559014266,154.2
ENSG00000151612,ZNF827,0.7604081632653061,14.7
ENSG00000139350,NEDD1,0.7601685393258428,35.6
ENSG00000075151,EIF4G3,0.7601305483028721,76.6
ENSG00000267534,S1PR2,0.7601156069364161,17.3
ENSG00000143158,MPC2,0.7601123595505618,142.4
ENSG00000148110,MFSD14B,0.7601113585746103,89.8
ENSG00000058453,CROCC,0.7600709219858156,28.2
ENSG00000136869,TLR4,0.7600651465798045,30.7
ENSG00000204070,SYS1,0.7600545702592088,73.3
ENSG00000075426,FOSL2,0.7600182648401825,219.0
ENSG00000186187,ZNRF1,0.7598948751642574,76.1
ENSG00000242259,C22orf39,0.759889012208657,90.1
ENSG00000162735,PEX19,0.7598823529411763,102.0
ENSG00000147316,MCPH1,0.7598709677419354,15.5
ENSG00000196511,TPK1,0.7598473282442749,13.1
ENSG00000182185,RAD51B,0.7598387096774195,12.4
ENSG00000104361,NIPAL2,0.7598003992015968,50.1
ENSG00000109083,IFT20,0.7597262773722626,109.6
ENSG00000064652,SNX24,0.7597077244258873,47.9
ENSG00000158321,AUTS2,0.759691629955947,45.4
ENSG00000170088,TMEM192,0.759688888888889,45.0
ENSG00000198625,MDM4,0.7596868884540119,51.1
ENSG00000272325,NUDT3,0.7596374622356495,66.2
ENSG00000138111,MFSD13A,0.7596363636363636,16.5
ENSG00000102910,LONP2,0.759580764488286,81.1
ENSG00000166341,DCHS1,0.7595539033457248,26.9
ENSG00000131435,PDLIM4,0.7595353535353536,99.0
ENSG00000112655,PTK7,0.7594514285714286,87.5
ENSG00000141428,C18orf21,0.7594395280235989,67.8
ENSG00000213638,ADAT3,0.7593984962406016,13.3
ENSG00000141030,COPS3,0.759383399209486,126.5
ENSG00000203879,GDI1,0.7593701415188359,501.7
ENSG00000141854,MISP3,0.7593370165745857,18.1
ENSG00000111602,TIMELESS,0.7593269230769231,20.8
ENSG00000072506,HSD17B10,0.7592940199335548,240.8
ENSG00000196372,ASB13,0.7592700729927009,41.1
ENSG00000152661,GJA1,0.7592685589519651,366.4
ENSG00000125449,ARMC7,0.7592332268370607,31.3
ENSG00000128833,MYO5C,0.7592248062015504,25.8
ENSG00000178726,THBD,0.759164265129683,69.4
ENSG00000157514,TSC22D3,0.7591164423639557,1025.4
ENSG00000124104,SNX21,0.7590884718498659,37.3
ENSG00000138032,PPM1B,0.7590375203915172,122.6
ENSG00000050820,BCAR1,0.7590318772136954,84.7
ENSG00000139083,ETV6,0.7590155440414509,38.6
ENSG00000147124,ZNF41,0.7589411764705882,17.0
ENSG00000103035,PSMD7,0.7588687956906504,259.9
ENSG00000095319,NUP188,0.7588657844990547,52.9
ENSG00000168062,BATF2,0.758796992481203,13.3
ENSG00000175416,CLTB,0.7586974110032361,494.4
ENSG00000065989,PDE4A,0.7586478873239436,35.5
ENSG00000269955,FMC1-LUC7L2,0.7584386617100373,53.8
ENSG00000123200,ZC3H13,0.7583695652173913,55.2
ENSG00000111684,LPCAT3,0.7583391003460208,115.6
ENSG00000112715,VEGFA,0.7583098591549295,255.6
ENSG00000171443,ZNF524,0.758305597579425,66.1
ENSG00000147113,DIPK2B,0.7582945736434108,38.7
ENSG00000137133,HINT2,0.758246712586099,159.7
ENSG00000156860,FBRS,0.7581705150976908,112.6
ENSG00000197978,GOLGA6L9,0.7581318681318681,18.2
ENSG00000204356,NELFE,0.7580832782551223,151.3
ENSG00000008283,CYB561,0.7580623420387531,118.7
ENSG00000179041,RRS1,0.7580467091295117,47.1
ENSG00000165801,ARHGEF40,0.7580357142857145,44.8
ENSG00000178573,MAF,0.7580051150895141,78.2
ENSG00000162654,GBP4,0.7579375,32.0
ENSG00000159461,AMFR,0.7578870431893688,150.5
ENSG00000133321,PLAAT4,0.7578819810326659,189.8
ENSG00000132640,BTBD3,0.7578115501519759,65.8
ENSG00000106070,GRB10,0.7577277840269967,88.9
ENSG00000006062,MAP3K14,0.7575396825396825,25.2
ENSG00000120738,EGR1,0.7575123422929236,729.2
ENSG00000141425,RPRD1A,0.7574977000919962,108.7
ENSG00000168522,FNTA,0.7574326647564469,174.5
ENSG00000143995,MEIS1,0.757415458937198,82.8
ENSG00000155849,ELMO1,0.7573957446808511,117.5
ENSG00000073536,NLE1,0.7573568281938328,22.7
ENSG00000140905,GCSH,0.7573214285714286,134.4
ENSG00000159208,CIART,0.7573175542406312,50.7
ENSG00000115540,MOB4,0.7573026315789475,91.2
ENSG00000172296,SPTLC3,0.7572614107883817,24.1
ENSG00000124126,PREX1,0.7572177419354839,49.6
ENSG00000130508,PXDN,0.7572161172161173,54.6
ENSG00000132005,RFX1,0.7571153846153846,20.8
ENSG00000166750,SLFN5,0.7570603674540684,38.1
ENSG00000119689,DLST,0.7570105062082142,209.4
ENSG00000163041,H3-3A,0.7569918699186993,1918.8
ENSG00000173581,CCDC106,0.7569432314410482,68.7
ENSG00000177479,ARIH2,0.7569394261424017,94.1
ENSG00000106018,VIPR2,0.7568911917098444,19.3
ENSG00000198742,SMURF1,0.7568823529411765,34.0
ENSG00000158186,MRAS,0.7568430335097002,113.4
ENSG00000103222,ABCC1,0.7568211920529803,15.1
ENSG00000169992,NLGN2,0.7568101265822785,79.0
ENSG00000151779,NBAS,0.7567983367983366,48.1
ENSG00000167468,GPX4,0.7567304990757857,1352.5
ENSG00000153391,INO80C,0.7566782810685249,86.1
ENSG00000205220,PSMB10,0.7566104181951577,136.3
ENSG00000164294,GPX8,0.7566037735849058,37.1
ENSG00000165175,MID1IP1,0.7565177993527509,154.5
ENSG00000110871,COQ5,0.7565151515151516,92.4
ENSG00000121851,POLR3GL,0.7564909638554217,132.8
ENSG00000172465,TCEAL1,0.7564840457555689,166.1
ENSG00000165060,FXN,0.7564814814814815,43.2
ENSG00000256294,ZNF225,0.756470588235294,11.9
ENSG00000183762,KREMEN1,0.756467991169978,45.3
ENSG00000110328,GALNT18,0.7564344262295082,48.8
ENSG00000099250,NRP1,0.7563824701195219,125.5
ENSG00000143190,POU2F1,0.7563333333333334,12.0
ENSG00000184347,SLIT3,0.7563124999999998,64.0
ENSG00000113240,CLK4,0.7562616822429906,53.5
ENSG00000008130,NADK,0.7562293794186961,127.3
ENSG00000062822,POLD1,0.7561458333333334,19.2
ENSG00000053747,LAMA3,0.7561170212765959,37.6
ENSG00000109436,TBC1D9,0.7560612691466083,45.7
ENSG00000161981,SNRNP25,0.7560097323600972,123.3
ENSG00000135870,RC3H1,0.7559999999999999,18.5
ENSG00000143198,MGST3,0.7559933453486758,721.3
ENSG00000168264,IRF2BP2,0.7559838274932615,148.4
ENSG00000138095,LRPPRC,0.7559825327510917,45.8
ENSG00000088256,GNA11,0.7559420289855073,131.1
ENSG00000283809,ENSG00000283809,0.7558823529411766,13.6
ENSG00000131477,RAMP2,0.7558549783549783,184.8
ENSG00000142188,TMEM50B,0.7558133971291866,83.6
ENSG00000214706,IFRD2,0.7557769652650823,109.4
ENSG00000110060,PUS3,0.7557419354838708,31.0
ENSG00000105732,ZNF574,0.7557037037037039,27.0
ENSG00000149577,SIDT2,0.7556920256645279,109.1
ENSG00000108509,CAMTA2,0.755670731707317,65.6
ENSG00000137075,RNF38,0.7555864197530863,64.8
ENSG00000120913,PDLIM2,0.7555714285714287,224.0
ENSG00000187446,CHP1,0.7555028901734104,173.0
ENSG00000151718,WWC2,0.7554887218045111,26.6
ENSG00000184743,ATL3,0.7554858934169278,63.8
ENSG00000163378,EOGT,0.7554730983302413,53.9
ENSG00000185745,IFIT1,0.7554659949622166,39.7
ENSG00000052126,PLEKHA5,0.7554592720970539,57.7
ENSG00000100354,TNRC6B,0.7554347826086957,18.4
ENSG00000184205,TSPYL2,0.7553913808267371,341.1
ENSG00000116574,RHOU,0.7553134328358209,67.0
ENSG00000256087,ZNF432,0.7552422907488986,22.7
ENSG00000156711,MAPK13,0.7552297592997812,45.7
ENSG00000109919,MTCH2,0.7552037037037037,108.0
ENSG00000049883,PTCD2,0.7551937984496123,12.9
ENSG00000064545,TMEM161A,0.7551495016611295,30.1
ENSG00000129422,MTUS1,0.7551472471190779,156.2
ENSG00000085433,WDR47,0.755132530120482,41.5
ENSG00000100147,CCDC134,0.755126050420168,11.9
ENSG00000111859,NEDD9,0.7550956130483689,88.9
ENSG00000146433,TMEM181,0.7550863723608445,52.1
ENSG00000174718,RESF1,0.755,65.6
ENSG00000067221,STOML1,0.7549897330595482,48.7
ENSG00000139636,LMBR1L,0.754986807387863,37.9
ENSG00000011028,MRC2,0.7548344370860928,60.4
ENSG00000174775,HRAS,0.7548178137651821,123.5
ENSG00000169967,MAP3K2,0.7547987616099071,32.3
ENSG00000026950,BTN3A1,0.7547914032869785,79.1
ENSG00000121858,TNFSF10,0.754702868852459,195.2
ENSG00000131370,SH3BP5,0.7546584699453551,146.4
ENSG00000141252,VPS53,0.7545360824742268,19.4
ENSG00000140307,GTF2A2,0.7545129224652086,201.2
ENSG00000134294,SLC38A2,0.7544657152801949,287.3
ENSG00000156521,TYSND1,0.7544186046511626,12.9
ENSG00000154265,ABCA5,0.7544078947368419,30.4
ENSG00000145687,SSBP2,0.7544026548672566,90.4
ENSG00000146232,NFKBIE,0.7543880597014925,33.5
ENSG00000136280,CCM2,0.7543279172821271,135.4
ENSG00000130702,LAMA5,0.7541784037558686,63.9
ENSG00000196189,SEMA4A,0.7541735537190084,48.4
ENSG00000117461,PIK3R3,0.7540757238307348,44.9
ENSG00000144115,THNSL2,0.7540471869328492,55.1
ENSG00000138600,SPPL2A,0.7540243902439024,131.2
ENSG00000108700,CCL8,0.7539999999999999,17.0
ENSG00000174307,PHLDA3,0.753968253968254,144.9
ENSG00000134333,LDHA,0.7539614611656223,845.9
ENSG00000115657,ABCB6,0.7539097744360902,26.6
ENSG00000142634,EFHD2,0.7538686131386864,164.4
ENSG00000156709,AIFM1,0.7534805194805196,77.0
ENSG00000069849,ATP1B3,0.7534756573808905,384.1
ENSG00000145147,SLIT2,0.7534375000000001,32.0
ENSG00000165806,CASP7,0.7534375,70.4
ENSG00000135736,CCDC102A,0.7533333333333333,15.3
ENSG00000188566,NDOR1,0.7532894736842104,15.2
ENSG00000178927,CYBC1,0.7532675044883304,111.4
ENSG00000271447,MMP28,0.7532653061224489,29.4
ENSG00000090581,GNPTG,0.7532252027448534,160.3
ENSG00000152223,EPG5,0.753134328358209,13.4
ENSG00000142002,DPP9,0.753093093093093,66.6
ENSG00000174292,TNK1,0.7530693069306931,10.1
ENSG00000187800,PEAR1,0.7530232558139534,17.2
ENSG00000196550,FAM72A,0.7530097087378642,10.3
ENSG00000106244,PDAP1,0.7529603255340794,98.3
ENSG00000116132,PRRX1,0.7529472595656671,96.7
ENSG00000154640,BTG3,0.7529298751200767,104.1
ENSG00000152558,TMEM123,0.7527826086956521,368.0
ENSG00000100804,PSMB5,0.7527595200834638,383.4
ENSG00000125434,SLC25A35,0.7527572016460904,24.3
ENSG00000131018,SYNE1,0.7527249842668344,158.9
ENSG00000146267,FAXC,0.7527188940092165,21.7
ENSG00000162407,PLPP3,0.7527041978522615,307.3
ENSG00000237441,RGL2,0.7526999999999999,40.0
ENSG00000113273,ARSB,0.7526633165829145,19.9
ENSG00000185808,PIGP,0.7526035502958579,101.4
ENSG00000151835,SACS,0.7525874125874126,14.3
ENSG00000167065,DUSP18,0.7525190839694657,13.1
ENSG00000117262,GPR89A,0.7525085910652922,29.1
ENSG00000136682,ZNG1B,0.7524528301886793,21.2
ENSG00000179021,C3orf38,0.7523929471032748,39.7
ENSG00000042088,TDP1,0.7523484848484848,26.4
ENSG00000121281,ADCY7,0.7523297491039426,27.9
ENSG00000007866,TEAD3,0.7523156532988357,77.3
ENSG00000120885,CLU,0.7522661013039227,9103.3
ENSG00000197818,SLC9A8,0.7522513089005236,19.1
ENSG00000262814,MRPL12,0.752203055692459,202.9
ENSG00000130827,PLXNA3,0.7521848739495799,23.8
ENSG00000100979,PLTP,0.7521700879765396,409.2
ENSG00000168404,MLKL,0.7521590909090909,35.2
ENSG00000077454,LRCH4,0.7520751341681574,111.8
ENSG00000213064,SFT2D2,0.7519736842105261,30.4
ENSG00000127527,EPS15L1,0.7519428571428571,70.0
ENSG00000180198,RCC1,0.751863799283154,55.8
ENSG00000151743,AMN1,0.7517580340264649,52.9
ENSG00000123066,MED13L,0.7516867469879516,49.8
ENSG00000145990,GFOD1,0.7515695067264572,22.3
ENSG00000153904,DDAH1,0.7515265866209262,116.6
ENSG00000115677,HDLBP,0.7514862965565706,569.2
ENSG00000100605,ITPK1,0.7514855643044618,190.5
ENSG00000118046,STK11,0.7514473684210526,106.4
ENSG00000173744,AGFG1,0.7513818924438392,146.9
ENSG00000173083,HPSE,0.7513461538461539,10.4
ENSG00000075539,FRYL,0.7513333333333334,30.0
ENSG00000197982,C1orf122,0.751311475409836,170.8
ENSG00000049130,KITLG,0.7512751677852348,29.8
ENSG00000123609,NMI,0.7512215909090909,70.4
ENSG00000137073,UBAP2,0.751156462585034,29.4
ENSG00000081913,PHLPP1,0.751132075471698,31.8
ENSG00000108819,PPP1R9B,0.7510924369747899,107.1
ENSG00000174516,PELI3,0.7509660574412531,38.3
ENSG00000136856,SLC2A8,0.7509006211180125,64.4
ENSG00000128487,SPECC1,0.7508624708624708,42.9
ENSG00000004399,PLXND1,0.7508538899430741,105.4
ENSG00000049246,PER3,0.750844793713163,50.9
ENSG00000183576,SETD3,0.7508041743400861,162.9
ENSG00000139597,N4BP2L1,0.7507881773399014,81.2
ENSG00000166908,PIP4K2C,0.7507652399481194,77.1
ENSG00000151332,MBIP,0.750718954248366,76.5
ENSG00000136859,ANGPTL2,0.7506781279847182,104.7
ENSG00000172889,EGFL7,0.7506699547883272,243.3
ENSG00000168916,ZNF608,0.7505940594059407,20.2
ENSG00000105329,TGFB1,0.750558882235529,100.2
ENSG00000111445,RFC5,0.7505501618122976,30.9
ENSG00000174749,FAM241A,0.7505128205128205,15.6
ENSG00000173480,ZNF417,0.7504555314533623,46.1
ENSG00000169919,GUSB,0.7504526748971193,97.2
ENSG00000126215,XRCC3,0.7504347826086958,36.8
ENSG00000009780,FAM76A,0.750395778364116,37.9
ENSG00000120656,TAF12,0.7503748488512696,82.7
ENSG00000105137,SYDE1,0.7503209876543211,40.5
ENSG00000103642,LACTB,0.7503153988868274,53.9
ENSG00000132522,GPS2,0.7502764976958527,173.6
ENSG00000169087,HSPBAP1,0.7502631578947369,15.2
ENSG00000170873,MTSS1,0.750234604105572,68.2
ENSG00000164919,COX6C,0.7501733626857456,726.8
ENSG00000204228,HSD17B8,0.7500952380952381,63.0
ENSG00000196263,ZNF471,0.7500769230769231,26.0
ENSG00000170266,GLB1,0.750040899795501,97.8
ENSG00000170382,LRRN2,0.7499999999999999,20.2
ENSG00000176340,COX8A,0.7499762304250561,1430.4
ENSG00000066056,TIE1,0.7498905908096279,45.7
ENSG00000177054,ZDHHC13,0.7498591549295774,35.5
ENSG00000134245,WNT2B,0.7498461538461539,13.0
ENSG00000100393,EP300,0.7497879282218595,61.3
ENSG00000125967,NECAB3,0.7497560975609758,57.4
ENSG00000089916,GPATCH2L,0.7497175141242939,35.4
ENSG00000221968,FADS3,0.7496520963425514,112.1
ENSG00000166681,BEX3,0.749574545016271,829.7
ENSG00000170270,GON7,0.7495698924731182,37.2
ENSG00000137726,FXYD6,0.7495271372000931,429.3
ENSG00000084764,MAPRE3,0.7495155279503107,161.0
ENSG00000105373,NOP53,0.7494922259397757,1016.2
ENSG00000089818,NECAP1,0.7494899536321483,64.7
ENSG00000125968,ID1,0.7494803481930888,379.1
ENSG00000153902,LGI4,0.7494778325123151,101.5
ENSG00000119408,NEK6,0.7494245723172631,64.3
ENSG00000111906,HDDC2,0.7493742017879949,156.6
ENSG00000188092,GPR89B,0.7493103448275862,11.6
ENSG00000067900,ROCK1,0.7493023255813953,17.2
ENSG00000106144,CASP2,0.7492348284960422,37.9
ENSG00000114346,ECT2,0.7492165898617512,21.7
ENSG00000129354,AP1M2,0.7491634491634492,77.7
ENSG00000137449,CPEB2,0.7490960451977401,35.4
ENSG00000127445,PIN1,0.7490639625585023,256.4
ENSG00000105750,ZNF85,0.7490384615384614,10.4
ENSG00000244405,ETV5,0.7490322580645161,40.3
ENSG00000106400,ZNHIT1,0.7490320665083136,336.8
ENSG00000008513,ST3GAL1,0.7490189873417722,63.2
ENSG00000111775,COX6A1,0.748958401572224,1831.8
ENSG00000177548,RABEP2,0.7489430894308943,49.2
ENSG00000081087,OSTM1,0.7489400921658985,21.7
ENSG00000071575,TRIB2,0.7489395129615082,127.3
ENSG00000130159,ECSIT,0.7489177489177489,115.5
ENSG00000172301,COPRS,0.7488779688779686,244.2
ENSG00000108639,SYNGR2,0.7488609813084112,342.4
ENSG00000204348,DXO,0.748695652173913,32.2
ENSG00000173692,PSMD1,0.7486540049545828,121.1
ENSG00000109445,ZNF330,0.7486170212765957,94.0
ENSG00000129465,RIPK3,0.7485714285714284,18.9
ENSG00000164181,ELOVL7,0.7484905660377358,31.8
ENSG00000130821,SLC6A8,0.7484030157642221,145.9
ENSG00000117682,DHDDS,0.7484000000000001,75.0
ENSG00000197937,ZNF347,0.7483832335329342,16.7
ENSG00000074935,TUBE1,0.7483733333333332,37.5
ENSG00000114779,ABHD14B,0.7483528037383178,171.2
ENSG00000155760,FZD7,0.7483030303030302,33.0
ENSG00000143815,LBR,0.7482807731434384,98.3
ENSG00000107863,ARHGAP21,0.7482730923694778,74.7
ENSG00000138685,FGF2,0.7482456140350877,22.8
ENSG00000130158,DOCK6,0.7482086167800454,44.1
ENSG00000156787,TBC1D31,0.7480597014925372,13.4
ENSG00000132207,SLX1A,0.7480528846153847,83.2
ENSG00000165997,ARL5B,0.7480286738351256,27.9
ENSG00000152484,USP12,0.7479663394109396,71.3
ENSG00000067113,PLPP1,0.747897396035756,257.3
ENSG00000145632,PLK2,0.7478708133971291,83.6
ENSG00000090674,MCOLN1,0.7478632478632479,46.8
ENSG00000178980,SELENOW,0.7478536135092577,1841.7
ENSG00000175414,ARL10,0.7478195488721806,13.3
ENSG00000198064,NPIPB13,0.7478172588832487,39.4
ENSG00000133138,TBC1D8B,0.74775956284153,18.3
ENSG00000198833,UBE2J1,0.7476731793960921,112.6
ENSG00000135924,DNAJB2,0.7476544943820226,284.8
ENSG00000152926,ZNF117,0.7476226415094338,26.5
ENSG00000167460,TPM4,0.7475908221797325,523.0
ENSG00000145592,RPL37,0.7475533269659346,1256.4
ENSG00000184349,EFNA5,0.7474999999999998,12.0
ENSG00000224470,ATXN1L,0.7473994638069705,37.3
ENSG00000198873,GRK5,0.7473722627737226,27.4
ENSG00000149485,FADS1,0.7473629242819844,76.6
ENSG00000166974,MAPRE2,0.7473547400611621,130.8
ENSG00000139132,FGD4,0.74731884057971,27.6
ENSG00000163781,TOPBP1,0.7473076923076922,31.2
ENSG00000138709,LARP1B,0.7472885032537961,46.1
ENSG00000172059,KLF11,0.7471232876712329,51.1
ENSG00000198879,SFMBT2,0.7470886075949368,15.8
ENSG00000176182,MYPOP,0.7470877192982457,28.5
ENSG00000110080,ST3GAL4,0.7470491803278686,109.8
ENSG00000096080,MRPS18A,0.7469999999999999,134.0
ENSG00000148288,GBGT1,0.7469999999999999,24.0
ENSG00000141458,NPC1,0.746988847583643,80.7
ENSG00000144642,RBMS3,0.7469651741293533,20.1
ENSG00000096968,JAK2,0.7469135802469137,32.4
ENSG00000278845,MRPL45,0.7468606431852988,65.3
ENSG00000105928,GSDME,0.7468159203980099,40.2
ENSG00000006625,GGCT,0.7467472306143,99.3
ENSG00000181523,SGSH,0.7467264573991033,44.6
ENSG00000184060,ADAP2,0.7466981132075472,21.2
ENSG00000177156,TALDO1,0.7466818700114025,438.5
ENSG00000118432,CNR1,0.7466666666666667,18.6
ENSG00000144674,GOLGA4,0.7466485507246376,110.4
ENSG00000081377,CDC14B,0.7466101694915256,11.8
ENSG00000176428,VPS37D,0.7465599999999998,12.5
ENSG00000197417,SHPK,0.7464888888888886,22.5
ENSG00000126602,TRAP1,0.7464246424642466,181.8
ENSG00000266412,NCOA4,0.7464084911072862,348.6
ENSG00000071205,ARHGAP10,0.7464,62.5
ENSG00000136156,ITM2B,0.74639934399344,1219.5
ENSG00000151466,SCLT1,0.7463235294117648,13.6
ENSG00000163624,CDS1,0.7462433862433864,37.8
ENSG00000133789,SWAP70,0.7461560283687944,70.5
ENSG00000181751,MACIR,0.7461486486486487,29.6
ENSG00000105220,GPI,0.7461483375959078,391.0
ENSG00000159086,PAXBP1,0.7461481481481479,27.0
ENSG00000019549,SNAI2,0.7461160714285714,44.8
ENSG00000084090,STARD7,0.7460094886663151,189.7
ENSG00000137218,FRS3,0.7459712230215828,27.8
ENSG00000186716,BCR,0.7459706362153343,61.3
ENSG00000135677,GNS,0.7459475929311398,164.1
ENSG00000154783,FGD5,0.7459071729957806,23.7
ENSG00000134884,ARGLU1,0.7458892128279884,34.3
ENSG00000006025,OSBPL7,0.7457943925233645,32.1
ENSG00000151150,ANK3,0.7457731958762883,126.1
ENSG00000005243,COPZ2,0.7457531380753138,95.6
ENSG00000143641,GALNT2,0.745720430107527,93.0
ENSG00000133243,BTBD2,0.7456927899686521,159.5
ENSG00000162402,USP24,0.7456091954022988,43.5
ENSG00000168496,FEN1,0.7455944055944055,42.9
ENSG00000117640,MTFR1L,0.745586791610888,224.1
ENSG00000204394,VARS1,0.7455502392344496,62.7
ENSG00000180611,MB21D2,0.7454399999999999,12.5
ENSG00000179588,ZFPM1,0.7454263565891474,12.9
ENSG00000079332,SAR1A,0.7454191033138403,153.9
ENSG00000085063,CD59,0.7453946794592237,1375.8
ENSG00000064300,NGFR,0.7453937947494031,41.9
ENSG00000169564,PCBP1,0.745304716481187,754.8
ENSG00000116747,RO60,0.7452857142857142,28.0
ENSG00000173517,PEAK1,0.7452173913043479,27.6
ENSG00000073792,IGF2BP2,0.7452173913043479,20.7
ENSG00000185477,GPRIN3,0.745137614678899,10.9
ENSG00000076067,RBMS2,0.745086705202312,34.6
ENSG00000105854,PON2,0.7450653879686138,229.4
ENSG00000172037,LAMB2,0.7450505050505052,158.4
ENSG00000109685,NSD2,0.7450000000000003,55.6
ENSG00000130347,RTN4IP1,0.7449655172413793,14.5
ENSG00000138593,SECISBP2L,0.7449622166246853,79.4
ENSG00000167658,EEF2,0.7448260841297705,3076.2
ENSG00000139370,SLC15A4,0.7447513812154696,36.2
ENSG00000166265,CYYR1,0.7447488584474885,43.8
ENSG00000100246,DNAL4,0.7446801872074884,64.1
ENSG00000204673,AKT1S1,0.7446358792184724,112.6
ENSG00000063854,HAGH,0.7446014492753623,220.8
ENSG00000132313,MRPL35,0.744484389782403,105.7
ENSG00000171302,CANT1,0.7444736842105263,83.6
ENSG00000117448,AKR1A1,0.7444062189877606,302.3
ENSG00000166971,AKTIP,0.7443829113924051,126.4
ENSG00000117620,SLC35A3,0.7443564356435644,50.5
ENSG00000090971,NAT14,0.7442900302114804,66.2
ENSG00000141543,EIF4A3,0.7442507122507123,175.5
ENSG00000169239,CA5B,0.7442396313364056,21.7
ENSG00000014138,POLA2,0.7442384105960264,15.1
ENSG00000184979,USP18,0.7442056074766356,21.4
ENSG00000204370,SDHD,0.7440857142857144,420.0
ENSG00000135241,PNPLA8,0.7440613026819924,78.3
ENSG00000092820,EZR,0.744054182509506,420.8
ENSG00000257704,INAFM1,0.7440540540540542,103.6
ENSG00000119185,ITGB1BP1,0.7439962476547841,106.6
ENSG00000149564,ESAM,0.7439697542533079,105.8
ENSG00000105656,ELL,0.743965517241379,34.8
ENSG00000151240,DIP2C,0.7439628482972135,32.3
ENSG00000128284,APOL3,0.7439562841530054,91.5
ENSG00000256683,ZNF350,0.743953488372093,25.8
ENSG00000085514,PILRA,0.7439118457300276,36.3
ENSG00000101493,ZNF516,0.7438629283489097,32.1
ENSG00000080819,CPOX,0.7438461538461538,41.6
ENSG00000188760,TMEM198,0.7438150289017342,17.3
ENSG00000175634,RPS6KB2,0.7438058748403578,78.3
ENSG00000140650,PMM2,0.7437944664031622,50.6
ENSG00000107104,KANK1,0.7437918215613384,80.7
ENSG00000168077,SCARA3,0.7437752808988765,89.0
ENSG00000183283,DAZAP2,0.743765762653308,578.9
ENSG00000108559,NUP88,0.7437552742616031,47.4
ENSG00000110077,MS4A6A,0.7437359339834958,133.3
ENSG00000256514,ENSG00000256514,0.7436924868957484,171.7
ENSG00000106012,IQCE,0.7436708860759493,31.6
ENSG00000115525,ST3GAL5,0.7436601307189542,45.9
ENSG00000165879,FRAT1,0.7436363636363637,12.1
ENSG00000185158,LRRC37B,0.7436,20.0
ENSG00000065615,CYB5R4,0.7435,16.0
ENSG00000173706,HEG1,0.7434851485148515,50.5
ENSG00000254772,EEF1G,0.7434046235080087,4507.4
ENSG00000185052,SLC24A3,0.7433942558746738,38.3
ENSG00000105072,C19orf44,0.7433112582781457,15.1
ENSG00000049656,CLPTM1L,0.7432915360501566,127.6
ENSG00000260643,ENSG00000260643,0.7432460732984293,19.1
ENSG00000114107,CEP70,0.7431987577639751,64.4
ENSG00000088812,ATRN,0.7431686541737649,58.7
ENSG00000143612,C1orf43,0.7431644722160233,448.1
ENSG00000135912,TTLL4,0.7430252100840338,23.8
ENSG00000123545,NDUFAF4,0.7429655172413794,29.0
ENSG00000101365,IDH3B,0.7429387755102042,220.5
ENSG00000148450,MSRB2,0.7429228243021347,60.9
ENSG00000213462,ERV3-1,0.7429206349206348,31.5
ENSG00000169116,PARM1,0.742901554404145,115.8
ENSG00000253276,CCDC71L,0.7428888888888888,18.0
ENSG00000198113,TOR4A,0.7427397260273971,14.6
ENSG00000143797,MBOAT2,0.742690909090909,27.5
ENSG00000115902,SLC1A4,0.7425609756097562,49.2
ENSG00000181915,ADO,0.7425000000000002,35.2
ENSG00000196937,FAM3C,0.7424849939975993,166.6
ENSG00000129932,DOHH,0.7424806201550388,38.7
ENSG00000018189,RUFY3,0.7424057450628366,111.4
ENSG00000163681,SLMAP,0.7424007936507935,100.8
ENSG00000166333,ILK,0.7423566569484937,411.6
ENSG00000112242,E2F3,0.7423529411764705,18.7
ENSG00000186815,TPCN1,0.7423364485981306,107.0
ENSG00000158427,TMSB15B,0.7423225806451613,15.5
ENSG00000177889,UBE2N,0.7423025583982203,179.8
ENSG00000167700,MFSD3,0.7421768707482994,44.1
ENSG00000010278,CD9,0.7421175902450804,828.3
ENSG00000182512,GLRX5,0.7420897155361051,182.8
ENSG00000235098,ANKRD65,0.7420671834625324,38.7
ENSG00000143951,WDPCP,0.7419999999999999,11.0
ENSG00000105429,MEGF8,0.7418045112781955,39.9
ENSG00000215472,RPL17-C18orf32,0.7417468019408912,226.7
ENSG00000123427,EEF1AKMT3,0.7416425120772946,20.7
ENSG00000103174,NAGPA,0.7414977973568281,22.7
ENSG00000065308,TRAM2,0.7414880952380952,33.6
ENSG00000166562,SEC11C,0.7414557131388814,373.7
ENSG00000173269,MMRN2,0.7414141414141414,69.3
ENSG00000114942,EEF1B2,0.7414105937535751,1748.2
ENSG00000100528,CNIH1,0.7414002763703362,217.1
ENSG00000113657,DPYSL3,0.7413779527559053,203.2
ENSG00000161921,CXCL16,0.7413688212927757,105.2
ENSG00000101294,HM13,0.7412888688598467,221.9
ENSG00000028203,VEZT,0.7412621359223303,20.6
ENSG00000144935,TRPC1,0.741237113402062,19.4
ENSG00000110092,CCND1,0.7412323943661973,113.6
ENSG00000204161,TMEM273,0.7411816192560174,45.7
ENSG00000032219,ARID4A,0.7411585365853658,32.8
ENSG00000204256,BRD2,0.7410975609756097,65.6
ENSG00000158292,GPR153,0.7410891089108911,20.2
ENSG00000173660,UQCRH,0.7410820149118021,1099.8
ENSG00000177556,ATOX1,0.7410655536459614,407.3
ENSG00000115310,RTN4,0.7410610932475883,933.0
ENSG00000184203,PPP1R2,0.7410211706102118,80.3
ENSG00000168890,TMEM150A,0.7409053497942388,48.6
ENSG00000105341,DMAC2,0.7408413001912045,104.6
ENSG00000124733,MEA1,0.7408329755259768,232.9
ENSG00000008853,RHOBTB2,0.7408253968253967,31.5
ENSG00000228300,FAM174C,0.74082059533387,124.3
ENSG00000151623,NR3C2,0.7408130081300812,24.6
ENSG00000134107,BHLHE40,0.7408002148227711,372.4
ENSG00000146242,TPBG,0.7408,32.5
ENSG00000101888,NXT2,0.7407751937984497,25.8
ENSG00000205213,LGR4,0.740746003552398,56.3
ENSG00000020426,MNAT1,0.7407133421400265,75.7
ENSG00000187678,SPRY4,0.7406206896551724,29.0
ENSG00000131724,IL13RA1,0.7405688888888889,112.5
ENSG00000170854,RIOX2,0.7405069124423964,43.4
ENSG00000135899,SP110,0.7404526748971194,48.6
ENSG00000120594,PLXDC2,0.7404181184668991,28.7
ENSG00000128604,IRF5,0.740379746835443,15.8
ENSG00000111879,FAM184A,0.7403720930232558,21.5
ENSG00000213563,C8orf82,0.740338028169014,35.5
ENSG00000242114,MTFP1,0.7402687140115163,52.1
ENSG00000104856,RELB,0.7402373887240355,33.7
ENSG00000123810,B9D2,0.7402325581395347,17.2
ENSG00000184428,TOP1MT,0.7402197802197802,45.5
ENSG00000153207,AHCTF1,0.7401973684210524,30.4
ENSG00000144711,IQSEC1,0.74016091954023,87.0
ENSG00000182934,SRPRA,0.7401042920176495,249.3
ENSG00000171791,BCL2,0.7400892857142857,22.4
ENSG00000198075,SULT1C4,0.7400699300699302,28.6
ENSG00000154065,ANKRD29,0.7400677966101696,29.5
ENSG00000139531,SUOX,0.7400569800569801,70.2
ENSG00000091164,TXNL1,0.740032362459547,185.4
ENSG00000168952,STXBP6,0.74,40.2
ENSG00000182973,CNOT10,0.74,37.4
ENSG00000139620,KANSL2,0.7399999999999999,39.5
ENSG00000148248,SURF4,0.7399907493061978,216.2
ENSG00000091592,NLRP1,0.7399568034557233,46.3
ENSG00000109854,HTATIP2,0.7399530516431924,127.8
ENSG00000124508,BTN2A2,0.7399418604651163,34.4
ENSG00000142599,RERE,0.7399315068493151,146.0
ENSG00000172869,DMXL1,0.7399206349206351,25.2
ENSG00000123989,CHPF,0.7398856053384176,104.9
ENSG00000248487,ABHD14A,0.7398391959798997,99.5
ENSG00000179862,CITED4,0.7398387096774195,49.6
ENSG00000130881,LRP3,0.7396862745098036,76.5
ENSG00000172046,USP19,0.7396774193548388,62.0
ENSG00000130816,DNMT1,0.739672131147541,24.4
ENSG00000173171,MTX1,0.7396567505720826,87.4
ENSG00000133195,SLC39A11,0.7395614035087719,45.6
ENSG00000112039,FANCE,0.7395419847328245,13.1
ENSG00000196437,ZNF569,0.739527559055118,12.7
ENSG00000184206,GOLGA6L4,0.7395238095238095,12.6
ENSG00000162139,NEU3,0.7394331983805668,24.7
ENSG00000173020,GRK2,0.7393340494092374,186.2
ENSG00000196704,AMZ2,0.7392986301369863,182.5
ENSG00000132004,FBXW9,0.7391443850267381,18.7
ENSG00000085998,POMGNT1,0.739139240506329,79.0
ENSG00000169020,ATP5ME,0.7390927096104876,2120.6
ENSG00000162512,SDC3,0.7390395042602634,129.1
ENSG00000082397,EPB41L3,0.738995290423862,63.7
ENSG00000164032,H2AZ1,0.738989933458454,586.1
ENSG00000173575,CHD2,0.7389767441860465,64.5
ENSG00000183624,HMCES,0.7389722675367046,122.6
ENSG00000175048,ZDHHC14,0.7389380530973452,11.3
ENSG00000128394,APOBEC3F,0.7389041095890412,14.6
ENSG00000130165,ELOF1,0.7388883170355122,194.3
ENSG00000128917,DLL4,0.7388571428571428,24.5
ENSG00000121390,PSPC1,0.7388188976377953,50.8
ENSG00000142655,PEX14,0.7387951807228916,58.1
ENSG00000182768,NGRN,0.7387782468338712,402.7
ENSG00000163412,EIF4E3,0.7387219343696028,57.9
ENSG00000102226,USP11,0.7387131050767414,169.4
ENSG00000183655,KLHL25,0.7386206896551724,14.5
ENSG00000168268,NT5DC2,0.7385096596136157,108.7
ENSG00000179163,FUCA1,0.7384625158831004,157.4
ENSG00000213316,LTC4S,0.7384615384615384,11.7
ENSG00000213281,NRAS,0.7384057971014493,55.2
ENSG00000174628,IQCK,0.7383809523809525,21.0
ENSG00000156049,GNA14,0.7383240223463686,17.9
ENSG00000131067,GGT7,0.7383042394014961,80.2
ENSG00000182208,MOB2,0.7382951653944021,78.6
ENSG00000181472,ZBTB2,0.7382014388489211,27.8
ENSG00000035403,VCL,0.7380727272727273,220.0
ENSG00000102974,CTCF,0.7380555555555555,64.8
ENSG00000152942,RAD17,0.7380051150895142,39.1
ENSG00000274523,RCC1L,0.7380000000000001,86.0
ENSG00000175104,TRAF6,0.7380000000000001,22.0
ENSG00000138185,ENTPD1,0.7379310344827588,46.4
ENSG00000183741,CBX6,0.737851851851852,81.0
ENSG00000125445,MRPS7,0.7377284199899041,198.1
ENSG00000135414,GDF11,0.7376999999999999,20.0
ENSG00000173457,PPP1R14B,0.7376838546069314,236.6
ENSG00000119242,CCDC92,0.7376811594202897,138.0
ENSG00000286019,NOTCH2NLB,0.737655172413793,14.5
ENSG00000198380,GFPT1,0.7376168224299064,85.6
ENSG00000196268,ZNF493,0.7374216027874563,28.7
ENSG00000240053,LY6G5B,0.7374193548387098,58.9
ENSG00000170485,NPAS2,0.7373877551020408,49.0
ENSG00000167863,ATP5PD,0.7373677594043129,1034.1
ENSG00000127334,DYRK2,0.7373513513513514,37.0
ENSG00000122203,KIAA1191,0.737301075268817,186.0
ENSG00000167074,TEF,0.7372890733056707,72.3
ENSG00000160209,PDXK,0.7372876712328766,73.0
ENSG00000167264,DUS2,0.7372490706319703,26.9
ENSG00000272886,DCP1A,0.7372340425531916,28.2
ENSG00000163171,CDC42EP3,0.737196819085487,100.6
ENSG00000003402,CFLAR,0.7371832191780822,233.6
ENSG00000171603,CLSTN1,0.7371631205673757,169.2
ENSG00000115526,CHST10,0.7371527777777779,28.8
ENSG00000004487,KDM1A,0.7371428571428572,67.9
ENSG00000163811,WDR43,0.7370712909441233,51.9
ENSG00000102054,RBBP7,0.737045045045045,277.5
ENSG00000167114,SLC27A4,0.7370158730158729,63.0
ENSG00000165757,JCAD,0.7369969969969968,33.3
ENSG00000176871,WSB2,0.7369875573018991,152.7
ENSG00000254402,LRRC24,0.73696,12.5
ENSG00000153561,RMND5A,0.736928,62.5
ENSG00000213793,ZNF888,0.7369230769230769,11.7
ENSG00000197128,ZNF772,0.7369230769230768,13.0
ENSG00000109787,KLF3,0.7369196428571427,89.6
ENSG00000135077,HAVCR2,0.7368656716417911,26.8
ENSG00000066855,MTFR1,0.7367584097859328,32.7
ENSG00000259330,INAFM2,0.7367019027484142,47.3
ENSG00000270800,RPS10-NUDT3,0.7366550522648084,28.7
ENSG00000027075,PRKCH,0.7366500829187396,60.3
ENSG00000213689,TREX1,0.736599732262383,74.7
ENSG00000165264,NDUFB6,0.7365482233502538,157.6
ENSG00000009830,POMT2,0.7364912280701753,11.4
ENSG00000134901,POGLUT2,0.7364705882352942,11.9
ENSG00000138771,SHROOM3,0.7364462809917356,24.2
ENSG00000131016,AKAP12,0.7363905325443788,101.4
ENSG00000163590,PPM1L,0.736390243902439,20.5
ENSG00000095574,IKZF5,0.7363862928348911,32.1
ENSG00000228716,DHFR,0.7363120567375887,56.4
ENSG00000111912,NCOA7,0.7363119072708115,94.9
ENSG00000185187,SIGIRR,0.7361820199778023,90.1
ENSG00000160087,UBE2J2,0.7361657032755298,103.8
ENSG00000178809,TRIM73,0.736111111111111,18.0
ENSG00000128791,TWSG1,0.736096256684492,74.8
ENSG00000127418,FGFRL1,0.7360766961651916,67.8
ENSG00000167986,DDB1,0.7360549199084667,218.5
ENSG00000103540,CCP110,0.7360240963855421,33.2
ENSG00000272617,ENSG00000272617,0.7360117302052787,34.1
ENSG00000138496,PARP9,0.7360061919504644,64.6
ENSG00000177628,GBA1,0.7360040983606556,97.6
ENSG00000189171,S100A13,0.7359720549265236,415.1
ENSG00000185621,LMLN,0.7358878504672898,10.7
ENSG00000168487,BMP1,0.7358754863813229,25.7
ENSG00000204316,MRPL38,0.7358711566617864,136.6
ENSG00000097033,SH3GLB1,0.7358624923265807,162.9
ENSG00000150093,ITGB1,0.7358328304164152,662.8
ENSG00000114019,AMOTL2,0.735820476858345,71.3
ENSG00000158966,CACHD1,0.7356734693877551,24.5
ENSG00000181467,RAP2B,0.7356462585034013,14.7
ENSG00000111666,CHPT1,0.7356114130434783,147.2
ENSG00000075223,SEMA3C,0.7355895865237366,65.3
ENSG00000118369,USP35,0.7355555555555554,21.6
ENSG00000176407,KCMF1,0.7355350269438031,129.9
ENSG00000158201,ABHD3,0.7355267423014585,61.7
ENSG00000257218,GATC,0.7355182072829132,35.7
ENSG00000173821,RNF213,0.7355140186915888,32.1
ENSG00000102901,CENPT,0.7354042553191491,23.5
ENSG00000185453,ZSWIM9,0.7352272727272728,17.6
ENSG00000117676,RPS6KA1,0.7351626016260164,49.2
ENSG00000102241,HTATSF1,0.7351614797416324,170.3
ENSG00000220205,VAMP2,0.7351498167708559,463.9
ENSG00000106546,AHR,0.7351187904967602,46.3
ENSG00000144730,IL17RD,0.7351181102362205,12.7
ENSG00000118058,KMT2A,0.7350579150579151,25.9
ENSG00000167578,RAB4B,0.7350551470588235,108.8
ENSG00000160321,ZNF208,0.7350399999999999,12.5
ENSG00000056558,TRAF1,0.734968152866242,31.4
ENSG00000149289,ZC3H12C,0.734959349593496,12.3
ENSG00000137411,VARS2,0.7349538461538461,32.5
ENSG00000135317,SNX14,0.7349455337690632,45.9
ENSG00000042493,CAPG,0.7349057430951338,228.1
ENSG00000142227,EMP3,0.7348955613577024,306.4
ENSG00000174233,ADCY6,0.7348880597014924,53.6
ENSG00000135905,DOCK10,0.7347999999999999,35.0
ENSG00000092841,MYL6,0.7347090931868212,5587.7
ENSG00000130766,SESN2,0.7346768060836503,26.3
ENSG00000105993,DNAJB6,0.7346714378659727,307.4
ENSG00000184967,NOC4L,0.7346666666666666,31.5
ENSG00000132823,OSER1,0.7346622734761121,121.4
ENSG00000156170,NDUFAF6,0.7346086956521739,11.5
ENSG00000133606,MKRN1,0.7345835515976953,190.9
ENSG00000177200,CHD9,0.73455223880597,26.8
ENSG00000104221,BRF2,0.7345112781954888,26.6
ENSG00000033327,GAB2,0.7344444444444446,54.0
ENSG00000168275,COA6,0.7343848580441642,95.1
ENSG00000215375,MYL5,0.7342541436464088,54.3
ENSG00000188747,NOXA1,0.7341964285714286,22.4
ENSG00000107281,NPDC1,0.7341931424976407,317.9
ENSG00000169018,FEM1B,0.7341211225997045,67.7
ENSG00000140398,NEIL1,0.7340996168582375,26.1
ENSG00000177674,AGTRAP,0.734032,125.0
ENSG00000133460,SLC2A11,0.734025974025974,23.1
ENSG00000127329,PTPRB,0.7338292011019284,36.3
ENSG00000129028,THAP10,0.7338,10.0
ENSG00000243244,STON1,0.7337539432176656,31.7
ENSG00000132768,DPH2,0.733741935483871,31.0
ENSG00000186625,KATNA1,0.733729216152019,42.1
ENSG00000134287,ARF3,0.733716814159292,271.2
ENSG00000155906,RMND1,0.7337125748502993,33.4
ENSG00000139436,GIT2,0.733708260105448,56.9
ENSG00000073008,PVR,0.733615635179153,30.7
ENSG00000166532,RIMKLB,0.7335906040268455,59.6
ENSG00000126822,PLEKHG3,0.7335734870317002,69.4
ENSG00000147874,HAUS6,0.7335714285714287,22.4
ENSG00000148019,CEP78,0.7335211267605632,14.2
ENSG00000102030,NAA10,0.7334850051706308,96.7
ENSG00000124786,SLC35B3,0.7334482758620688,40.6
ENSG00000205707,ETFRF1,0.7334038800705468,113.4
ENSG00000154655,L3MBTL4,0.7333898305084746,11.8
ENSG00000160753,RUSC1,0.7333710407239821,88.4
ENSG00000065361,ERBB3,0.7333013205282113,83.3
ENSG00000140691,ARMC5,0.7332666666666668,30.0
ENSG00000165732,DDX21,0.7332461873638344,91.8
ENSG00000078902,TOLLIP,0.7331744811683321,130.1
ENSG00000120705,ETF1,0.7331625000000002,160.0
ENSG00000151746,BICD1,0.7330769230769231,18.2
ENSG00000123374,CDK2,0.733063063063063,44.4
ENSG00000138867,GUCD1,0.7330537830446674,109.7
ENSG00000213533,STIMATE,0.7330232558139536,30.1
ENSG00000205726,ITSN1,0.733013435700576,52.1
ENSG00000133657,ATP13A3,0.7329951690821255,41.4
ENSG00000139832,RAB20,0.7329818181818182,55.0
ENSG00000164180,TMEM161B,0.73296,37.5
ENSG00000154175,ABI3BP,0.7329257641921397,91.6
ENSG00000105983,LMBR1,0.7328571428571429,26.6
ENSG00000143036,SLC44A3,0.7327927927927926,33.3
ENSG00000088970,KIZ,0.7327906976744187,68.8
ENSG00000171813,PWWP2B,0.7327567567567569,37.0
ENSG00000104774,MAN2B1,0.7327249683143218,78.9
ENSG00000148229,POLE3,0.7327102803738318,107.0
ENSG00000132906,CASP9,0.7326819923371647,52.2
ENSG00000124440,HIF3A,0.7326750448833033,55.7
ENSG00000134575,ACP2,0.7326499999999999,80.0
ENSG00000146757,ZNF92,0.7326451612903226,15.5
ENSG00000105866,SP4,0.73264,12.5
ENSG00000151090,THRB,0.7325691699604743,25.3
ENSG00000163558,PRKCI,0.7325538461538461,32.5
ENSG00000067334,DNTTIP2,0.7324822695035459,14.1
ENSG00000167258,CDK12,0.7324691358024691,32.4
ENSG00000116815,CD58,0.7324680073126142,54.7
ENSG00000219481,NBPF1,0.7323624595469256,30.9
ENSG00000172409,CLP1,0.7323577235772357,24.6
ENSG00000170502,NUDT9,0.7322516556291392,90.6
ENSG00000145191,EIF2B5,0.7322244488977955,49.9
ENSG00000074842,MYDGF,0.7321886051080548,254.5
ENSG00000182108,DEXI,0.7321493775933609,120.5
ENSG00000173542,MOB1B,0.732127659574468,28.2
ENSG00000168556,ING2,0.7321230769230769,32.5
ENSG00000162733,DDR2,0.7321212121212121,56.1
ENSG00000019995,ZRANB1,0.7320958083832335,50.1
ENSG00000033170,FUT8,0.732039800995025,40.2
ENSG00000166086,JAM3,0.7319753086419751,97.2
ENSG00000072682,P4HA2,0.7319410977242302,74.7
ENSG00000131634,TMEM204,0.7319288645690836,73.1
ENSG00000176222,ZNF404,0.7319277108433737,16.6
ENSG00000176454,LPCAT4,0.7319269102990035,60.2
ENSG00000145982,FARS2,0.7319209039548024,35.4
ENSG00000162032,SPSB3,0.7318913480885313,99.4
ENSG00000111144,LTA4H,0.7318909899888765,179.8
ENSG00000203668,CHML,0.7317757009345794,10.7
ENSG00000142961,MOB3C,0.7317721518987342,47.4
ENSG00000187676,B3GLCT,0.7317647058823531,17.0
ENSG00000131351,HAUS8,0.7317647058823529,13.6
ENSG00000022840,RNF10,0.7317397260273972,292.0
ENSG00000168394,TAP1,0.7317258261933904,81.7
ENSG00000146247,PHIP,0.7317056856187292,29.9
ENSG00000108679,LGALS3BP,0.731531263292216,470.2
ENSG00000114626,ABTB1,0.7315277777777777,100.8
ENSG00000116209,TMEM59,0.7315269693441987,1030.8
ENSG00000129675,ARHGEF6,0.7315217391304347,64.4
ENSG00000182463,TSHZ2,0.7315121951219513,20.5
ENSG00000136828,RALGPS1,0.7314594594594594,37.0
ENSG00000106346,USP42,0.7314482758620692,14.5
ENSG00000102805,CLN5,0.7313782991202348,68.2
ENSG00000105677,TMEM147,0.7313592946362969,272.2
ENSG00000102781,KATNAL1,0.7312820512820513,19.5
ENSG00000198648,STK39,0.7312307692307692,65.0
ENSG00000115415,STAT1,0.731143481427531,137.3
ENSG00000168301,KCTD6,0.7311250000000001,48.0
ENSG00000099795,NDUFB7,0.7310927401172402,665.3
ENSG00000130052,STARD8,0.7310769230769231,19.5
ENSG00000281039,ENSG00000281039,0.7309963099630997,27.1
ENSG00000141084,RANBP10,0.7309352517985613,41.7
ENSG00000256771,ZNF253,0.7309289617486339,18.3
ENSG00000117335,CD46,0.730884306186648,286.1
ENSG00000197702,PARVA,0.7308641975308642,89.1
ENSG00000172716,SLFN11,0.7308205128205129,39.0
ENSG00000140463,BBS4,0.7308095238095237,42.0
ENSG00000142864,SERBP1,0.7307828843106181,315.5
ENSG00000104064,GABPB1,0.7307645259938836,32.7
ENSG00000137806,NDUFAF1,0.7307056798623064,58.1
ENSG00000234719,NPIPB2,0.7306896551724138,11.6
ENSG00000060237,WNK1,0.7306018237082067,164.5
ENSG00000137310,TCF19,0.7305785123966944,12.1
ENSG00000197912,SPG7,0.7305668016194332,49.4
ENSG00000141627,DYM,0.7305650459921155,76.1
ENSG00000125629,INSIG2,0.7305607476635515,21.4
ENSG00000101367,MAPRE1,0.7305494505494506,182.0
ENSG00000124523,SIRT5,0.7305056179775281,35.6
ENSG00000104419,NDRG1,0.7304178154825025,471.5
ENSG00000184007,PTP4A2,0.7303929747530188,455.5
ENSG00000100842,EFS,0.7303871829105472,74.9
ENSG00000072858,SIDT1,0.7303773584905661,10.6
ENSG00000198087,CD2AP,0.7303214285714285,56.0
ENSG00000196588,MRTFA,0.7302564102564102,66.3
ENSG00000119383,PTPA,0.7302413036665623,319.1
ENSG00000206527,HACD2,0.7302340093603745,64.1
ENSG00000162298,SYVN1,0.7302154398563734,111.4
ENSG00000140521,POLG,0.7301818181818182,22.0
ENSG00000131504,DIAPH1,0.7301443816698052,159.3
ENSG00000151491,EPS8,0.7300890207715132,101.1
ENSG00000171357,LURAP1,0.730081300813008,12.3
ENSG00000132740,IGHMBP2,0.7300775193798451,12.9
ENSG00000185022,MAFF,0.730039603960396,101.0
ENSG00000183621,ZNF438,0.73,23.4
ENSG00000137642,SORL1,0.7299816513761467,54.5
ENSG00000213593,TMX2,0.7299573560767589,187.6
ENSG00000157881,PANK4,0.7299053627760251,31.7
ENSG00000119139,TJP2,0.7298850574712644,113.1
ENSG00000105397,TYK2,0.729881188118812,101.0
ENSG00000181788,SIAH2,0.7298492462311558,79.6
ENSG00000059691,GATB,0.7298162729658791,38.1
ENSG00000053371,AKR7A2,0.7298144023756497,134.7
ENSG00000134815,DHX34,0.7298113207547171,21.2
ENSG00000140743,CDR2,0.7297841726618707,69.5
ENSG00000107771,CCSER2,0.7297096774193548,62.0
ENSG00000163659,TIPARP,0.7296677384780278,93.3
ENSG00000156735,BAG4,0.7296296296296295,27.0
ENSG00000130511,SSBP4,0.7295509171410501,158.1
ENSG00000162616,DNAJB4,0.7295209580838322,66.8
ENSG00000090266,NDUFB2,0.7295087023573475,907.8
ENSG00000074416,MGLL,0.7294606323620582,161.3
ENSG00000196776,CD47,0.729458948164964,264.3
ENSG00000139974,SLC38A6,0.7294472361809045,19.9
ENSG00000204463,BAG6,0.7292967581047382,200.5
ENSG00000138085,ATRAID,0.729290561381863,324.2
ENSG00000117984,CTSD,0.7292756644085462,959.5
ENSG00000001461,NIPAL3,0.7292281879194631,59.6
ENSG00000125991,ERGIC3,0.7292048929663608,523.2
ENSG00000135930,EIF4E2,0.729185082872928,144.8
ENSG00000151092,NGLY1,0.7291362763915546,52.1
ENSG00000155545,MIER3,0.7290592334494774,28.7
ENSG00000160888,IER2,0.7290265486725663,259.9
ENSG00000112977,DAP,0.7289414802065405,232.4
ENSG00000170638,TRABD,0.7289385474860336,71.6
ENSG00000096092,TMEM14A,0.7288850771869639,116.6
ENSG00000165716,DIPK1B,0.7288571428571429,42.0
ENSG00000116649,SRM,0.7288465723612625,183.8
ENSG00000005483,KMT2E,0.7288198757763976,32.2
ENSG00000135074,ADAM19,0.7287632508833923,28.3
ENSG00000101868,POLA1,0.7287499999999999,11.2
ENSG00000173011,TADA2B,0.7286363636363636,48.4
ENSG00000138495,COX17,0.7286138002059732,485.5
ENSG00000162927,PUS10,0.7285714285714286,14.0
ENSG00000115594,IL1R1,0.728546895640687,151.4
ENSG00000079462,PAFAH1B3,0.7285214626391098,62.9
ENSG00000174915,PTDSS2,0.7285209713024284,45.3
ENSG00000183605,SFXN4,0.7284476534296027,55.4
ENSG00000213639,PPP1CB,0.7284372512602814,376.9
ENSG00000198612,COPS8,0.7284210526315791,159.6
ENSG00000011198,ABHD5,0.7283733333333333,37.5
ENSG00000101199,ARFGAP1,0.7283031301482703,60.7
ENSG00000141570,CBX8,0.7282692307692308,10.4
ENSG00000134504,KCTD1,0.7282638888888888,57.6
ENSG00000131143,COX4I1,0.728256375629772,1925.3
ENSG00000101096,NFATC2,0.7281290322580645,15.5
ENSG00000115325,DOK1,0.728041237113402,19.4
ENSG00000135972,MRPS9,0.7279306608884073,92.3
ENSG00000157654,PALM2AKAP2,0.7278610206297502,92.1
ENSG00000080815,PSEN1,0.7278326996197718,78.9
ENSG00000167778,SPRYD3,0.7278059701492536,134.0
ENSG00000130811,EIF3G,0.7277454616435682,512.3
ENSG00000142937,RPS8,0.7276967262219403,5675.4
ENSG00000189079,ARID2,0.7276543209876545,24.3
ENSG00000167721,TSR1,0.727465618860511,50.9
ENSG00000148335,NTMT1,0.7273206751054851,94.8
ENSG00000144824,PHLDB2,0.7273182957393484,39.9
ENSG00000130589,HELZ2,0.7272992700729927,13.7
ENSG00000161551,ZNF577,0.727265625,25.6
ENSG00000125845,BMP2,0.7272448979591837,19.6
ENSG00000143537,ADAM15,0.7271017274472169,104.2
ENSG00000164970,FAM219A,0.7270923913043478,73.6
ENSG00000135596,MICAL1,0.7270827679782904,73.7
ENSG00000162377,COA7,0.7270526315789472,19.0
ENSG00000144218,AFF3,0.727019867549669,15.1
ENSG00000113845,TIMMDC1,0.7270152505446623,45.9
ENSG00000241404,EGFL8,0.727,32.0
ENSG00000104980,TIMM44,0.7268669527896996,69.9
ENSG00000109466,KLHL2,0.7268607068607069,48.1
ENSG00000143033,MTF2,0.7267647058823529,27.2
ENSG00000169957,ZNF768,0.7267121729237769,87.9
ENSG00000138767,CNOT6L,0.7266826923076924,41.6
ENSG00000218891,ZNF579,0.7266666666666666,32.4
ENSG00000215251,FASTKD5,0.7266031746031745,31.5
ENSG00000140199,SLC12A6,0.7265972222222221,28.8
ENSG00000169629,RGPD8,0.7265734265734265,14.3
ENSG00000121644,DESI2,0.7264717348927874,51.3
ENSG00000151575,TEX9,0.7263716814159292,11.3
ENSG00000232859,LYRM9,0.7263636363636364,72.6
ENSG00000162851,TFB2M,0.7262889518413597,35.3
ENSG00000163703,CRELD1,0.7262695924764891,31.9
ENSG00000177427,MIEF2,0.7262127659574469,23.5
ENSG00000149179,CSTPP1,0.7261764705882353,61.2
ENSG00000020181,ADGRA2,0.7261508704061894,51.7
ENSG00000197312,DDI2,0.726111111111111,25.2
ENSG00000143889,HNRNPLL,0.7260940695296523,48.9
ENSG00000060656,PTPRU,0.72609022556391,26.6
ENSG00000154229,PRKCA,0.7260790273556232,32.9
ENSG00000116406,EDEM3,0.7260289855072465,34.5
ENSG00000167323,STIM1,0.7259829059829062,105.3
ENSG00000015153,YAF2,0.7259649122807018,34.2
ENSG00000108671,PSMD11,0.7259548254620124,97.4
ENSG00000106603,COA1,0.7259114583333335,76.8
ENSG00000112357,PEX7,0.7259055118110237,25.4
ENSG00000120265,PCMT1,0.7258857696030977,206.6
ENSG00000116731,PRDM2,0.7258620689655173,75.4
ENSG00000058063,ATP11B,0.725847076461769,66.7
ENSG00000112062,MAPK14,0.7258343057176198,85.7
ENSG00000101104,PABPC1L,0.7257142857142855,11.9
ENSG00000184381,PLA2G6,0.7257021276595745,47.0
ENSG00000115091,ACTR3,0.7256737588652483,310.2
ENSG00000173905,GOLIM4,0.725653798256538,80.3
ENSG00000164897,TMUB1,0.7256461538461539,130.0
ENSG00000051596,THOC3,0.7256349206349206,100.8
ENSG00000144120,TMEM177,0.7255967078189304,24.3
ENSG00000083290,ULK2,0.7255063291139241,31.6
ENSG00000107443,CCNJ,0.7255045871559633,10.9
ENSG00000111801,BTN3A3,0.7254954954954955,44.4
ENSG00000106799,TGFBR1,0.7254666666666667,45.0
ENSG00000174953,DHX36,0.7253577981651377,54.5
ENSG00000188295,ZNF669,0.7252727272727273,11.0
ENSG00000125753,VASP,0.725226603884638,169.9
ENSG00000140104,CLBA1,0.7252212389380532,22.6
ENSG00000156050,FAM161B,0.7251578947368422,19.0
ENSG00000198431,TXNRD1,0.7251088534107403,137.8
ENSG00000110046,ATG2A,0.7250966608084358,56.9
ENSG00000155115,GTF3C6,0.7250946008306414,216.7
ENSG00000088451,TGDS,0.725053380782918,28.1
ENSG00000129315,CCNT1,0.7250359712230217,27.8
ENSG00000101004,NINL,0.7250273224043717,18.3
ENSG00000267673,FDX2,0.7250259067357513,77.2
ENSG00000163950,SLBP,0.7250139275766019,107.7
ENSG00000197852,INKA2,0.7249624060150377,13.3
ENSG00000187522,HSPA14,0.724950495049505,40.4
ENSG00000134909,ARHGAP32,0.7248813559322034,29.5
ENSG00000087460,GNAS,0.7248766522181197,3737.4
ENSG00000114790,ARHGEF26,0.7248192771084337,16.6
ENSG00000183323,CCDC125,0.7247933884297519,12.1
ENSG00000125454,SLC25A19,0.7247129909365558,33.1
ENSG00000104643,MTMR9,0.7246913580246914,16.2
ENSG00000172469,MANEA,0.7246829268292683,20.5
ENSG00000143162,CREG1,0.7246756071040231,275.9
ENSG00000118263,KLF7,0.724655737704918,30.5
ENSG00000126934,MAP2K2,0.7245364741641338,263.2
ENSG00000102595,UGGT2,0.7244635193133049,23.3
ENSG00000076513,ANKRD13A,0.724423076923077,62.4
ENSG00000109320,NFKB1,0.7244117647058823,47.6
ENSG00000166311,SMPD1,0.7243410852713178,90.3
ENSG00000068400,GRIPAP1,0.724335260115607,69.2
ENSG00000165678,GHITM,0.7242806687073228,424.7
ENSG00000198455,ZXDB,0.7242647058823529,13.6
ENSG00000114439,BBX,0.7242435424354244,54.2
ENSG00000140043,PTGR2,0.7241558441558442,30.8
ENSG00000144857,BOC,0.7241411764705882,42.5
ENSG00000204152,TIMM23B,0.7240229885057471,17.4
ENSG00000136141,LRCH1,0.7240223463687151,35.8
ENSG00000131831,RAI2,0.7239520958083834,66.8
ENSG00000164758,MED30,0.723857142857143,42.0
ENSG00000166444,DENND2B,0.7238251366120219,128.1
ENSG00000068305,MEF2A,0.7238235294117645,88.4
ENSG00000058262,SEC61A1,0.7237345679012347,259.2
ENSG00000148343,MIGA2,0.7237125748502993,16.7
ENSG00000223547,ZNF844,0.7237037037037036,10.8
ENSG00000133313,CNDP2,0.7236857419980604,309.3
ENSG00000065882,TBC1D1,0.7236416605972323,137.3
ENSG00000155189,AGPAT5,0.7236082474226804,19.4
ENSG00000188647,PTAR1,0.7235736677115989,31.9
ENSG00000276966,H4C5,0.7235514018691588,10.7
ENSG00000146386,ABRACL,0.7235384615384615,130.0
ENSG00000273136,NBPF26,0.7235369774919614,31.1
ENSG00000105355,PLIN3,0.7234221146085552,123.9
ENSG00000118900,UBN1,0.7234199134199134,46.2
ENSG00000143493,INTS7,0.7234000000000002,20.0
ENSG00000188153,COL4A5,0.723390476190476,52.5
ENSG00000175265,GOLGA8A,0.7233846153846153,19.5
ENSG00000115318,LOXL3,0.7233557046979867,14.9
ENSG00000138764,CCNG2,0.7233516053249803,127.7
ENSG00000124357,NAGK,0.7233400946585532,147.9
ENSG00000107897,ACBD5,0.7233043478260871,69.0
ENSG00000143799,PARP1,0.7232979476291578,141.3
ENSG00000136933,RABEPK,0.7232786885245902,54.9
ENSG00000171421,MRPL36,0.7232396449704142,135.2
ENSG00000165637,VDAC2,0.7231736413558039,528.1
ENSG00000100744,GSKIP,0.7229617834394905,62.8
ENSG00000153250,RBMS1,0.7229389312977099,52.4
ENSG00000110395,CBL,0.7228846153846153,20.8
ENSG00000071794,HLTF,0.7228229665071771,41.8
ENSG00000161010,MRNIP,0.7227380952380953,33.6
ENSG00000083814,ZNF671,0.7227027027027026,18.5
ENSG00000213614,HEXA,0.7226915113871637,144.9
ENSG00000197780,TAF13,0.722647385984427,89.9
ENSG00000138078,PREPL,0.7225977653631286,143.2
ENSG00000198919,DZIP3,0.7225925925925927,32.4
ENSG00000178982,EIF3K,0.7224649485912671,748.9
ENSG00000148090,AUH,0.7224190800681431,58.7
ENSG00000131873,CHSY1,0.7223234624145785,43.9
ENSG00000166595,CIAO2B,0.7223172905525846,336.6
ENSG00000189319,FAM53B,0.7222881355932204,47.2
ENSG00000107201,RIGI,0.7222222222222221,14.4
ENSG00000099998,GGT5,0.7222096774193548,124.0
ENSG00000135837,CEP350,0.7221834061135372,22.9
ENSG00000118985,ELL2,0.722154811715481,95.6
ENSG00000102007,PLP2,0.7221149674620391,368.8
ENSG00000135953,MFSD9,0.7219999999999999,11.0
ENSG00000115762,PLEKHB2,0.7219772528433945,114.3
ENSG00000102897,LYRM1,0.7219441340782125,89.5
ENSG00000120675,DNAJC15,0.721904761904762,21.0
ENSG00000099381,SETD1A,0.7218811881188119,20.2
ENSG00000177853,ZNF518A,0.7217094017094016,11.7
ENSG00000102078,SLC25A14,0.7217073170731707,16.4
ENSG00000072274,TFRC,0.7217038539553754,98.6
ENSG00000213983,AP1G2,0.7216290726817043,79.8
ENSG00000118689,FOXO3,0.7216117216117216,81.9
ENSG00000137343,ATAT1,0.7215923566878982,31.4
ENSG00000249751,ECSCR,0.7215867768595042,60.5
ENSG00000124532,MRS2,0.7215322580645162,49.6
ENSG00000077713,SLC25A43,0.721518987341772,23.7
ENSG00000136861,CDK5RAP2,0.7214516129032258,24.8
ENSG00000106330,MOSPD3,0.7214440433212999,55.4
ENSG00000055332,EIF2AK2,0.721388888888889,28.8
ENSG00000184992,BRI3BP,0.7213265306122448,19.6
ENSG00000116221,MRPL37,0.7212587412587415,157.3
ENSG00000170903,MSANTD4,0.7212377850162865,30.7
ENSG00000165626,BEND7,0.7212121212121212,23.1
ENSG00000163001,CFAP36,0.7211975377728035,178.7
ENSG00000046889,PREX2,0.721142857142857,10.5
ENSG00000171291,ZNF439,0.721125,16.0
ENSG00000145901,TNIP1,0.7210207175341081,197.9
ENSG00000112667,DNPH1,0.7210077519379844,180.6
ENSG00000167595,PROSER3,0.7209375,12.8
ENSG00000204580,DDR1,0.720931343283582,167.5
ENSG00000160256,SLX9,0.7208396946564887,52.4
ENSG00000150990,DHX37,0.7208333333333334,16.8
ENSG00000128185,DGCR6L,0.7208215488215487,148.5
ENSG00000168958,MFF,0.7208063660477454,188.5
ENSG00000071564,TCF3,0.720795892169448,77.9
ENSG00000163902,RPN1,0.7207757065544197,332.6
ENSG00000111785,RIC8B,0.7207035175879397,19.9
ENSG00000178498,DTX3,0.7206907059421026,196.9
ENSG00000163918,RFC4,0.7206632653061225,39.2
ENSG00000129667,RHBDF2,0.7206197183098589,35.5
ENSG00000130958,SLC35D2,0.7206119162640902,62.1
ENSG00000174136,RGMB,0.7206091370558376,39.4
ENSG00000204899,MZT1,0.7205945945945943,37.0
ENSG00000151892,GFRA1,0.7205333333333332,22.5
ENSG00000140988,RPS2,0.7203896279594136,4435.0
ENSG00000168734,PKIG,0.7203763837638377,271.0
ENSG00000173915,ATP5MK,0.7203545697401442,1235.3
ENSG00000128602,SMO,0.7202702702702705,29.6
ENSG00000115548,KDM3A,0.7202111613876319,66.3
ENSG00000179981,TSHZ1,0.7201719197707735,34.9
ENSG00000182552,RWDD4,0.7201629327902239,49.1
ENSG00000143751,SDE2,0.7201290322580646,31.0
ENSG00000119650,IFT43,0.720119189511323,83.9
ENSG00000114062,UBE3A,0.72009765625,102.4
ENSG00000132950,ZMYM5,0.7200913242009132,21.9
ENSG00000010244,ZNF207,0.7199911504424777,226.0
ENSG00000039560,RAI14,0.7199630314232901,54.1
ENSG00000128283,CDC42EP1,0.719949558638083,158.6
ENSG00000179965,ZNF771,0.7199137931034483,23.2
ENSG00000100580,TMED8,0.7199107142857143,22.4
ENSG00000152133,GPATCH11,0.7199090909090908,22.0
ENSG00000225697,SLC26A6,0.71985401459854,27.4
ENSG00000179431,FJX1,0.71984375,12.8
ENSG00000126088,UROD,0.7197760000000001,187.5
ENSG00000122068,FYTTD1,0.7197465437788019,86.8
ENSG00000182700,IGIP,0.7196832579185523,44.2
ENSG00000125249,RAP2A,0.7196601941747572,41.2
ENSG00000166507,NDST2,0.7196039603960395,50.5
ENSG00000116117,PARD3B,0.7195833333333336,14.4
ENSG00000134077,THUMPD3,0.7194945848375452,55.4
ENSG00000167930,FAM234A,0.719472972972973,148.0
ENSG00000099364,FBXL19,0.7194301994301995,35.1
ENSG00000162889,MAPKAPK2,0.7193996664813785,179.9
ENSG00000127528,KLF2,0.7193650793650793,138.6
ENSG00000106588,PSMA2,0.7193552719946275,297.8
ENSG00000108094,CUL2,0.7193399339933993,30.3
ENSG00000151694,ADAM17,0.7193296089385476,17.9
ENSG00000104549,SQLE,0.7193193717277488,76.4
ENSG00000120694,HSPH1,0.7193090211132439,156.3
ENSG00000186020,ZNF529,0.7192473118279569,18.6
ENSG00000172264,MACROD2,0.7192307692307693,10.4
ENSG00000103051,COG4,0.7192294807370184,59.7
ENSG00000160439,RDH13,0.7192233009708738,20.6
ENSG00000173486,FKBP2,0.7192227051904884,391.1
ENSG00000090661,CERS4,0.7192161520190024,84.2
ENSG00000221869,CEBPD,0.7191108301727772,474.6
ENSG00000159899,NPR2,0.7190476190476192,10.5
ENSG00000159352,PSMD4,0.7190468986384266,396.6
ENSG00000110851,PRDM4,0.7190430622009568,41.8
ENSG00000197121,PGAP1,0.7189999999999999,12.0
ENSG00000167642,SPINT2,0.7189846218664419,474.7
ENSG00000129566,TEP1,0.71893536121673,26.3
ENSG00000187688,TRPV2,0.7189152542372882,29.5
ENSG00000186010,NDUFA13,0.7189063103421645,1294.7
ENSG00000166130,IKBIP,0.718888888888889,25.2
ENSG00000283886,ENSG00000283886,0.718867924528302,15.9
ENSG00000138801,PAPSS1,0.7187822878228782,108.4
ENSG00000072501,SMC1A,0.718743068391867,54.1
ENSG00000113615,SEC24A,0.7186996904024767,32.3
ENSG00000143870,PDIA6,0.7186842105263157,395.2
ENSG00000116273,PHF13,0.7185454545454546,33.0
ENSG00000108963,DPH1,0.7185401459854015,54.8
ENSG00000058091,CDK14,0.7184952978056426,31.9
ENSG00000105771,SMG9,0.7184905660377359,31.8
ENSG00000175866,BAIAP2,0.7184882842025699,132.3
ENSG00000170037,CNTROB,0.7184737678855326,62.9
ENSG00000185504,FAAP100,0.7184166666666667,48.0
ENSG00000145882,PCYOX1L,0.7184146341463414,16.4
ENSG00000171806,METTL18,0.7183809523809522,21.0
ENSG00000137876,RSL24D1,0.7183126110124334,225.2
ENSG00000047634,SCML1,0.7182456140350877,28.5
ENSG00000134686,PHC2,0.7182225845902974,245.3
ENSG00000196693,ZNF33B,0.7181761006289308,31.8
ENSG00000204389,HSPA1A,0.7181668686169291,1155.4
ENSG00000102221,JADE3,0.7181333333333332,15.0
ENSG00000140948,ZCCHC14,0.7181268882175226,33.1
ENSG00000124942,AHNAK,0.7180892122745968,316.1
ENSG00000172594,SMPDL3A,0.7180748663101605,74.8
ENSG00000164171,ITGA2,0.7180124223602483,16.1
ENSG00000100139,MICALL1,0.7179274611398963,38.6
ENSG00000153113,CAST,0.7179261099037565,322.1
ENSG00000072201,LNX1,0.7178947368421054,22.8
ENSG00000284981,UPK3BL2,0.7178666666666667,37.5
ENSG00000071242,RPS6KA2,0.7178453038674033,72.4
ENSG00000168807,SNTB2,0.7178,20.0
ENSG00000166340,TPP1,0.7177932636469222,172.2
ENSG00000106803,SEC61B,0.7177289237239535,523.1
ENSG00000160208,RRP1B,0.7177186311787074,26.3
ENSG00000165406,MARCHF8,0.7176779026217228,53.4
ENSG00000166377,ATP9B,0.7176678445229682,28.3
ENSG00000104093,DMXL2,0.7176543209876542,16.2
ENSG00000132716,DCAF8,0.7175825242718445,206.0
ENSG00000146278,PNRC1,0.7175302913121938,387.9
ENSG00000168653,NDUFS5,0.7175009719306431,1286.1
ENSG00000144029,MRPS5,0.7174904942965779,26.3
ENSG00000151806,GUF1,0.7174842767295598,15.9
ENSG00000171160,MORN4,0.7174344023323616,34.3
ENSG00000100372,SLC25A17,0.7173202614379087,30.6
ENSG00000107731,UNC5B,0.717175572519084,26.2
ENSG00000114982,KANSL3,0.7171608832807571,31.7
ENSG00000167962,ZNF598,0.7171428571428572,16.8
ENSG00000251247,ZNF345,0.7171014492753623,13.8
ENSG00000080503,SMARCA2,0.7170840681951793,170.1
ENSG00000065665,SEC61A2,0.7170793650793651,31.5
ENSG00000221838,AP4M1,0.7170684039087948,30.7
ENSG00000013523,ANGEL1,0.7170204081632653,49.0
ENSG00000167291,TBC1D16,0.7168571428571429,35.0
ENSG00000132274,TRIM22,0.716831683168317,111.1
ENSG00000226479,TMEM185B,0.7168032786885246,24.4
ENSG00000183828,NUDT14,0.7167530224525042,57.9
ENSG00000177169,ULK1,0.7167272727272728,77.0
ENSG00000105516,DBP,0.7165807327001356,73.7
ENSG00000138660,AP1AR,0.7165714285714286,38.5
ENSG00000163297,ANTXR2,0.7164956437560503,103.3
ENSG00000120742,SERP1,0.7164325244785015,234.9
ENSG00000082512,TRAF5,0.7163898916967508,27.7
ENSG00000174405,LIG4,0.7163786008230452,24.3
ENSG00000170871,KIAA0232,0.7163522012578618,47.7
ENSG00000205923,CEMP1,0.7162814070351758,19.9
ENSG00000244509,APOBEC3C,0.7162460567823343,63.4
ENSG00000163694,RBM47,0.7161741835147744,64.3
ENSG00000109680,TBC1D19,0.7161728395061729,16.2
ENSG00000147526,TACC1,0.7160171306209849,140.1
ENSG00000172375,C2CD2L,0.7159788359788359,37.8
ENSG00000144468,RHBDD1,0.7159312320916906,34.9
ENSG00000221988,PPT2,0.7159101123595506,44.5
ENSG00000118162,KPTN,0.7158510638297872,18.8
ENSG00000100600,LGMN,0.7158489033306255,246.2
ENSG00000100221,JOSD1,0.715834319526627,84.5
ENSG00000112578,BYSL,0.7157246376811596,27.6
ENSG00000138119,MYOF,0.7157241379310345,58.0
ENSG00000188690,UROS,0.7157010915197313,119.1
ENSG00000124782,RREB1,0.7156313993174063,29.3
ENSG00000164877,MICALL2,0.7155191256830601,18.3
ENSG00000080345,RIF1,0.7155121951219513,20.5
ENSG00000136279,DBNL,0.7153698135898979,166.3
ENSG00000051108,HERPUD1,0.7153235790658414,355.4
ENSG00000099821,POLRMT,0.715288753799392,65.8
ENSG00000135334,AKIRIN2,0.7152803738317758,85.6
ENSG00000013288,MAN2B2,0.7151129363449694,48.7
ENSG00000100485,SOS2,0.7150588235294117,59.5
ENSG00000101751,POLI,0.7149859154929579,35.5
ENSG00000166387,PPFIBP2,0.7149201277955274,62.6
ENSG00000167186,COQ7,0.7148717948717949,42.9
ENSG00000068796,KIF2A,0.7148583877995643,45.9
ENSG00000273841,TAF9,0.7145908028059235,128.3
ENSG00000173041,ZNF680,0.7145299145299144,23.4
ENSG00000157224,CLDN12,0.7144855967078191,48.6
ENSG00000109861,CTSC,0.7144569871545349,256.9
ENSG00000137055,PLAA,0.714442105263158,47.5
ENSG00000146112,PPP1R18,0.7144279946164198,74.3
ENSG00000120896,SORBS3,0.7143760399334441,240.4
ENSG00000067365,METTL22,0.7143718592964824,19.9
ENSG00000078061,ARAF,0.71433046202036,127.7
ENSG00000110315,RNF141,0.7141863075196409,89.1
ENSG00000143149,ALDH9A1,0.7141708088567555,221.3
ENSG00000105197,TIMM50,0.7139983511953832,121.3
ENSG00000112893,MAN2A1,0.713954659949622,39.7
ENSG00000127337,YEATS4,0.7139351851851852,43.2
ENSG00000100320,RBFOX2,0.7138779956427014,91.8
ENSG00000133935,ERG28,0.7138181818181818,66.0
ENSG00000196730,DAPK1,0.7137582417582418,45.5
ENSG00000158987,RAPGEF6,0.7137560975609756,20.5
ENSG00000128739,SNRPN,0.7136981072053443,628.7
ENSG00000136718,IMP4,0.7136114421930871,83.9
ENSG00000168159,RNF187,0.7135955940204564,127.1
ENSG00000139168,ZCRB1,0.7135861684327942,179.3
ENSG00000196275,GTF2IRD2,0.7135664335664335,28.6
ENSG00000111615,KRR1,0.7135265700483092,41.4
ENSG00000169905,TOR1AIP2,0.7134693877551019,39.2
ENSG00000089327,FXYD5,0.7134668721109398,259.6
ENSG00000149177,PTPRJ,0.7134090909090908,26.4
ENSG00000226742,HSBP1L1,0.7133333333333333,39.0
ENSG00000167508,MVD,0.7133253301320527,83.3
ENSG00000143801,PSEN2,0.7132551319648095,34.1
ENSG00000186106,ANKRD46,0.7132418524871355,58.3
ENSG00000111554,MDM1,0.7132061068702291,26.2
ENSG00000139722,VPS37B,0.7131693198263386,69.1
ENSG00000139725,RHOF,0.7131543624161074,44.7
ENSG00000198420,TCAF1,0.7131233595800525,76.2
ENSG00000168803,ADAL,0.7131221719457013,22.1
ENSG00000144645,OSBPL10,0.7131147540983607,24.4
ENSG00000184678,H2BC21,0.7130960086299892,92.7
ENSG00000228049,POLR2J2,0.7129999999999999,10.0
ENSG00000132664,POLR3F,0.7129880478087651,25.1
ENSG00000135999,EPC2,0.7129535864978904,47.4
ENSG00000169696,ASPSCR1,0.7129510961214165,59.3
ENSG00000197956,S100A6,0.7129165086658784,4483.1
ENSG00000182544,MFSD5,0.7128619528619528,59.4
ENSG00000122970,IFT81,0.7128187919463087,29.8
ENSG00000165097,KDM1B,0.7126848249027239,25.7
ENSG00000100380,ST13,0.7126743688489515,467.4
ENSG00000171823,FBXL14,0.7125748502994013,16.7
ENSG00000172795,DCP2,0.7125748502994013,16.7
ENSG00000139163,ETNK1,0.712564705882353,42.5
ENSG00000078070,MCCC1,0.7124817518248174,54.8
ENSG00000132434,LANCL2,0.7124444444444445,22.5
ENSG00000181754,AMIGO1,0.712442396313364,21.7
ENSG00000165240,ATP7A,0.7124137931034482,11.6
ENSG00000135913,USP37,0.7123728813559324,11.8
ENSG00000003400,CASP10,0.7123300970873785,20.6
ENSG00000164169,PRMT9,0.7122123893805312,11.3
ENSG00000148429,USP6NL,0.7122077922077922,23.1
ENSG00000110987,BCL7A,0.7121739130434781,23.0
ENSG00000088280,ASAP3,0.7121708185053381,56.2
ENSG00000133106,EPSTI1,0.7121630094043888,31.9
ENSG00000149089,APIP,0.7121626016260163,61.5
ENSG00000176014,TUBB6,0.7121157323688969,221.2
ENSG00000197619,ZNF615,0.7120731707317073,16.4
ENSG00000110721,CHKA,0.7120567375886526,70.5
ENSG00000103326,CAPN15,0.7120489296636086,32.7
ENSG00000006756,ARSD,0.7119786096256685,37.4
ENSG00000117395,EBNA1BP2,0.7119774011299436,123.9
ENSG00000138380,CARF,0.7119402985074627,20.1
ENSG00000154359,LONRF1,0.711937984496124,25.8
ENSG00000134874,DZIP1,0.711851851851852,16.2
ENSG00000185414,MRPL30,0.7118367346938776,19.6
ENSG00000197879,MYO1C,0.711811320754717,159.0
ENSG00000075336,TIMM21,0.7117647058823531,47.6
ENSG00000169016,E2F6,0.7117647058823529,13.6
ENSG00000269335,IKBKG,0.711584,62.5
ENSG00000133983,COX16,0.711501272264631,78.6
ENSG00000112320,SOBP,0.7114130434782608,18.4
ENSG00000258311,ENSG00000258311,0.7113698630136984,14.6
ENSG00000087263,OGFOD1,0.7112925170068027,29.4
ENSG00000023608,SNAPC1,0.711290322580645,18.6
ENSG00000153551,CMTM7,0.7111801242236025,48.3
ENSG00000031081,ARHGAP31,0.7110382513661204,18.3
ENSG00000127399,LRRC61,0.7110169491525421,23.6
ENSG00000213123,DYNLT2B,0.7110000000000001,34.0
ENSG00000075624,ACTB,0.7109757207164066,8352.8
ENSG00000153922,CHD1,0.7108620689655172,11.6
ENSG00000054965,FAM168A,0.7108231173380034,57.1
ENSG00000075618,FSCN1,0.7108180708180708,81.9
ENSG00000179820,MYADM,0.7107611798287344,210.2
ENSG00000093000,NUP50,0.7107421875,51.2
ENSG00000138172,CALHM2,0.7107352941176471,54.4
ENSG00000241343,RPL36A,0.7106293222683265,2024.4
ENSG00000182180,MRPS16,0.7106027397260274,73.0
ENSG00000100097,LGALS1,0.7104050268150164,2498.6
ENSG00000100129,EIF3L,0.7103979011805858,228.7
ENSG00000160447,PKN3,0.7103896103896105,15.4
ENSG00000012048,BRCA1,0.710387596899225,12.9
ENSG00000102038,SMARCA1,0.7103364737550472,74.3
ENSG00000124172,ATP5F1E,0.7103288888888889,225.0
ENSG00000054179,ENTPD2,0.7102608695652175,11.5
ENSG00000115183,TANC1,0.7102415458937198,20.7
ENSG00000174851,YIF1A,0.7101845522898155,146.3
ENSG00000141101,NOB1,0.710138888888889,86.4
ENSG00000117114,ADGRL2,0.7101289134438304,54.3
ENSG00000161048,NAPEPLD,0.7100719424460431,13.9
ENSG00000139926,FRMD6,0.7100523560209424,57.3
ENSG00000103365,GGA2,0.7100488997555011,81.8
ENSG00000172428,COPS9,0.7100402839056206,521.3
ENSG00000178035,IMPDH2,0.7100303541315346,296.5
ENSG00000159055,MIS18A,0.7100000000000003,20.0
ENSG00000141219,C17orf80,0.71,37.0
ENSG00000139637,MYG1,0.7099883313885649,85.7
ENSG00000121797,CCRL2,0.7099145299145297,11.7
ENSG00000005022,SLC25A5,0.7099080723929907,696.2
ENSG00000122912,SLC25A16,0.7099065420560748,10.7
ENSG00000107140,TESK1,0.7098872785829308,62.1
ENSG00000114450,GNB4,0.7097500000000001,32.0
ENSG00000125835,SNRPB,0.709686299615877,312.4
ENSG00000213977,TAX1BP3,0.7096533923303835,271.2
ENSG00000197157,SND1,0.7096353855349672,167.3
ENSG00000013573,DDX11,0.7096000000000001,27.5
ENSG00000105968,H2AZ2,0.709570757880617,298.2
ENSG00000142459,EVI5L,0.7095169082125604,41.4
ENSG00000135297,MTO1,0.7094545454545457,16.5
ENSG00000166405,RIC3,0.7094011976047904,33.4
ENSG00000147416,ATP6V1B2,0.7093593593593595,199.8
ENSG00000239697,TNFSF12,0.7093567251461986,102.6
ENSG00000116991,SIPA1L2,0.7093181818181817,26.4
ENSG00000163214,DHX57,0.7092307692307692,22.1
ENSG00000105245,NUMBL,0.709182763744428,67.3
ENSG00000176973,FAM89B,0.7091307752545029,127.7
ENSG00000151366,NDUFC2,0.7091294838145232,457.2
ENSG00000164300,SERINC5,0.7090352941176472,42.5
ENSG00000130363,RSPH3,0.709032258064516,12.4
ENSG00000160271,RALGDS,0.7089282202556539,101.7
ENSG00000108946,PRKAR1A,0.7088423841059601,377.5
ENSG00000197885,NKIRAS1,0.7088412017167383,46.6
ENSG00000170448,NFXL1,0.7088372093023257,12.9
ENSG00000181274,FRAT2,0.7088356164383562,29.2
ENSG00000113269,RNF130,0.7088200238379023,167.8
ENSG00000102144,PGK1,0.708793388429752,423.5
ENSG00000106266,SNX8,0.7087837837837837,29.6
ENSG00000092621,PHGDH,0.7087360594795539,161.4
ENSG00000128590,DNAJB9,0.7086185567010308,97.0
ENSG00000173402,DAG1,0.7085957446808512,94.0
ENSG00000259494,MRPL46,0.7085316455696202,79.0
ENSG00000119906,SLF2,0.7084531590413943,45.9
ENSG00000061273,HDAC7,0.7084522207267833,74.3
ENSG00000179094,PER1,0.708444666001994,200.6
ENSG00000204351,SKIC2,0.708390596745027,55.3
ENSG00000088881,EBF4,0.7082442748091604,26.2
ENSG00000112031,MTRF1L,0.7081951219512195,20.5
ENSG00000087008,ACOX3,0.7081746031746033,25.2
ENSG00000170242,USP47,0.7080722891566267,49.8
ENSG00000198517,MAFK,0.7079786096256684,93.5
ENSG00000110446,SLC15A3,0.7079399141630901,46.6
ENSG00000101152,DNAJC5,0.7078638941398867,52.9
ENSG00000179335,CLK3,0.7078286852589641,100.4
ENSG00000150787,PTS,0.7077742946708463,63.8
ENSG00000011258,MBTD1,0.7076793248945148,23.7
ENSG00000152284,TCF7L1,0.70765,40.0
ENSG00000182372,CLN8,0.7076288659793815,19.4
ENSG00000165688,PMPCA,0.7076131687242798,97.2
ENSG00000113595,TRIM23,0.7075276752767528,27.1
ENSG00000144724,PTPRG,0.7075200000000003,25.0
ENSG00000149633,KIAA1755,0.7075138121546962,18.1
ENSG00000137871,ZNF280D,0.7074850299401197,33.4
ENSG00000197555,SIPA1L1,0.7074801061007959,37.7
ENSG00000092020,PPP2R3C,0.707473841554559,66.9
ENSG00000061938,TNK2,0.7074249605055292,126.6
ENSG00000136270,TBRG4,0.7074221668742218,80.3
ENSG00000068366,ACSL4,0.7074193548387098,62.0
ENSG00000154845,PPP4R1,0.7073185185185186,67.5
ENSG00000121060,TRIM25,0.7072967032967032,45.5
ENSG00000090238,YPEL3,0.7072615161407327,275.7
ENSG00000205730,ITPRIPL2,0.7072549019607844,20.4
ENSG00000198093,ZNF649,0.7072361809045227,19.9
ENSG00000090263,MRPS33,0.7071867321867322,162.8
ENSG00000143554,SLC27A3,0.7071727748691099,38.2
ENSG00000185404,SP140L,0.7071200000000001,25.0
ENSG00000141232,TOB1,0.707079556898288,198.6
ENSG00000157350,ST3GAL2,0.7070748299319729,14.7
ENSG00000166068,SPRED1,0.7070344827586206,29.0
ENSG00000141076,UTP4,0.7070099667774086,60.2
ENSG00000104765,BNIP3L,0.7069895432030819,181.7
ENSG00000156453,PCDH1,0.7069478908188586,40.3
ENSG00000176853,FAM91A1,0.7069458128078817,40.6
ENSG00000104524,PYCR3,0.7069333333333334,15.0
ENSG00000114573,ATP6V1A,0.706889400921659,86.8
ENSG00000140854,KATNB1,0.7068181818181819,44.0
ENSG00000205189,ZBTB10,0.7067857142857145,22.4
ENSG00000158769,F11R,0.7067349260523323,87.9
ENSG00000105738,SIPA1L3,0.7067052023121388,17.3
ENSG00000107560,RAB11FIP2,0.7066914498141262,26.9
ENSG00000110274,CEP164,0.7066129032258065,24.8
ENSG00000148219,ASTN2,0.7066101694915254,23.6
ENSG00000100281,HMGXB4,0.706606334841629,22.1
ENSG00000100596,SPTLC2,0.7065993265993267,29.7
ENSG00000140044,JDP2,0.7064690026954179,74.2
ENSG00000152601,MBNL1,0.7064366515837105,176.8
ENSG00000198964,SGMS1,0.7063855421686747,49.8
ENSG00000079691,CARMIL1,0.706375,16.0
ENSG00000167862,MRPL58,0.7063324538258575,75.8
ENSG00000165813,CCDC186,0.7063192182410425,30.7
ENSG00000012211,PRICKLE3,0.7063087248322146,14.9
ENSG00000150991,UBC,0.7062700955513341,3526.9
ENSG00000089177,KIF16B,0.7061818181818181,27.5
ENSG00000125124,BBS2,0.706150234741784,42.6
ENSG00000107338,SHB,0.7061363636363636,17.6
ENSG00000172081,MOB3A,0.7061200585651535,68.3
ENSG00000152242,C18orf25,0.7060795454545454,35.2
ENSG00000166855,CLPX,0.7060586319218242,30.7
ENSG00000177119,ANO6,0.7059679408138101,81.1
ENSG00000115233,PSMD14,0.7059178541492035,119.3
ENSG00000117625,RCOR3,0.7059121621621621,59.2
ENSG00000180190,TDRP,0.705906432748538,34.2
ENSG00000159147,DONSON,0.7058585858585857,19.8
ENSG00000181744,DIPK2A,0.7058263305322129,35.7
ENSG00000025796,SEC63,0.7057650273224044,73.2
ENSG00000102125,TAFAZZIN,0.7057478991596637,59.5
ENSG00000121989,ACVR2A,0.7057458563535913,18.1
ENSG00000172638,EFEMP2,0.7057378984651712,84.7
ENSG00000022976,ZNF839,0.7057046979865771,29.8
ENSG00000189241,TSPYL1,0.7055947955390333,107.6
ENSG00000143575,HAX1,0.705499362515937,235.3
ENSG00000214290,POU2AF3,0.7054716981132075,21.2
ENSG00000140264,SERF2,0.705425315048184,2158.4
ENSG00000135698,MPHOSPH6,0.7054197349042711,67.9
ENSG00000186566,GPATCH8,0.7053798767967144,48.7
ENSG00000183978,COA3,0.7053669552126458,265.7
ENSG00000163029,SMC6,0.7053495440729485,32.9
ENSG00000259112,NDUFC2-KCTD14,0.7053164556962025,15.8
ENSG00000169230,PRELID1,0.7052771450265756,263.4
ENSG00000061918,GUCY1B1,0.7052320675105486,47.4
ENSG00000123739,PLA2G12A,0.7051704545454546,35.2
ENSG00000085117,CD82,0.7051622418879055,135.6
ENSG00000111647,BLTP3B,0.7051612903225807,31.0
ENSG00000071894,CPSF1,0.7051017214397496,127.8
ENSG00000149636,DSN1,0.7050678733031674,22.1
ENSG00000179051,RCC2,0.70503937007874,63.5
ENSG00000165916,PSMC3,0.704873949579832,285.6
ENSG00000116857,TMEM9,0.7048484848484847,184.8
ENSG00000157106,SMG1,0.7048192771084336,49.8
ENSG00000204371,EHMT2,0.7047445255474453,27.4
ENSG00000144136,SLC20A1,0.7047443181818182,70.4
ENSG00000102409,BEX4,0.7046951004582306,283.7
ENSG00000171055,FEZ2,0.704666001994018,100.3
ENSG00000233276,GPX1,0.704524843222383,621.9
ENSG00000107829,FBXW4,0.7044918998527245,135.8
ENSG00000166575,TMEM135,0.704326530612245,24.5
ENSG00000243789,JMJD7,0.7042514970059881,33.4
ENSG00000007545,CRAMP1,0.7042142857142858,28.0
ENSG00000085644,ZNF213,0.7041772151898735,15.8
ENSG00000115942,ORC2,0.7041025641025641,19.5
ENSG00000132793,LPIN3,0.7040409207161126,39.1
ENSG00000115392,FANCL,0.704029484029484,40.7
ENSG00000265590,CFAP298-TCP10L,0.7039552238805971,26.8
ENSG00000074054,CLASP1,0.7039429928741092,42.1
ENSG00000177374,HIC1,0.7038783269961978,26.3
ENSG00000197081,IGF2R,0.7038127090301002,29.9
ENSG00000119900,OGFRL1,0.703655462184874,47.6
ENSG00000154310,TNIK,0.7036199095022624,22.1
ENSG00000198937,CCDC167,0.7036018957345971,84.4
ENSG00000147224,PRPS1,0.703595744680851,94.0
ENSG00000173064,HECTD4,0.7035555555555557,13.5
ENSG00000146414,SHPRH,0.7034666666666667,15.0
ENSG00000160408,ST6GALNAC6,0.7034143646408839,181.0
ENSG00000185608,MRPL40,0.7033555420956996,165.1
ENSG00000121671,CRY2,0.7033149171270717,90.5
ENSG00000113552,GNPDA1,0.7032865168539325,71.2
ENSG00000198668,CALM1,0.7032695984703633,836.8
ENSG00000133121,STARD13,0.7032061068702291,26.2
ENSG00000168872,DDX19A,0.7031858407079646,56.5
ENSG00000138279,ANXA7,0.7031421006178288,226.6
ENSG00000173418,NAA20,0.7031141868512111,173.4
ENSG00000161677,JOSD2,0.7031065989847716,98.5
ENSG00000128050,PAICS,0.7031024390243901,102.5
ENSG00000077147,TM9SF3,0.7030254041570438,173.2
ENSG00000068383,INPP5A,0.7029797979797979,79.2
ENSG00000091732,ZC3HC1,0.7028664495114006,30.7
ENSG00000148158,SNX30,0.7027860696517412,20.1
ENSG00000100196,KDELR3,0.7026666666666668,33.0
ENSG00000145945,FAM50B,0.7026578073089701,30.1
ENSG00000186660,ZFP91,0.7026237623762377,80.8
ENSG00000143390,RFX5,0.7025595238095237,67.2
ENSG00000134056,MRPS36,0.7025039619651348,63.1
ENSG00000109332,UBE2D3,0.7024407530454043,451.5
ENSG00000165006,UBAP1,0.7024335213537469,124.1
ENSG00000158301,GPRASP2,0.7024137931034482,29.0
ENSG00000197016,ZNF470,0.7022807017543861,11.4
ENSG00000164898,FMC1,0.7022777777777779,36.0
ENSG00000104687,GSR,0.7022509702457955,77.3
ENSG00000204237,OXLD1,0.7022299651567944,28.7
ENSG00000124207,CSE1L,0.7020975609756096,82.0
ENSG00000175115,PACS1,0.7020823798627002,87.4
ENSG00000165280,VCP,0.7020787083753784,198.2
ENSG00000051382,PIK3CB,0.701930693069307,40.4
ENSG00000135829,DHX9,0.7019193548387096,124.0
ENSG00000099814,CEP170B,0.7018843683083513,46.7
ENSG00000241852,C8orf58,0.701877551020408,24.5
ENSG00000079337,RAPGEF3,0.701852731591449,42.1
ENSG00000141562,NARF,0.7018348623853211,54.5
ENSG00000095015,MAP3K1,0.7017670682730922,24.9
ENSG00000120860,WASHC3,0.7016945606694561,95.6
ENSG00000113742,CPEB4,0.7016260162601625,73.8
ENSG00000107719,PALD1,0.7016129032258065,18.6
ENSG00000071967,CYBRD1,0.7014909090909092,220.0
ENSG00000105855,ITGB8,0.7014851485148514,20.2
ENSG00000187535,IFT140,0.7014545454545454,22.0
ENSG00000111321,LTBR,0.7013973799126637,137.4
ENSG00000157557,ETS2,0.7013411078717199,274.4
ENSG00000136877,FPGS,0.7013190184049081,65.2
ENSG00000140943,MBTPS1,0.7013121272365805,100.6
ENSG00000101224,CDC25B,0.7011954022988506,87.0
ENSG00000187091,PLCD1,0.7011834319526626,33.8
ENSG00000184209,SNRNP35,0.7010991957104556,74.6
ENSG00000143324,XPR1,0.7009893992932861,28.3
ENSG00000143514,TP53BP2,0.7009787234042552,47.0
ENSG00000136026,CKAP4,0.7009684210526317,95.0
ENSG00000110713,NUP98,0.7008605341246291,67.4
ENSG00000175745,NR2F1,0.7007908163265307,78.4
ENSG00000131368,MRPS25,0.7007547169811323,63.6
ENSG00000166889,PATL1,0.7007476635514018,53.5
ENSG00000174306,ZHX3,0.7006769230769231,32.5
ENSG00000198876,DCAF12,0.7006174957118355,58.3
ENSG00000183853,KIRREL1,0.7005653710247348,28.3
ENSG00000132002,DNAJB1,0.7005165382872679,441.4
ENSG00000130150,MOSPD2,0.7005128205128205,27.3
ENSG00000125871,MGME1,0.7004953560371517,32.3
ENSG00000054148,PHPT1,0.7004810495626823,411.6
ENSG00000033050,ABCF2,0.7004687499999999,38.4
ENSG00000188227,ZNF793,0.7004444444444445,13.5
ENSG00000141258,SGSM2,0.7004127579737335,106.6
ENSG00000149257,SERPINH1,0.7004064352243863,236.2
ENSG00000124370,MCEE,0.7003993855606758,65.1
ENSG00000121741,ZMYM2,0.7002603036876357,46.1
ENSG00000002549,LAP3,0.7001910112359551,178.0
ENSG00000106571,GLI3,0.7001538461538463,13.0
ENSG00000121022,COPS5,0.7000522534291314,153.1
ENSG00000004777,ARHGAP33,0.700051948051948,38.5
ENSG00000174428,GTF2IRD2B,0.7,34.3
ENSG00000198246,SLC29A3,0.7,10.5
ENSG00000165389,SPTSSA,0.6999403874813711,67.1
ENSG00000103932,RPAP1,0.6998850574712643,17.4
ENSG00000179526,SHARPIN,0.6998287345385347,105.1
ENSG00000108582,CPD,0.6997765363128492,53.7
ENSG00000113719,ERGIC1,0.6997765363128491,71.6
ENSG00000198105,ZNF248,0.6997306397306395,29.7
ENSG00000048052,HDAC9,0.6996624472573839,23.7
ENSG00000160446,ZDHHC12,0.6995341098169716,60.1
ENSG00000118096,IFT46,0.6995238095238094,67.2
ENSG00000138061,CYP1B1,0.6994326241134752,42.3
ENSG00000153989,NUS1,0.6991534391534393,56.7
ENSG00000142546,NOSIP,0.6991297935103244,135.6
ENSG00000073712,FERMT2,0.6991190640055058,145.3
ENSG00000124762,CDKN1A,0.6991163475699558,339.5
ENSG00000144647,POMGNT2,0.6991099476439789,38.2
ENSG00000184220,CMSS1,0.6990895295902884,65.9
ENSG00000205339,IPO7,0.6990558766859344,103.8
ENSG00000048544,MRPS10,0.6990116279069767,68.8
ENSG00000165609,NUDT5,0.698987951807229,83.0
ENSG00000103335,PIEZO1,0.6989726775956285,91.5
ENSG00000182158,CREB3L2,0.6989456342668862,60.7
ENSG00000106261,ZKSCAN1,0.6989221556886228,50.1
ENSG00000119203,CPSF3,0.6989075630252102,47.6
ENSG00000138073,PREB,0.6988905325443787,135.2
ENSG00000177706,FAM20C,0.698871473354232,31.9
ENSG00000198399,ITSN2,0.6987608069164266,69.4
ENSG00000264364,DYNLL2,0.6987605633802816,106.5
ENSG00000274512,TBC1D3L,0.698694885361552,56.7
ENSG00000167363,FN3K,0.6986930091185409,65.8
ENSG00000157637,SLC38A10,0.6986788154897495,87.8
ENSG00000130733,YIPF2,0.6986443825441039,107.7
ENSG00000005075,POLR2J,0.6986225306994126,187.3
ENSG00000164211,STARD4,0.69859375,38.4
ENSG00000154803,FLCN,0.6985560675883257,65.1
ENSG00000166987,MBD6,0.6985228377065112,102.9
ENSG00000139631,CSAD,0.6984632034632036,92.4
ENSG00000196411,EPHB4,0.698436944937833,56.3
ENSG00000186184,POLR1D,0.6984217687074828,294.0
ENSG00000088367,EPB41L1,0.6983289817232377,114.9
ENSG00000111229,ARPC3,0.6982806297056812,730.5
ENSG00000185973,TMLHE,0.6982692307692308,31.2
ENSG00000118960,HS1BP3,0.6981682242990653,53.5
ENSG00000107789,MINPP1,0.6981569965870307,29.3
ENSG00000113648,MACROH2A1,0.698145814581458,222.2
ENSG00000142089,IFITM3,0.6980910740311117,3362.1
ENSG00000188559,RALGAPA2,0.697987421383648,31.8
ENSG00000106086,PLEKHA8,0.6979816513761467,10.9
ENSG00000286219,NOTCH2NLC,0.6978846153846153,10.4
ENSG00000171097,KYAT1,0.6978536585365853,20.5
ENSG00000156411,ATP5MJ,0.697705763211195,543.1
ENSG00000101460,MAP1LC3A,0.6976258992805756,222.4
ENSG00000213339,QTRT1,0.6976161616161616,49.5
ENSG00000188186,LAMTOR4,0.6974909478168263,469.5
ENSG00000108788,MLX,0.6974689826302729,80.6
ENSG00000172922,RNASEH2C,0.6974647887323944,42.6
ENSG00000130255,RPL36,0.697443491816056,2566.0
ENSG00000174886,NDUFA11,0.6972120253164558,632.0
ENSG00000110880,CORO1C,0.6972093023255814,133.3
ENSG00000156515,HK1,0.6971584104518236,183.7
ENSG00000123416,TUBA1B,0.6971274586065117,1799.8
ENSG00000181444,ZNF467,0.6971162790697673,21.5
ENSG00000105559,PLEKHA4,0.6971091445427728,33.9
ENSG00000099256,PRTFDC1,0.6970501474926255,33.9
ENSG00000013375,PGM3,0.6970388349514564,41.2
ENSG00000087152,ATXN7L3,0.6970314192849402,92.3
ENSG00000100647,SUSD6,0.697007874015748,63.5
ENSG00000105821,DNAJC2,0.696969696969697,39.6
ENSG00000104689,TNFRSF10A,0.6969465648854961,13.1
ENSG00000168067,MAP4K2,0.6969398907103826,18.3
ENSG00000069020,MAST4,0.6969175627240144,27.9
ENSG00000166260,COX11,0.6968707482993196,29.4
ENSG00000168175,MAPK1IP1L,0.6967938931297709,78.6
ENSG00000164327,RICTOR,0.6967901234567901,24.3
ENSG00000248098,BCKDHA,0.6967673469387755,122.5
ENSG00000211643,IGLV5-52,0.696753507014028,49.9
ENSG00000089351,GRAMD1A,0.6966972477064222,87.2
ENSG00000080845,DLGAP4,0.6966907630522088,124.5
ENSG00000120833,SOCS2,0.696689342403628,88.2
ENSG00000106733,NMRK1,0.6966832504145938,60.3
ENSG00000066422,ZBTB11,0.6966666666666665,15.0
ENSG00000075407,ZNF37A,0.6966013071895424,15.3
ENSG00000115170,ACVR1,0.6965034965034965,28.6
ENSG00000186088,GSAP,0.6964571428571429,17.5
ENSG00000241468,ATP5MF,0.6964256459900215,1342.9
ENSG00000148516,ZEB1,0.6962477876106193,56.5
ENSG00000080573,COL5A3,0.6962416107382552,44.7
ENSG00000093010,COMT,0.6962238805970149,268.0
ENSG00000198793,MTOR,0.6961951219512195,20.5
ENSG00000119699,TGFB3,0.6961923076923077,52.0
ENSG00000134278,SPIRE1,0.6961146496815287,31.4
ENSG00000156531,PHF6,0.6960645161290323,31.0
ENSG00000090776,EFNB1,0.696039603960396,50.5
ENSG00000167716,WDR81,0.696038338658147,31.3
ENSG00000185104,FAF1,0.6960294117647059,13.6
ENSG00000146066,HIGD2A,0.6959367626238793,423.8
ENSG00000114446,IFT57,0.6959360730593608,43.8
ENSG00000156345,CDK20,0.6959090909090909,17.6
ENSG00000204138,PHACTR4,0.6957928802588996,30.9
ENSG00000166747,AP1G1,0.6957821229050279,71.6
ENSG00000076604,TRAF4,0.6957388316151204,58.2
ENSG00000180573,H2AC6,0.695693215339233,33.9
ENSG00000155744,HYCC2,0.6955555555555556,16.2
ENSG00000145919,BOD1,0.6955371900826447,108.9
ENSG00000134248,LAMTOR5,0.6955266821345708,431.0
ENSG00000163162,RNF149,0.6954251012145748,49.4
ENSG00000164543,STK17A,0.6954074074074073,13.5
ENSG00000099940,SNAP29,0.6954018691588786,53.5
ENSG00000160223,ICOSLG,0.6953459119496855,15.9
ENSG00000152256,PDK1,0.6952851711026617,26.3
ENSG00000169246,NPIPB3,0.6952588555858311,220.2
ENSG00000163961,RNF168,0.6952577319587628,19.4
ENSG00000107262,BAG1,0.6952454212454213,273.0
ENSG00000104870,FCGRT,0.695204855842185,395.4
ENSG00000070778,PTPN21,0.6951648351648348,27.3
ENSG00000163864,NMNAT3,0.6950819672131147,24.4
ENSG00000155959,VBP1,0.6950663129973473,113.1
ENSG00000204438,GPANK1,0.6950432276657059,34.7
ENSG00000111670,GNPTAB,0.695,51.2
ENSG00000100104,SRRD,0.694863387978142,18.3
ENSG00000148484,RSU1,0.6947130434782609,57.5
ENSG00000169288,MRPL1,0.6946434231378764,63.1
ENSG00000144741,SLC25A26,0.6944805194805196,30.8
ENSG00000072864,NDE1,0.6944668587896256,34.7
ENSG00000113732,ATP6V0E1,0.6944643155607554,598.3
ENSG00000236609,ZNF853,0.6944094488188977,25.4
ENSG00000089050,RBBP9,0.6944067796610169,23.6
ENSG00000177576,C18orf32,0.6944,27.5
ENSG00000155380,SLC16A1,0.6943573667711597,63.8
ENSG00000106785,TRIM14,0.6943322475570031,30.7
ENSG00000076242,MLH1,0.6943290043290044,46.2
ENSG00000112739,PRPF4B,0.6941634241245134,25.7
ENSG00000197586,ENTPD6,0.6940994854202401,116.6
ENSG00000170633,RNF34,0.694096601073345,55.9
ENSG00000160789,LMNA,0.6940876944837341,282.8
ENSG00000169891,REPS2,0.6940740740740741,16.2
ENSG00000149273,RPS3,0.6940703448275862,2900.0
ENSG00000242028,HYPK,0.6940476190476191,25.2
ENSG00000176619,LMNB2,0.6940453074433656,30.9
ENSG00000131558,EXOC4,0.6939781591263651,64.1
ENSG00000136720,HS6ST1,0.6939593114241001,63.9
ENSG00000167543,TP53I13,0.6939367311072059,113.8
ENSG00000154380,ENAH,0.6938743455497383,38.2
ENSG00000075420,FNDC3B,0.6938585858585858,49.5
ENSG00000147996,ZNG1E,0.6938571428571427,42.0
ENSG00000168701,TMEM208,0.6938083927157561,126.3
ENSG00000117036,ETV3,0.6938047138047138,29.7
ENSG00000169180,XPO6,0.6937110120942074,157.1
ENSG00000154642,C21orf91,0.6936842105263159,22.8
ENSG00000169857,AVEN,0.693639344262295,30.5
ENSG00000145819,ARHGAP26,0.6935860058309038,34.3
ENSG00000205609,EIF3CL,0.693521545319465,67.3
ENSG00000162714,ZNF496,0.6935135135135135,22.2
ENSG00000114098,ARMC8,0.6934265734265733,57.2
ENSG00000109113,RAB34,0.6933656509695291,144.4
ENSG00000243725,TTC4,0.6933527696793002,34.3
ENSG00000119977,TCTN3,0.6933040935672514,68.4
ENSG00000133119,RFC3,0.6933039647577093,22.7
ENSG00000129317,PUS7L,0.6930909090909091,11.0
ENSG00000140543,DET1,0.693090909090909,11.0
ENSG00000147383,NSDHL,0.69308,50.0
ENSG00000184371,CSF1,0.6930383480825958,67.8
ENSG00000146281,PM20D2,0.6930181818181821,27.5
ENSG00000176715,ACSF3,0.6929714285714285,35.0
ENSG00000155508,CNOT8,0.6928737690241716,111.7
ENSG00000105401,CDC37,0.6927811860940694,293.4
ENSG00000109756,RAPGEF2,0.6927671232876713,36.5
ENSG00000124181,PLCG1,0.6927173913043476,73.6
ENSG00000117410,ATP6V0B,0.6926583679114797,361.5
ENSG00000107263,RAPGEF1,0.6925427594070697,87.7
ENSG00000184497,TMEM255B,0.6925,12.8
ENSG00000141338,ABCA8,0.6924519230769229,41.6
ENSG00000152464,RPP38,0.6924288840262582,45.7
ENSG00000137038,DMAC1,0.6924257425742575,40.4
ENSG00000139977,NAA30,0.6923745819397993,29.9
ENSG00000108828,VAT1,0.6923383084577115,241.2
ENSG00000084093,REST,0.6923076923076924,23.4
ENSG00000166579,NDEL1,0.6922942884801548,103.3
ENSG00000107745,MICU1,0.6922935779816514,109.0
ENSG00000139517,LNX2,0.6922916666666665,19.2
ENSG00000174547,MRPL11,0.6922510822510821,46.2
ENSG00000173540,GMPPB,0.6922477064220183,43.6
ENSG00000182378,PLCXD1,0.6922388059701493,33.5
ENSG00000127838,PNKD,0.6922321899736147,189.5
ENSG00000091157,WDR7,0.6922000000000001,20.0
ENSG00000101945,SUV39H1,0.6921538461538461,13.0
ENSG00000162852,CNST,0.692142857142857,36.4
ENSG00000142507,PSMB6,0.6921205418855405,361.7
ENSG00000048140,TSPAN17,0.6920947176684881,54.9
ENSG00000069702,TGFBR3,0.6920813771517997,63.9
ENSG00000189077,TMEM120A,0.6919923371647511,104.4
ENSG00000124615,MOCS1,0.6918676122931443,42.3
ENSG00000147650,LRP12,0.6917919075144511,17.3
ENSG00000126524,SBDS,0.6917860128169405,358.9
ENSG00000151498,ACAD8,0.6917808219178082,36.5
ENSG00000100100,PIK3IP1,0.691750972762646,102.8
ENSG00000173588,CEP83,0.6917441860465117,17.2
ENSG00000259024,TVP23C-CDRT4,0.6917006802721087,14.7
ENSG00000163444,TMEM183A,0.6916735822959891,72.3
ENSG00000120458,MSANTD2,0.6916513761467891,21.8
ENSG00000173992,CCS,0.6916407982261642,90.2
ENSG00000185122,HSF1,0.6916103692065987,127.3
ENSG00000050748,MAPK9,0.6915728715728716,69.3
ENSG00000168005,SPINDOC,0.6915485564304461,38.1
ENSG00000143106,PSMA5,0.6915343915343913,18.9
ENSG00000114648,KLHL18,0.6914893617021278,18.8
ENSG00000182636,NDN,0.6914413407821229,89.5
ENSG00000101654,RNMT,0.6913725490196078,40.8
ENSG00000183723,CMTM4,0.6912465373961217,36.1
ENSG00000173598,NUDT4,0.6912451361867703,154.2
ENSG00000065060,BLTP3A,0.6911111111111111,12.6
ENSG00000165209,STRBP,0.6911048158640226,35.3
ENSG00000138780,GSTCD,0.6910891089108909,10.1
ENSG00000164983,TMEM65,0.6910526315789474,26.6
ENSG00000229809,ZNF688,0.6909975669099757,41.1
ENSG00000064666,CNN2,0.6909625126646404,197.4
ENSG00000124151,NCOA3,0.6908991825613079,36.7
ENSG00000125503,PPP1R12C,0.690895225464191,301.6
ENSG00000171488,LRRC8C,0.6908843537414966,14.7
ENSG00000187994,RINL,0.6908661417322834,12.7
ENSG00000007047,MARK4,0.6908287292817681,36.2
ENSG00000169251,NMD3,0.6907840440165062,72.7
ENSG00000083223,TUT7,0.6907520891364902,35.9
ENSG00000169762,TAPT1,0.6907507507507508,33.3
ENSG00000145623,OSMR,0.6907473309608541,56.2
ENSG00000161217,PCYT1A,0.6907380607814759,69.1
ENSG00000163319,MRPS18C,0.6907133917396746,79.9
ENSG00000176170,SPHK1,0.6906995884773661,24.3
ENSG00000124275,MTRR,0.6906840390879477,30.7
ENSG00000179889,PDXDC1,0.6906742640075972,105.3
ENSG00000203326,ZNF525,0.6906060606060604,13.2
ENSG00000214022,REPIN1,0.690597609561753,125.5
ENSG00000006459,KDM7A,0.6905806451612904,15.5
ENSG00000065833,ME1,0.6905741626794257,41.8
ENSG00000100242,SUN2,0.6905478331970564,122.3
ENSG00000112592,TBP,0.6904938271604939,32.4
ENSG00000130021,PUDP,0.6904854368932039,30.9
ENSG00000178691,SUZ12,0.6904849884526559,43.3
ENSG00000197063,MAFG,0.6904038004750593,42.1
ENSG00000160991,ORAI2,0.6904,15.0
ENSG00000166582,CENPV,0.6903960396039603,20.2
ENSG00000140577,CRTC3,0.6903957783641159,37.9
ENSG00000168438,CDC40,0.6903333333333334,36.0
ENSG00000075790,BCAP29,0.6902836004932182,81.1
ENSG00000141349,G6PC3,0.690264097073519,140.1
ENSG00000102158,MAGT1,0.6902620689655172,72.5
ENSG00000101849,TBL1X,0.6902439024390244,41.0
ENSG00000169902,TPST1,0.6901716738197424,46.6
ENSG00000181029,TRAPPC5,0.6901374570446734,174.6
ENSG00000125247,TMTC4,0.6900819672131148,24.4
ENSG00000185885,IFITM1,0.6900312845049686,1086.8
ENSG00000109519,GRPEL1,0.6900000000000002,35.6
ENSG00000141295,SCRN2,0.69,76.2
ENSG00000239672,NME1,0.6899901283316882,202.6
ENSG00000167994,RAB3IL1,0.689922077922078,38.5
ENSG00000204388,HSPA1B,0.6898158096699923,781.8
ENSG00000083896,YTHDC1,0.6898092643051771,110.1
ENSG00000130787,HIP1R,0.6897828863346105,78.3
ENSG00000102393,GLA,0.6897297297297298,37.0
ENSG00000161057,PSMC2,0.6897058823529412,88.4
ENSG00000178449,COX14,0.6896494514316296,373.7
ENSG00000165804,ZNF219,0.6896446700507615,78.8
ENSG00000188234,AGAP4,0.6896296296296295,29.7
ENSG00000175334,BANF1,0.6895712715280324,545.8
ENSG00000101181,MTG2,0.6894941634241245,25.7
ENSG00000147586,MRPS28,0.6894813829787235,150.4
ENSG00000164136,IL15,0.6894656488549618,13.1
ENSG00000167470,MIDN,0.6894444444444445,86.4
ENSG00000186017,ZNF566,0.689433962264151,10.6
ENSG00000010072,SPRTN,0.6894117647058825,13.6
ENSG00000184787,UBE2G2,0.6894117647058823,64.6
ENSG00000135185,TMEM243,0.6893882978723406,75.2
ENSG00000048471,SNX29,0.6893636363636365,22.0
ENSG00000130770,ATP5IF1,0.6893484212447527,547.9
ENSG00000198131,ZNF544,0.6893258426966292,35.6
ENSG00000064932,SBNO2,0.6893044822256569,64.7
ENSG00000155324,GRAMD2B,0.6892822966507178,62.7
ENSG00000121073,SLC35B1,0.6892682926829268,61.5
ENSG00000159788,RGS12,0.6892567567567568,29.6
ENSG00000271303,SRXN1,0.6892473118279568,65.1
ENSG00000136144,RCBTB1,0.6892374727668844,45.9
ENSG00000115825,PRKD3,0.6891428571428571,38.5
ENSG00000078674,PCM1,0.6891056910569106,98.4
ENSG00000182022,CHST15,0.6890751445086707,34.6
ENSG00000165699,TSC1,0.689014084507042,21.3
ENSG00000139641,ESYT1,0.68899209486166,101.2
ENSG00000005469,CROT,0.688970976253298,37.9
ENSG00000142733,MAP3K6,0.6889689034369886,61.1
ENSG00000158711,ELK4,0.6889344262295082,24.4
ENSG00000135363,LMO2,0.688854961832061,26.2
ENSG00000133422,MORC2,0.6888412017167381,23.3
ENSG00000196405,EVL,0.6888409703504043,222.6
ENSG00000144362,PHOSPHO2,0.6888372093023257,12.9
ENSG00000102882,MAPK3,0.6888346186803771,233.4
ENSG00000276293,PIP4K2B,0.6888025889967637,92.7
ENSG00000069998,HDHD5,0.6887307692307693,52.0
ENSG00000112996,MRPS30,0.6886705202312139,34.6
ENSG00000171861,MRM3,0.6886486486486487,29.6
ENSG00000121486,TRMT1L,0.6886486486486486,25.9
ENSG00000128626,MRPS12,0.6886456908344732,73.1
ENSG00000168710,AHCYL1,0.6886392539211531,235.9
ENSG00000204713,TRIM27,0.6886206896551725,58.0
ENSG00000159873,CCDC117,0.6885964912280701,34.2
ENSG00000092203,TOX4,0.6885490196078432,51.0
ENSG00000148175,STOM,0.6884412895593022,338.1
ENSG00000170275,CRTAP,0.6883920505871726,221.4
ENSG00000109189,USP46,0.6883501683501685,29.7
ENSG00000152767,FARP1,0.6883307810107198,65.3
ENSG00000172663,TMEM134,0.6883304042179261,56.9
ENSG00000005889,ZFX,0.6883154121863799,27.9
ENSG00000143373,ZNF687,0.6882993197278912,29.4
ENSG00000171492,LRRC8D,0.6882211538461537,41.6
ENSG00000083845,RPS5,0.688093525179856,2780.0
ENSG00000258643,BCL2L2-PABPN1,0.6880745341614908,16.1
ENSG00000153914,SREK1,0.688062827225131,19.1
ENSG00000173465,ZNRD2,0.6879754601226993,97.8
ENSG00000163785,RYK,0.6879340937896071,78.9
ENSG00000113013,HSPA9,0.6878828081813155,180.9
ENSG00000136040,PLXNC1,0.6878756476683938,19.3
ENSG00000137818,RPLP1,0.687837474371128,4535.9
ENSG00000144320,LNPK,0.6878124999999998,32.0
ENSG00000154305,MIA3,0.6877187948350071,69.7
ENSG00000156671,SAMD8,0.6876876876876876,33.3
ENSG00000177830,CHID1,0.687657466383581,141.3
ENSG00000148120,AOPEP,0.6875824175824176,36.4
ENSG00000173327,MAP3K11,0.6874730021598272,92.6
ENSG00000242802,AP5Z1,0.6873913043478261,13.8
ENSG00000266967,AARSD1,0.6873792093704246,68.3
ENSG00000123575,FAM199X,0.6873556231003041,32.9
ENSG00000196072,BLOC1S2,0.6872965116279068,68.8
ENSG00000171161,ZNF672,0.6872961373390558,46.6
ENSG00000143401,ANP32E,0.6872946330777657,91.3
ENSG00000183137,CEP57L1,0.6872131147540983,24.4
ENSG00000174917,MICOS13,0.6872116788321168,342.5
ENSG00000162599,NFIA,0.6871122994652407,37.4
ENSG00000155085,AK9,0.6870967741935484,15.5
ENSG00000183579,ZNRF3,0.6870866141732282,12.7
ENSG00000083168,KAT6A,0.6870588235294117,35.7
ENSG00000172009,THOP1,0.6870194986072421,71.8
ENSG00000137166,FOXP4,0.6869626168224298,42.8
ENSG00000165704,HPRT1,0.6869575200918483,87.1
ENSG00000188994,ZNF292,0.686829268292683,24.6
ENSG00000116691,MIIP,0.6868126520681266,41.1
ENSG00000169599,NFU1,0.6868081880212283,131.9
ENSG00000077150,NFKB2,0.6868049792531119,48.2
ENSG00000103047,TANGO6,0.6867768595041323,12.1
ENSG00000196968,FUT11,0.6866257668711657,16.3
ENSG00000166483,WEE1,0.6865982905982907,58.5
ENSG00000107077,KDM4C,0.6865775401069517,37.4
ENSG00000163788,SNRK,0.6865579710144928,55.2
ENSG00000145675,PIK3R1,0.6864493996569467,116.6
ENSG00000196547,MAN2A2,0.6864227642276423,73.8
ENSG00000112874,NUDT12,0.6864150943396227,26.5
ENSG00000172878,METAP1D,0.686412213740458,13.1
ENSG00000135503,ACVR1B,0.6864112903225805,49.6
ENSG00000156384,SFR1,0.6863157894736844,17.1
ENSG00000164105,SAP30,0.6862842892768078,40.1
ENSG00000121406,ZNF549,0.6862264150943395,10.6
ENSG00000185883,ATP6V0C,0.6862142737756979,598.3
ENSG00000053254,FOXN3,0.6861596958174906,78.9
ENSG00000141994,DUS3L,0.6861224489795918,39.2
ENSG00000113734,BNIP1,0.6860681114551084,32.3
ENSG00000159388,BTG2,0.6860667823070251,461.2
ENSG00000165152,PGAP4,0.6860350877192982,28.5
ENSG00000110422,HIPK3,0.6859974905897114,79.7
ENSG00000119138,KLF9,0.6859965337954941,115.4
ENSG00000109501,WFS1,0.6859943977591036,71.4
ENSG00000119541,VPS4B,0.6859802538787025,70.9
ENSG00000114650,SCAP,0.6859459459459459,55.5
ENSG00000123178,SPRYD7,0.6859192825112106,22.3
ENSG00000214160,ALG3,0.6859191176470588,54.4
ENSG00000180773,SLC36A4,0.6859016393442623,18.3
ENSG00000163082,SGPP2,0.685873015873016,25.2
ENSG00000164209,SLC25A46,0.6858362989323844,56.2
ENSG00000157036,EXOG,0.68578125,12.8
ENSG00000175087,PDIK1L,0.6857692307692307,15.6
ENSG00000124789,NUP153,0.6857674418604651,43.0
ENSG00000104973,MED25,0.6857462686567165,80.4
ENSG00000108100,CCNY,0.6857452574525743,73.8
ENSG00000072135,PTPN18,0.6856913183279741,62.2
ENSG00000122035,RASL11A,0.6855813953488371,17.2
ENSG00000172197,MBOAT1,0.6855609756097558,20.5
ENSG00000128000,ZNF780B,0.6854961832061067,13.1
ENSG00000157741,UBN2,0.6854814814814815,13.5
ENSG00000203485,INF2,0.6854411764705884,54.4
ENSG00000160404,TOR2A,0.6854330708661416,25.4
ENSG00000183864,TOB2,0.6853765932792583,86.3
ENSG00000099991,CABIN1,0.685253807106599,78.8
ENSG00000078124,ACER3,0.6852307692307693,13.0
ENSG00000106605,BLVRA,0.6851833740831296,122.7
ENSG00000159079,CFAP298,0.6851671732522796,65.8
ENSG00000196792,STRN3,0.685108695652174,36.8
ENSG00000197283,SYNGAP1,0.6850931677018633,16.1
ENSG00000176903,PNMA1,0.6850646950092422,108.2
ENSG00000173207,CKS1B,0.684995491433724,110.9
ENSG00000063176,SPHK2,0.6849868766404199,38.1
ENSG00000083312,TNPO1,0.68496644295302,74.5
ENSG00000141499,WRAP53,0.6849599999999999,12.5
ENSG00000156990,RPUSD3,0.6849142857142857,70.0
ENSG00000166188,ZNF319,0.6848648648648649,11.1
ENSG00000129351,ILF3,0.6848250460405155,162.9
ENSG00000009335,UBE3C,0.6848130081300812,61.5
ENSG00000077348,EXOSC5,0.684778761061947,45.2
ENSG00000153291,SLC25A27,0.6847454545454547,110.0
ENSG00000110841,PPFIBP1,0.6847419804741982,71.7
ENSG00000171202,TMEM126A,0.6846137105549512,91.9
ENSG00000105281,SLC1A5,0.6846022241231823,116.9
ENSG00000153487,ING1,0.6845695364238411,30.2
ENSG00000116157,GPX7,0.6845652173913044,27.6
ENSG00000154447,SH3RF1,0.684549356223176,23.3
ENSG00000165832,TRUB1,0.6845487364620939,27.7
ENSG00000167685,ZNF444,0.6845482866043615,64.2
ENSG00000085185,BCORL1,0.6845283018867925,10.6
ENSG00000271383,NBPF19,0.6843642611683849,58.2
ENSG00000196976,LAGE3,0.684296875,51.2
ENSG00000164713,BRI3,0.684230055658627,215.6
ENSG00000204172,AGAP9,0.6842051282051281,39.0
ENSG00000147439,BIN3,0.6840586797066014,40.9
ENSG00000169372,CRADD,0.6839378238341969,38.6
ENSG00000111371,SLC38A1,0.6837914691943127,84.4
ENSG00000120697,ALG5,0.683790523690773,80.2
ENSG00000101166,PRELID3B,0.6837701149425288,87.0
ENSG00000162419,GMEB1,0.68375,12.8
ENSG00000122406,RPL5,0.6837473994174695,3124.3
ENSG00000150403,TMCO3,0.6837067773167358,72.3
ENSG00000198168,SVIP,0.6836879432624114,28.2
ENSG00000115282,TTC31,0.6836363636363636,19.8
ENSG00000088854,DNAAF9,0.6836303630363036,30.3
ENSG00000169223,LMAN2,0.6836099390529772,213.3
ENSG00000170606,HSPA4,0.6834077555816687,85.1
ENSG00000141564,RPTOR,0.6833333333333335,13.2
ENSG00000076641,PAG1,0.6833333333333332,15.0
ENSG00000123815,COQ8B,0.6833098591549296,28.4
ENSG00000141577,CEP131,0.6832967032967032,27.3
ENSG00000162601,MYSM1,0.6832727272727273,11.0
ENSG00000102119,EMD,0.6832368703108251,93.3
ENSG00000100592,DAAM1,0.6832191780821918,29.2
ENSG00000120137,PANK3,0.6832178217821783,40.4
ENSG00000130066,SAT1,0.683193657984145,971.3
ENSG00000127952,STYXL1,0.6831797235023042,43.4
ENSG00000083097,DOP1A,0.683125,22.4
ENSG00000180902,D2HGDH,0.683089430894309,36.9
ENSG00000101871,MID1,0.6830864197530864,16.2
ENSG00000147010,SH3KBP1,0.6829706390328153,57.9
ENSG00000138698,RAP1GDS1,0.6829363784665579,61.3
ENSG00000038002,AGA,0.6829213483146067,35.6
ENSG00000213366,GSTM2,0.682866982350409,232.3
ENSG00000164305,CASP3,0.6828210526315788,47.5
ENSG00000137502,RAB30,0.682781954887218,26.6
ENSG00000239857,GET4,0.6826299694189601,98.1
ENSG00000142327,RNPEPL1,0.6825194805194805,77.0
ENSG00000213626,LBH,0.6824188311688313,123.2
ENSG00000057019,DCBLD2,0.6823255813953488,25.8
ENSG00000132481,TRIM47,0.6823245614035087,45.6
ENSG00000105287,PRKD2,0.6822457627118647,47.2
ENSG00000180979,LRRC57,0.6822222222222222,20.7
ENSG00000104522,GFUS,0.6821245421245421,109.2
ENSG00000023572,GLRX2,0.6820846905537459,30.7
ENSG00000116729,WLS,0.6820746887966804,144.6
ENSG00000171703,TCEA2,0.682062706270627,121.2
ENSG00000092871,RFFL,0.6819927536231883,55.2
ENSG00000196476,C20orf96,0.6819620253164557,31.6
ENSG00000106771,TMEM245,0.6819596541786743,69.4
ENSG00000124496,TRERF1,0.6819469026548672,11.3
ENSG00000105879,CBLL1,0.6819277108433737,33.2
ENSG00000214517,PPME1,0.6819047619047619,58.8
ENSG00000113712,CSNK1A1,0.6818994974874372,199.0
ENSG00000172936,MYD88,0.68183908045977,43.5
ENSG00000135272,MDFIC,0.6818328840970351,37.1
ENSG00000176476,SGF29,0.6818106995884774,48.6
ENSG00000138663,COPS4,0.6817718940936865,98.2
ENSG00000167815,PRDX2,0.6817563810967904,791.4
ENSG00000152127,MGAT5,0.6817486338797814,36.6
ENSG00000173511,VEGFB,0.6817467248908295,114.5
ENSG00000157693,TMEM268,0.6817435897435896,19.5
ENSG00000168612,ZSWIM1,0.6816216216216218,14.8
ENSG00000283149,ENSG00000283149,0.6816140350877192,28.5
ENSG00000100902,PSMA6,0.6815846338535414,333.2
ENSG00000128534,LSM8,0.681563981042654,42.2
ENSG00000243646,IL10RB,0.6815272727272728,55.0
ENSG00000261740,BOLA2-SMG1P6,0.6814715719063544,29.9
ENSG00000117480,FAAH,0.6814347826086958,46.0
ENSG00000138629,UBL7,0.6813780598368087,110.3
ENSG00000235453,SMIM27,0.6813471502590673,38.6
ENSG00000100994,PYGB,0.6813075060532686,165.2
ENSG00000139679,LPAR6,0.6812558139534884,86.0
ENSG00000198755,RPL10A,0.6812547631192056,3332.9
ENSG00000177646,ACAD9,0.681201044386423,38.3
ENSG00000198792,TMEM184B,0.6811764705882353,68.0
ENSG00000001561,ENPP4,0.6811699164345404,35.9
ENSG00000178922,HYI,0.6811485642946316,80.1
ENSG00000119523,ALG2,0.6811158798283263,69.9
ENSG00000120129,DUSP1,0.6811069134869665,1058.8
ENSG00000163607,GTPBP8,0.6810989010989011,18.2
ENSG00000055147,FAM114A2,0.6810826210826211,35.1
ENSG00000007080,CCDC124,0.6810488798370672,196.4
ENSG00000058272,PPP1R12A,0.6810206297502713,92.1
ENSG00000140848,CPNE2,0.6809424083769635,57.3
ENSG00000103415,HMOX2,0.680925799863853,146.9
ENSG00000183722,LHFPL6,0.6808665269042627,143.1
ENSG00000038382,TRIO,0.6807777777777778,18.0
ENSG00000186654,PRR5,0.6807216494845361,19.4
ENSG00000139718,SETD1B,0.6806206896551724,29.0
ENSG00000170468,RIOX1,0.6806201550387598,12.9
ENSG00000123130,ACOT9,0.6806073752711496,46.1
ENSG00000026297,RNASET2,0.680582877959927,164.7
ENSG00000139496,NUP58,0.6805687203791468,42.2
ENSG00000165512,ZNF22,0.6805496183206107,65.5
ENSG00000144785,ENSG00000144785,0.6805494505494505,18.2
ENSG00000113048,MRPS27,0.6805493133583022,80.1
ENSG00000188266,HYKK,0.6805217391304349,11.5
ENSG00000070718,AP3M2,0.6805154639175258,38.8
ENSG00000118181,RPS25,0.6804119306731157,4962.0
ENSG00000171984,SHLD1,0.6803797468354429,15.8
ENSG00000163946,TASOR,0.6803472222222223,28.8
ENSG00000140950,MEAK7,0.6803252032520324,12.3
ENSG00000022567,SLC45A4,0.6803007518796994,13.3
ENSG00000189403,HMGB1,0.6802571143285072,801.2
ENSG00000105258,POLR2I,0.680239623448866,233.7
ENSG00000087269,NOP14,0.6802040816326531,39.2
ENSG00000122591,HYCC1,0.6801923076923075,20.8
ENSG00000100934,SEC23A,0.6801895734597155,84.4
ENSG00000197170,PSMD12,0.6800560224089637,35.7
ENSG00000100564,PIGH,0.6800317965023847,62.9
ENSG00000205981,DNAJC19,0.6800276243093922,72.4
ENSG00000164117,FBXO8,0.68,44.4
ENSG00000176142,TMEM39A,0.6799253731343282,26.8
ENSG00000065427,KARS1,0.6798932038834952,206.0
ENSG00000129071,MBD4,0.6797687861271677,69.2
ENSG00000148824,MTG1,0.6797107438016529,48.4
ENSG00000176371,ZSCAN2,0.6797058823529412,13.6
ENSG00000196141,SPATS2L,0.6795907928388748,156.4
ENSG00000001167,NFYA,0.6795027624309391,36.2
ENSG00000107562,CXCL12,0.6794833283268248,332.9
ENSG00000141026,MED9,0.6794315245478036,38.7
ENSG00000186635,ARAP1,0.6793661971830984,113.6
ENSG00000180104,EXOC3,0.6793625498007967,75.3
ENSG00000138018,SELENOI,0.6793548387096774,21.7
ENSG00000157625,TAB3,0.6793181818181817,26.4
ENSG00000132530,XAF1,0.6793043478260868,69.0
ENSG00000116497,S100PBP,0.679297124600639,31.3
ENSG00000196705,ZNF431,0.6790751445086706,17.3
ENSG00000008256,CYTH3,0.6790566037735849,42.4
ENSG00000067836,ROGDI,0.679045643153527,96.4
ENSG00000176105,YES1,0.6789429175475687,47.3
ENSG00000064607,SUGP2,0.6789330543933053,95.6
ENSG00000139668,WDFY2,0.6789285714285714,16.8
ENSG00000204381,LAYN,0.6788039867109634,30.1
ENSG00000109065,NAT9,0.6787978142076503,54.9
ENSG00000240682,ISY1,0.6787966804979253,48.2
ENSG00000158480,SPATA2,0.6787906976744186,21.5
ENSG00000148303,RPL7A,0.6787894180958609,3976.6
ENSG00000087087,SRRT,0.6787540558079168,154.1
ENSG00000198146,ZNF770,0.6787264150943396,42.4
ENSG00000171497,PPID,0.6787058823529413,68.0
ENSG00000144668,ITGA9,0.6786854460093895,21.3
ENSG00000187118,CMC1,0.6786666666666668,33.0
ENSG00000170145,SIK2,0.6784713375796178,31.4
ENSG00000116005,PCYOX1,0.6784710743801654,96.8
ENSG00000126464,PRR12,0.6784279475982532,22.9
ENSG00000277443,MARCKS,0.6784161752316764,118.7
ENSG00000126767,ELK1,0.6783497053045185,50.9
ENSG00000013275,PSMC4,0.6783033932135729,100.2
ENSG00000250317,SMIM20,0.6782154515778019,91.9
ENSG00000006015,REX1BD,0.6781668194317141,109.1
ENSG00000175197,DDIT3,0.6781044695745827,185.7
ENSG00000088808,PPP1R13B,0.678082191780822,21.9
ENSG00000012232,EXTL3,0.6779661016949153,29.5
ENSG00000122863,CHST3,0.6779338842975206,24.2
ENSG00000179104,TMTC2,0.6779220779220779,15.4
ENSG00000118200,CAMSAP2,0.6779178082191781,36.5
ENSG00000065809,FAM107B,0.6778999382334774,161.9
ENSG00000100241,SBF1,0.6778221415607986,55.1
ENSG00000204564,C6orf136,0.6776623376623376,53.9
ENSG00000130725,UBE2M,0.6775846294602011,218.6
ENSG00000125691,RPL23,0.6775671173819324,4082.4
ENSG00000160972,PPP1R16A,0.6774504249291785,35.3
ENSG00000166226,CCT2,0.677434373452204,201.9
ENSG00000163617,CCDC191,0.6774100719424461,13.9
ENSG00000138092,CENPO,0.6773584905660377,10.6
ENSG00000181163,NPM1,0.6773140972794726,1213.0
ENSG00000257529,RPL36A-HNRNPH2,0.6772736285525444,605.2
ENSG00000256525,POLG2,0.6772727272727272,11.0
ENSG00000002834,LASP1,0.6772687224669605,158.9
ENSG00000174652,ZNF266,0.677125748502994,50.1
ENSG00000177045,SIX5,0.6770833333333333,38.4
ENSG00000258366,RTEL1,0.67703125,12.8
ENSG00000140474,ULK3,0.6769774919614148,31.1
ENSG00000183718,TRIM52,0.6769585253456222,21.7
ENSG00000100578,KIAA0586,0.6768553459119498,15.9
ENSG00000178971,CTC1,0.6767977528089888,35.6
ENSG00000172830,SSH3,0.676768149882904,42.7
ENSG00000100425,BRD1,0.6767391304347826,27.6
ENSG00000136754,ABI1,0.6767108167770419,90.6
ENSG00000112983,BRD8,0.6766537966537967,77.7
ENSG00000248333,CDK11B,0.6766414141414141,79.2
ENSG00000095951,HIVEP1,0.6765822784810127,15.8
ENSG00000106263,EIF3B,0.6765686944634314,146.3
ENSG00000164941,INTS8,0.6765614035087721,28.5
ENSG00000103769,RAB11A,0.6765136393878909,450.9
ENSG00000155368,DBI,0.6764949771689497,1095.0
ENSG00000153317,ASAP1,0.6764653243847876,44.7
ENSG00000148400,NOTCH1,0.6764021164021164,18.9
ENSG00000141736,ERBB2,0.6763987792472025,98.3
ENSG00000197077,KIAA1671,0.67633423180593,37.1
ENSG00000115020,PIKFYVE,0.6763235294117647,27.2
ENSG00000127554,GFER,0.676312625250501,49.9
ENSG00000164040,PGRMC2,0.6761822660098522,162.4
ENSG00000162804,SNED1,0.6761403508771928,28.5
ENSG00000116062,MSH6,0.6761348314606742,44.5
ENSG00000143344,RGL1,0.6761214953271028,42.8
ENSG00000188529,SRSF10,0.6760958296362023,112.7
ENSG00000107362,ABHD17B,0.6760389610389609,30.8
ENSG00000146376,ARHGAP18,0.6760113960113958,35.1
ENSG00000108829,LRRC59,0.6759999999999999,115.5
ENSG00000138744,NAAA,0.6759939759036144,66.4
ENSG00000174175,SELP,0.6759701492537314,13.4
ENSG00000117543,DPH5,0.6758769230769229,32.5
ENSG00000144589,STK11IP,0.6758415841584159,30.3
ENSG00000100413,POLR3H,0.675791962174941,42.3
ENSG00000030110,BAK1,0.6757918552036198,44.2
ENSG00000158792,SPATA2L,0.6757232704402516,15.9
ENSG00000182899,RPL35A,0.6756523256828693,2291.8
ENSG00000106392,C1GALT1,0.6756279069767444,43.0
ENSG00000188785,ZNF548,0.6756275303643726,24.7
ENSG00000144591,GMPPA,0.6755762081784387,53.8
ENSG00000125534,PPDPF,0.6755548686244204,647.0
ENSG00000169032,MAP2K1,0.6754652686762779,76.3
ENSG00000170035,UBE2E3,0.6754080389768573,164.2
ENSG00000169926,KLF13,0.6753846153846154,58.5
ENSG00000214063,TSPAN4,0.6753782894736841,121.6
ENSG00000075975,MKRN2,0.6752789699570816,46.6
ENSG00000175395,ZNF25,0.6751937984496125,25.8
ENSG00000176087,SLC35A4,0.6751863857374392,123.4
ENSG00000076716,GPC4,0.675164835164835,27.3
ENSG00000025293,PHF20,0.6751633986928103,30.6
ENSG00000084234,APLP2,0.6751501316944689,569.5
ENSG00000285723,MKKS,0.6750642673521849,77.8
ENSG00000146707,POMZP3,0.6750545454545454,27.5
ENSG00000153827,TRIP12,0.6750193050193051,103.6
ENSG00000161618,ALDH16A1,0.675018315018315,27.3
ENSG00000118217,ATF6,0.6749538461538462,32.5
ENSG00000144451,SPAG16,0.6749378881987579,64.4
ENSG00000168899,VAMP5,0.6749239077074128,203.7
ENSG00000170855,TRIAP1,0.6749032258064517,62.0
ENSG00000173218,VANGL1,0.6748672566371683,11.3
ENSG00000155366,RHOC,0.6748435171385991,603.9
ENSG00000175287,PHYHD1,0.6748275862068965,81.2
ENSG00000130734,ATG4D,0.6748169014084507,35.5
ENSG00000011143,MKS1,0.6748091603053434,13.1
ENSG00000162959,MEMO1,0.6747332185886404,58.1
ENSG00000087274,ADD1,0.6746958250497017,251.5
ENSG00000160746,ANO10,0.6746782608695652,57.5
ENSG00000198722,UNC13B,0.6746736292428197,38.3
ENSG00000109762,SNX25,0.6746715328467154,27.4
ENSG00000107819,SFXN3,0.6746695095948827,46.9
ENSG00000135390,ATP5MC2,0.674640753828033,1358.4
ENSG00000079432,CIC,0.6746285714285715,105.0
ENSG00000120925,RNF170,0.6746060606060607,33.0
ENSG00000116044,NFE2L2,0.6746041308089501,232.4
ENSG00000163002,NUP35,0.6746017699115044,22.6
ENSG00000127481,UBR4,0.6745987261146498,157.0
ENSG00000112118,MCM3,0.6745960264900661,75.5
ENSG00000197894,ADH5,0.6745919208573784,242.6
ENSG00000196642,RABL6,0.6745856353591161,144.8
ENSG00000143952,VPS54,0.6745244956772335,34.7
ENSG00000114374,USP9Y,0.6745205479452054,14.6
ENSG00000168016,TRANK1,0.6745177664974621,19.7
ENSG00000166225,FRS2,0.6745098039215685,25.5
ENSG00000136240,KDELR2,0.6744573823940381,214.7
ENSG00000198853,RUSC2,0.6743626570915621,55.7
ENSG00000119041,GTF3C3,0.674295532646048,29.1
ENSG00000111731,C2CD5,0.6742692307692307,52.0
ENSG00000095002,MSH2,0.6742592592592592,32.4
ENSG00000065613,SLK,0.6742264150943396,53.0
ENSG00000169084,DHRSX,0.674206896551724,29.0
ENSG00000008382,MPND,0.6741592920353981,45.2
ENSG00000215041,NEURL4,0.6740776699029126,20.6
ENSG00000163719,MTMR14,0.6740754716981132,53.0
ENSG00000180626,ZNF594,0.674074074074074,10.8
ENSG00000085449,WDFY1,0.6739737991266375,45.8
ENSG00000242372,EIF6,0.6739431685480731,256.9
ENSG00000198837,DENND4B,0.673913043478261,46.0
ENSG00000155008,APOOL,0.6738922155688623,16.7
ENSG00000163930,BAP1,0.6738836265223276,147.8
ENSG00000185291,IL3RA,0.6738805970149254,26.8
ENSG00000173193,PARP14,0.6737984496124031,25.8
ENSG00000288602,C8orf44-SGK3,0.6737614678899082,10.9
ENSG00000160179,ABCG1,0.6737464788732395,35.5
ENSG00000112658,SRF,0.6737451737451736,77.7
ENSG00000163848,ZNF148,0.6737410071942446,27.8
ENSG00000119723,COQ6,0.6737027707808565,39.7
ENSG00000235106,BRD3OS,0.6736994219653178,34.6
ENSG00000185658,BRWD1,0.6736801541425819,51.9
ENSG00000171843,MLLT3,0.6736723163841808,35.4
ENSG00000011405,PIK3C2A,0.6736612021857923,36.6
ENSG00000140941,MAP1LC3B,0.6736417157275021,237.8
ENSG00000178718,RPP25,0.673611111111111,21.6
ENSG00000167325,RRM1,0.673598484848485,52.8
ENSG00000176209,SMIM19,0.6735787000783086,127.7
ENSG00000224877,NDUFAF8,0.6735377069282648,163.1
ENSG00000005339,CREBBP,0.6735070140280561,49.9
ENSG00000119333,DYNC2I2,0.673463268365817,66.7
ENSG00000111325,OGFOD2,0.6734057971014493,27.6
ENSG00000168246,UBTD2,0.6733870967741936,37.2
ENSG00000079785,DDX1,0.6733423362592843,148.1
ENSG00000197021,EOLA2,0.6731914893617023,79.9
ENSG00000182810,DDX28,0.6730817610062894,15.9
ENSG00000065548,ZC3H15,0.6730756578947366,121.6
ENSG00000164494,PDSS2,0.6730434782608694,25.3
ENSG00000196586,MYO6,0.672901878914405,47.9
ENSG00000127946,HIP1,0.672871972318339,28.9
ENSG00000167797,CDK2AP2,0.6728521939953809,173.2
ENSG00000157045,NTAN1,0.6728133704735374,35.9
ENSG00000172380,GNG12,0.6727177700348431,114.8
ENSG00000181610,MRPS23,0.672540675844806,79.9
ENSG00000130772,MED18,0.6725170068027211,14.7
ENSG00000149428,HYOU1,0.6724737344794651,104.7
ENSG00000170876,TMEM43,0.6723970944309927,123.9
ENSG00000239789,MRPS17,0.672360248447205,32.2
ENSG00000104529,EEF1D,0.6722839443485327,984.7
ENSG00000125266,EFNB2,0.6722758620689655,14.5
ENSG00000171621,SPSB1,0.6722410546139359,53.1
ENSG00000166024,R3HCC1L,0.6722259136212625,30.1
ENSG00000015676,NUDCD3,0.6721904761904761,10.5
ENSG00000181827,RFX7,0.6721495327102803,10.7
ENSG00000157540,DYRK1A,0.6721248142644874,67.3
ENSG00000164116,GUCY1A1,0.6720886075949366,31.6
ENSG00000095066,HOOK2,0.6720876585928488,86.7
ENSG00000078747,ITCH,0.672084432717678,37.9
ENSG00000104205,SGK3,0.6719548872180451,26.6
ENSG00000076984,MAP2K7,0.6719277108433733,49.8
ENSG00000166848,TERF2IP,0.671927542963307,215.3
ENSG00000091527,CDV3,0.6719078341013826,217.0
ENSG00000077238,IL4R,0.671891418563923,114.2
ENSG00000048392,RRM2B,0.6718676122931442,42.3
ENSG00000205352,PRR13,0.6718162544169611,424.5
ENSG00000170456,DENND5B,0.6717647058823529,17.0
ENSG00000113328,CCNG1,0.6717493472584857,153.2
ENSG00000164050,PLXNB1,0.671734693877551,39.2
ENSG00000163138,PACRGL,0.6716793893129771,26.2
ENSG00000250506,CDK3,0.6716666666666665,33.6
ENSG00000175216,CKAP5,0.6716287878787878,52.8
ENSG00000123737,EXOSC9,0.671576354679803,40.6
ENSG00000196507,TCEAL3,0.671568075117371,213.0
ENSG00000166503,HDGFL3,0.671566265060241,16.6
ENSG00000037241,RPL26L1,0.671514450867052,86.5
ENSG00000165572,KBTBD6,0.6715107913669064,13.9
ENSG00000177303,CASKIN2,0.6714427860696517,40.2
ENSG00000188171,ZNF626,0.6714285714285714,21.0
ENSG00000214941,ZSWIM7,0.6714012738853503,31.4
ENSG00000095380,NANS,0.6713285600636435,125.7
ENSG00000197620,EOLA1,0.6712347826086957,57.5
ENSG00000157869,RAB28,0.6710721247563353,51.3
ENSG00000129158,SERGEF,0.6710413223140496,60.5
ENSG00000102900,NUP93,0.6709054325955734,49.7
ENSG00000146592,CREB5,0.6708411214953272,10.7
ENSG00000063177,RPL18,0.6708265515141448,3612.6
ENSG00000196378,ZNF34,0.6708247422680411,19.4
ENSG00000104177,MYEF2,0.6707491856677524,30.7
ENSG00000205542,TMSB4X,0.6707389878476703,10458.9
ENSG00000141391,PRELID3A,0.6706832298136647,16.1
ENSG00000077063,CTTNBP2,0.6706349206349206,12.6
ENSG00000142784,WDTC1,0.6705685618729098,59.8
ENSG00000105426,PTPRS,0.6705447470817121,51.4
ENSG00000103196,CRISPLD2,0.6705208333333335,115.2
ENSG00000111752,PHC1,0.6704983388704318,60.2
ENSG00000128039,SRD5A3,0.6704761904761903,21.0
ENSG00000047249,ATP6V1H,0.6704357798165137,87.2
ENSG00000139174,PRICKLE1,0.6703597122302157,13.9
ENSG00000139437,TCHP,0.6703474903474903,25.9
ENSG00000164074,ABHD18,0.6703174603174605,12.6
ENSG00000117020,AKT3,0.6702608695652174,34.5
ENSG00000130653,PNPLA7,0.6702304147465438,21.7
ENSG00000070423,RNF126,0.6702100161550888,61.9
ENSG00000166710,B2M,0.6702079386403041,8709.3
ENSG00000258890,CEP95,0.6701745635910225,40.1
ENSG00000163166,IWS1,0.670151724137931,72.5
ENSG00000109572,CLCN3,0.6701208459214502,66.2
ENSG00000112146,FBXO9,0.670089358245329,123.1
ENSG00000089157,RPLP0,0.6700608018666846,4457.1
ENSG00000119943,PYROXD2,0.6700414937759335,24.1
ENSG00000106635,BCL7B,0.6700413223140497,96.8
ENSG00000151065,DCP1B,0.6699610894941634,25.7
ENSG00000150764,DIXDC1,0.6699526066350711,42.2
ENSG00000196214,ZNF766,0.66990990990991,22.2
ENSG00000155363,MOV10,0.6698601398601398,28.6
ENSG00000095906,NUBP2,0.6698239436619718,56.8
ENSG00000161791,FMNL3,0.669811320754717,26.5
ENSG00000097007,ABL1,0.669795918367347,93.1
ENSG00000008405,CRY1,0.6697421203438395,34.9
ENSG00000161526,SAP30BP,0.6696928327645051,58.6
ENSG00000178974,FBXO34,0.6696882494004798,41.7
ENSG00000150457,LATS2,0.6696638655462185,23.8
ENSG00000149115,TNKS1BP1,0.6696231155778896,79.6
ENSG00000143321,HDGF,0.669611111111111,288.0
ENSG00000152454,ZNF256,0.6696078431372547,10.2
ENSG00000126261,UBA2,0.6695487627365356,137.4
ENSG00000119950,MXI1,0.6694721407624634,136.4
ENSG00000138036,DYNC2LI1,0.6694551282051282,62.4
ENSG00000110090,CPT1A,0.6694345238095238,67.2
ENSG00000138688,BLTP1,0.6694280762564992,57.7
ENSG00000137040,RANBP6,0.6693515358361775,29.3
ENSG00000198898,CAPZA2,0.6692573402417962,57.9
ENSG00000196743,GM2A,0.6692026143790849,76.5
ENSG00000119318,RAD23B,0.6691974877878576,143.3
ENSG00000055130,CUL1,0.6690438695163102,88.9
ENSG00000159346,ADIPOR1,0.6690004923682915,203.1
ENSG00000116521,SCAMP3,0.6689800995024876,80.4
ENSG00000111897,SERINC1,0.668925326833592,451.3
ENSG00000136938,ANP32B,0.6689243466299861,363.5
ENSG00000117691,NENF,0.6688117359413204,204.5
ENSG00000107872,FBXL15,0.6688107202680067,59.7
ENSG00000162368,CMPK1,0.6687677725118482,211.0
ENSG00000138640,FAM13A,0.6687157894736842,47.5
ENSG00000181045,SLC26A11,0.6687123287671233,36.5
ENSG00000198242,RPL23A,0.6687060103656617,3492.3
ENSG00000183765,CHEK2,0.6686666666666667,15.0
ENSG00000113971,NPHP3,0.6686274509803921,20.4
ENSG00000105063,PPP6R1,0.6686028602860287,90.9
ENSG00000185163,DDX51,0.6685567010309278,19.4
ENSG00000132600,PRMT7,0.6685496183206107,13.1
ENSG00000146872,TLK2,0.6685308056872039,42.2
ENSG00000137842,TMEM62,0.6684651162790699,21.5
ENSG00000177426,TGIF1,0.668462757527734,126.2
ENSG00000112514,CUTA,0.6684275534441805,421.0
ENSG00000158985,CDC42SE2,0.6684210526315789,76.0
ENSG00000101558,VAPA,0.6683533260632497,91.7
ENSG00000148572,NRBF2,0.6683412322274882,42.2
ENSG00000102401,ARMCX3,0.6683299798792756,99.4
ENSG00000072134,EPN2,0.6682857142857144,63.0
ENSG00000107929,LARP4B,0.6682228116710875,37.7
ENSG00000141012,GALNS,0.668203125,25.6
ENSG00000125826,RBCK1,0.6681959378733572,83.7
ENSG00000173653,RCE1,0.6681269841269841,31.5
ENSG00000101160,CTSZ,0.668113676731794,281.5
ENSG00000145214,DGKQ,0.6680784313725491,25.5
ENSG00000134030,CTIF,0.6680373831775701,42.8
ENSG00000182325,FBXL6,0.66803738317757,10.7
ENSG00000215845,TSTD1,0.6679466989703212,165.1
ENSG00000196470,SIAH1,0.6679405520169852,47.1
ENSG00000134825,TMEM258,0.6679176755447942,330.4
ENSG00000120647,CCDC77,0.667863247863248,11.7
ENSG00000196227,FAM217B,0.6678125,19.2
ENSG00000163637,PRICKLE2,0.6677948717948716,19.5
ENSG00000166439,RNF169,0.6677941176470589,13.6
ENSG00000100359,SGSM3,0.667768115942029,103.5
ENSG00000054118,THRAP3,0.6677309417040358,111.5
ENSG00000116584,ARHGEF2,0.6677172874880611,104.7
ENSG00000170776,AKAP13,0.6677128953771291,82.2
ENSG00000090372,STRN4,0.6675761266747868,82.1
ENSG00000182518,FAM104B,0.6675480769230768,41.6
ENSG00000162607,USP1,0.6674900398406375,50.2
ENSG00000064102,INTS13,0.6674850299401198,33.4
ENSG00000152465,NMT2,0.6674603174603173,25.2
ENSG00000143252,SDHC,0.667421299397187,298.6
ENSG00000109220,CHIC2,0.6673846153846155,39.0
ENSG00000049759,NEDD4L,0.6673188405797101,55.2
ENSG00000092098,RNF31,0.6673086419753086,40.5
ENSG00000131876,SNRPA1,0.6673070866141732,63.5
ENSG00000162191,UBXN1,0.667286081527727,272.3
ENSG00000102572,STK24,0.6672772277227722,161.6
ENSG00000184719,RNLS,0.6672727272727274,15.4
ENSG00000130312,MRPL34,0.6670443814919735,211.8
ENSG00000137500,CCDC90B,0.6670212765957447,37.6
ENSG00000101444,AHCY,0.6669648924122309,176.6
ENSG00000141503,MINK1,0.666934404283802,74.7
ENSG00000100796,PPP4R3A,0.6668220338983051,47.2
ENSG00000104976,SNAPC2,0.6668093385214009,51.4
ENSG00000125457,MIF4GD,0.6667883211678831,54.8
ENSG00000161016,RPL8,0.6667722488038278,2090.0
ENSG00000100028,SNRPD3,0.6666597724922441,96.7
ENSG00000162441,LZIC,0.666656,62.5
ENSG00000182712,CMC4,0.6666531440162271,49.3
ENSG00000105325,FZR1,0.6666260162601625,49.2
ENSG00000148498,PARD3,0.6665966386554623,47.6
ENSG00000105483,CARD8,0.6665753424657533,36.5
ENSG00000033011,ALG1,0.6665198237885461,22.7
ENSG00000143850,PLEKHA6,0.6665066666666668,37.5
ENSG00000266338,NBPF15,0.6664942528735632,34.8
ENSG00000132661,NXT1,0.666485260770975,44.1
ENSG00000197448,GSTK1,0.6664825649426632,427.3
ENSG00000143156,NME7,0.6664615384615383,26.0
ENSG00000198841,KTI12,0.6664556962025316,15.8
ENSG00000177144,NUDT4B,0.6664406779661016,11.8
ENSG00000110801,PSMD9,0.6664367816091954,17.4
ENSG00000134291,TMEM106C,0.6664281382656155,164.9
ENSG00000125818,PSMF1,0.6664232365145228,120.5
ENSG00000111077,TNS2,0.6664171122994653,149.6
ENSG00000186468,RPS23,0.6663717332422341,4098.1
ENSG00000063046,EIF4B,0.6663563465675729,511.3
ENSG00000165233,CARD19,0.6663348416289593,22.1
ENSG00000100418,DESI1,0.6662857142857141,45.5
ENSG00000120688,WBP4,0.66625,38.4
ENSG00000177189,RPS6KA3,0.666236559139785,55.8
ENSG00000119718,EIF2B2,0.6661682242990655,10.7
ENSG00000026103,FAS,0.6661635220125787,15.9
ENSG00000165689,ENTR1,0.6661333333333335,45.0
ENSG00000162869,PPP1R21,0.6660952380952381,31.5
ENSG00000166046,TCP11L2,0.6660350877192982,28.5
ENSG00000122376,SHLD2,0.6660344827586206,34.8
ENSG00000132507,EIF5A,0.6660328638497652,596.4
ENSG00000116903,EXOC8,0.6659119496855347,15.9
ENSG00000167302,TEPSIN,0.6657926829268292,32.8
ENSG00000116260,QSOX1,0.6657506361323154,235.8
ENSG00000182923,CEP63,0.6657303370786516,35.6
ENSG00000103160,HSDL1,0.6656603773584905,31.8
ENSG00000122034,GTF3A,0.665617529880478,150.6
ENSG00000114698,PLSCR4,0.6656024096385542,66.4
ENSG00000198818,SFT2D1,0.6655760773966578,113.7
ENSG00000147894,C9orf72,0.6655688622754491,33.4
ENSG00000140750,ARHGAP17,0.6655045871559634,65.4
ENSG00000102878,HSF4,0.6654961832061068,39.3
ENSG00000265808,SEC22B,0.6654644808743169,54.9
ENSG00000198816,ZNF358,0.6654346504559271,164.5
ENSG00000060069,CTDP1,0.6654166666666664,24.0
ENSG00000152382,TADA1,0.6652799999999999,25.0
ENSG00000066084,DIP2B,0.6652329749103942,27.9
ENSG00000164062,APEH,0.6652209660842755,97.3
ENSG00000163932,PRKCD,0.6651914893617021,70.5
ENSG00000278259,MYO19,0.6651882845188284,23.9
ENSG00000155111,CDK19,0.6651587301587302,25.2
ENSG00000010818,HIVEP2,0.6651301115241637,26.9
ENSG00000213465,ARL2,0.6651205029689138,286.3
ENSG00000205808,PLPP6,0.6651136363636364,17.6
ENSG00000085491,SLC25A24,0.6650331125827814,15.1
ENSG00000132471,WBP2,0.6650230414746544,390.6
ENSG00000123684,LPGAT1,0.66498687664042,38.1
ENSG00000227500,SCAMP4,0.6649579831932774,71.4
ENSG00000144152,FBLN7,0.6649572649572648,11.7
ENSG00000145555,MYO10,0.6649343832020997,38.1
ENSG00000131116,ZNF428,0.664922547332186,116.2
ENSG00000167106,FAM102A,0.6649196787148594,99.6
ENSG00000123064,DDX54,0.6649101796407186,50.1
ENSG00000116525,TRIM62,0.6648739495798318,11.9
ENSG00000264343,NOTCH2NLA,0.664825396825397,31.5
ENSG00000168917,SLC35G2,0.6647872340425534,18.8
ENSG00000131127,ZNF141,0.6646969696969696,13.2
ENSG00000119403,PHF19,0.6646494464944649,54.2
ENSG00000164342,TLR3,0.6646280991735536,12.1
ENSG00000182179,UBA7,0.6646178343949045,62.8
ENSG00000124688,MAD2L1BP,0.6645940594059405,50.5
ENSG00000089248,ERP29,0.6645750097924011,255.3
ENSG00000120963,ZNF706,0.6645394481150407,257.3
ENSG00000198836,OPA1,0.6644711538461539,41.6
ENSG00000156973,PDE6D,0.66446511627907,64.5
ENSG00000178381,ZFAND2A,0.6642051282051282,78.0
ENSG00000164985,PSIP1,0.6641841004184101,143.4
ENSG00000137337,MDC1,0.6641134751773049,28.2
ENSG00000104626,ERI1,0.6640983606557376,12.2
ENSG00000011243,AKAP8L,0.6640909090909091,52.8
ENSG00000116489,CAPZA1,0.6640273037542663,175.8
ENSG00000100997,ABHD12,0.6640255591054313,125.2
ENSG00000010704,HFE,0.664,14.5
ENSG00000184863,RBM33,0.6639249146757679,58.6
ENSG00000180398,MCFD2,0.6638930774503083,145.9
ENSG00000181220,ZNF746,0.663864734299517,20.7
ENSG00000214253,FIS1,0.6637374445223078,428.1
ENSG00000136986,DERL1,0.6637308868501529,98.1
ENSG00000163565,IFI16,0.6636252856054837,131.3
ENSG00000122417,ODF2L,0.6636144578313253,24.9
ENSG00000157500,APPL1,0.6635835351089588,41.3
ENSG00000120256,LRP11,0.6635820895522389,40.2
ENSG00000062598,ELMO2,0.6635526315789474,76.0
ENSG00000102804,TSC22D1,0.6635147928994083,338.0
ENSG00000112759,SLC29A1,0.6635033259423504,135.3
ENSG00000107581,EIF3A,0.6634813925570228,166.6
ENSG00000163635,ATXN7,0.6634782608695652,23.0
ENSG00000172687,ZNF738,0.6634108527131783,12.9
ENSG00000166295,ANAPC16,0.6632867132867133,57.2
ENSG00000115875,SRSF7,0.6632428115015974,125.2
ENSG00000130304,SLC27A1,0.6631767337807607,44.7
ENSG00000145050,MANF,0.6631480324797002,160.1
ENSG00000163584,RPL22L1,0.6630646992054483,88.1
ENSG00000105193,RPS16,0.6630598821150945,3511.9
ENSG00000163682,RPL9,0.6630529760796106,3758.3
ENSG00000107815,TWNK,0.6630508474576271,11.8
ENSG00000067141,NEO1,0.6630174081237912,51.7
ENSG00000138777,PPA2,0.6629878048780488,32.8
ENSG00000172493,AFF1,0.6629830508474577,59.0
ENSG00000082458,DLG3,0.662923976608187,34.2
ENSG00000149582,TMEM25,0.6629149797570849,49.4
ENSG00000086232,EIF2AK1,0.6629029029029029,99.9
ENSG00000101928,MOSPD1,0.6628458498023717,25.3
ENSG00000134590,RTL8C,0.6628303655107779,426.8
ENSG00000212747,RTL8B,0.6628187919463087,29.8
ENSG00000100376,FAM118A,0.6627707006369427,62.8
ENSG00000159256,MORC3,0.6626993865030676,32.6
ENSG00000167130,DOLPP1,0.662591093117409,24.7
ENSG00000154814,OXNAD1,0.6624852071005917,16.9
ENSG00000138031,ADCY3,0.6624666666666665,90.0
ENSG00000108389,MTMR4,0.6624181360201511,39.7
ENSG00000197694,SPTAN1,0.662188679245283,132.5
ENSG00000129255,MPDU1,0.6621814671814671,103.6
ENSG00000170759,KIF5B,0.6621736334405144,155.5
ENSG00000158163,DZIP1L,0.6621359223300972,10.3
ENSG00000161204,ABCF3,0.6619495798319328,59.5
ENSG00000119632,IFI27L2,0.6619307832422586,219.6
ENSG00000103351,CLUAP1,0.6619302949061663,37.3
ENSG00000079950,STX7,0.6618793828892006,71.3
ENSG00000175756,AURKAIP1,0.6618249075215782,324.4
ENSG00000117411,B4GALT2,0.6617522658610271,66.2
ENSG00000169744,LDB2,0.6617320261437908,61.2
ENSG00000181929,PRKAG1,0.6616972878390202,114.3
ENSG00000118518,RNF146,0.6615822784810128,94.8
ENSG00000104660,LEPROTL1,0.6615427769985974,71.3
ENSG00000162613,FUBP1,0.6615347137637028,82.1
ENSG00000137486,ARRB1,0.66148,50.0
ENSG00000284194,SCO2,0.661453744493392,45.4
ENSG00000186567,CEACAM19,0.6613740458015268,13.1
ENSG00000160285,LSS,0.6613143872113677,56.3
ENSG00000107020,PLGRKT,0.6612021857923497,54.9
ENSG00000079482,OPHN1,0.6611666666666666,12.0
ENSG00000135966,TGFBRAP1,0.661121495327103,21.4
ENSG00000158526,TSR2,0.6610372771474878,61.7
ENSG00000084463,WBP11,0.6610305958132046,62.1
ENSG00000074219,TEAD2,0.6609633911368015,51.9
ENSG00000171163,ZNF692,0.6609393346379647,51.1
ENSG00000144199,FAHD2B,0.6609132420091325,43.8
ENSG00000101940,WDR13,0.6608442982456141,182.4
ENSG00000130348,QRSL1,0.6608040201005023,19.9
ENSG00000175309,PHYKPL,0.660771208226221,38.9
ENSG00000135070,ISCA1,0.6606490872210952,98.6
ENSG00000100490,CDKL1,0.6606417112299465,18.7
ENSG00000124571,XPO5,0.6606306306306307,22.2
ENSG00000023287,RB1CC1,0.6606085192697768,49.3
ENSG00000163322,ABRAXAS1,0.6605882352941177,10.2
ENSG00000219545,UMAD1,0.6605095541401274,31.4
ENSG00000129128,SPCS3,0.6604710920770878,93.4
ENSG00000277972,CISD3,0.6604484304932734,22.3
ENSG00000172650,AGAP5,0.6604195804195804,14.3
ENSG00000178074,C2orf69,0.6603827751196172,20.9
ENSG00000138107,ACTR1A,0.660360576923077,166.4
ENSG00000188315,C3orf62,0.6603571428571428,16.8
ENSG00000198034,RPS4X,0.660332261521972,2239.2
ENSG00000149218,ENDOD1,0.660267558528428,59.8
ENSG00000126814,TRMT5,0.660248447204969,16.1
ENSG00000153879,CEBPG,0.6602252252252252,44.4
ENSG00000187257,RSBN1L,0.6601433691756271,27.9
ENSG00000149480,MTA2,0.660089928057554,111.2
ENSG00000120008,WDR11,0.6600550964187327,36.3
ENSG00000171490,RSL1D1,0.6600432432432431,92.5
ENSG00000115504,EHBP1,0.6600397614314116,50.3
ENSG00000166886,NAB2,0.6600344234079172,58.1
ENSG00000265681,RPL17,0.6598206166303332,4816.5
ENSG00000104889,RNASEH2A,0.6596911196911195,25.9
ENSG00000139218,SCAF11,0.6596445497630333,84.4
ENSG00000118922,KLF12,0.659622641509434,10.6
ENSG00000120318,ARAP3,0.6595862068965518,14.5
ENSG00000173548,SNX33,0.6595652173913042,41.4
ENSG00000021762,OSBPL5,0.659492957746479,35.5
ENSG00000086589,RBM22,0.6593760262725781,60.9
ENSG00000099797,TECR,0.6593639977285634,352.2
ENSG00000137161,CNPY3,0.6593308550185872,134.5
ENSG00000108510,MED13,0.6593167701863354,32.2
ENSG00000277258,PCGF2,0.6593117408906882,49.4
ENSG00000133056,PIK3C2B,0.6592473118279569,18.6
ENSG00000166938,DIS3L,0.6592424242424242,26.4
ENSG00000169398,PTK2,0.6592342752962626,109.7
ENSG00000215012,RTL10,0.6592063492063492,12.6
ENSG00000105327,BBC3,0.659009900990099,10.1
ENSG00000126457,PRMT1,0.6589969203695557,227.3
ENSG00000111880,RNGTT,0.658888888888889,16.2
ENSG00000139192,TAPBPL,0.6588888888888889,32.4
ENSG00000203965,EFCAB7,0.6588235294117648,13.6
ENSG00000108953,YWHAE,0.6588177791354819,654.7
ENSG00000138758,SEPTIN11,0.6588161209068011,79.4
ENSG00000165118,C9orf64,0.6587772925764193,22.9
ENSG00000131269,ABCB7,0.6587671232876713,29.2
ENSG00000205572,SERF1B,0.6587453874538746,27.1
ENSG00000173545,ZNF622,0.6587265917602997,53.4
ENSG00000143553,SNAPIN,0.6587164527421236,85.7
ENSG00000117298,ECE1,0.6586688851913478,120.2
ENSG00000148362,PAXX,0.6586646884272999,67.4
ENSG00000213160,KLHL23,0.6586610878661088,23.9
ENSG00000116128,BCL9,0.6586503067484663,16.3
ENSG00000147202,DIAPH2,0.658625,16.0
ENSG00000162642,C1orf52,0.6586175115207373,21.7
ENSG00000196943,NOP9,0.65859375,25.6
ENSG00000177732,SOX12,0.6585185185185185,16.2
ENSG00000155099,PIP4P2,0.6585159010600706,28.3
ENSG00000183891,TTC32,0.6584709480122325,32.7
ENSG00000144827,ABHD10,0.658455114822547,47.9
ENSG00000176542,USF3,0.6583999999999999,17.5
ENSG00000188706,ZDHHC9,0.6582509505703422,52.6
ENSG00000183337,BCOR,0.6582500000000002,24.0
ENSG00000163479,SSR2,0.6582344661170321,497.3
ENSG00000163945,UVSSA,0.6582142857142856,16.8
ENSG00000149823,VPS51,0.6581892332789561,122.6
ENSG00000265354,TIMM23,0.6581066030230707,125.7
ENSG00000170677,SOCS6,0.6581060606060606,26.4
ENSG00000114978,MOB1A,0.6580756013745704,87.3
ENSG00000140464,PML,0.6580352644836274,79.4
ENSG00000164548,TRA2A,0.6580133715377269,104.7
ENSG00000113838,TBCCD1,0.6579888268156422,17.9
ENSG00000133794,BMAL1,0.6576958525345623,21.7
ENSG00000140931,CMTM3,0.6576791808873719,58.6
ENSG00000088179,PTPN4,0.6575939849624061,13.3
ENSG00000136878,USP20,0.6575415282392026,30.1
ENSG00000132357,CARD6,0.6575409836065573,12.2
ENSG00000126216,TUBGCP3,0.6573559322033898,29.5
ENSG00000135968,GCC2,0.6573456790123458,32.4
ENSG00000156639,ZFAND3,0.6573275109170307,114.5
ENSG00000198855,FICD,0.657258064516129,12.4
ENSG00000196504,PRPF40A,0.6572351421188631,77.4
ENSG00000130338,TULP4,0.6572222222222223,10.8
ENSG00000184640,SEPTIN9,0.6571770532397856,242.3
ENSG00000132780,NASP,0.6571483622350676,155.7
ENSG00000007168,PAFAH1B1,0.6571224489795918,98.0
ENSG00000139112,GABARAPL1,0.6571140583554377,377.0
ENSG00000204267,TAP2,0.6570818505338079,28.1
ENSG00000023191,RNH1,0.6570259319286872,246.8
ENSG00000136636,KCTD3,0.6569272976680385,72.9
ENSG00000198001,IRAK4,0.6568715083798883,17.9
ENSG00000180304,OAZ2,0.6568599281682915,194.9
ENSG00000112695,COX7A2,0.6567754518268104,769.1
ENSG00000114520,SNX4,0.6567485822306237,52.9
ENSG00000125170,DOK4,0.6567023554603856,46.7
ENSG00000126785,RHOJ,0.6566552901023893,29.3
ENSG00000129595,EPB41L4A,0.6566216216216216,14.8
ENSG00000156313,RPGR,0.6566060606060605,16.5
ENSG00000125746,EML2,0.6565570599613153,51.7
ENSG00000184584,STING1,0.6565371024734982,56.6
ENSG00000205250,E2F4,0.6565301724137932,92.8
ENSG00000133393,CEP20,0.6563972286374135,43.3
ENSG00000197601,FAR1,0.6563870967741936,62.0
ENSG00000068028,RASSF1,0.6563018867924529,79.5
ENSG00000183155,RABIF,0.6562962962962964,13.5
ENSG00000171295,ZNF440,0.6562337662337663,15.4
ENSG00000152082,MZT2B,0.6562291337199088,569.1
ENSG00000135404,CD63,0.6562043277758071,1691.4
ENSG00000132394,EEFSEC,0.6561316872427985,24.3
ENSG00000158710,TAGLN2,0.6560184002044468,782.6
ENSG00000100099,HPS4,0.6559999999999999,22.0
ENSG00000128463,EMC4,0.6559980089596814,200.9
ENSG00000140280,LYSMD2,0.6559817351598173,43.8
ENSG00000147050,KDM6A,0.6559776536312849,17.9
ENSG00000198933,TBKBP1,0.6559537572254335,34.6
ENSG00000196781,TLE1,0.6559294117647058,85.0
ENSG00000151458,ANKRD50,0.6558865248226949,14.1
ENSG00000027001,MIPEP,0.6558823529411765,23.8
ENSG00000244005,NFS1,0.6558375634517766,39.4
ENSG00000205581,HMGN1,0.6557898550724636,276.0
ENSG00000159063,ALG8,0.6557727272727273,44.0
ENSG00000122694,GLIPR2,0.6557549857549857,70.2
ENSG00000183060,LYSMD4,0.6557142857142857,16.8
ENSG00000161265,U2AF1L4,0.6555932203389829,11.8
ENSG00000114796,KLHL24,0.6555760368663595,43.4
ENSG00000171155,C1GALT1C1,0.6555692307692307,32.5
ENSG00000157227,MMP14,0.6555630026809651,149.2
ENSG00000270629,NBPF14,0.6555144032921811,48.6
ENSG00000137200,CMTR1,0.6555008210180623,60.9
ENSG00000152443,ZNF776,0.6554901960784314,20.4
ENSG00000130522,JUND,0.6552868447082096,404.4
ENSG00000170892,TSEN34,0.6552761904761905,52.5
ENSG00000110888,CAPRIN2,0.6551807228915664,16.6
ENSG00000088888,MAVS,0.6551428571428572,35.0
ENSG00000095564,BTAF1,0.6550877192982455,39.9
ENSG00000112511,PHF1,0.6550705754614549,92.1
ENSG00000167566,NCKAP5L,0.6550375939849624,26.6
ENSG00000185347,TEDC1,0.655036496350365,13.7
ENSG00000114554,PLXNA1,0.6550204081632652,24.5
ENSG00000169019,COMMD8,0.6549763033175355,42.2
ENSG00000141867,BRD4,0.6549576988155669,59.1
ENSG00000130349,MTRES1,0.6549360613810741,39.1
ENSG00000256537,SMIM10L1,0.6548571428571429,21.0
ENSG00000185829,ARL17A,0.6548010610079577,37.7
ENSG00000134744,TUT4,0.6547903430749682,78.7
ENSG00000167196,FBXO22,0.6547783251231527,20.3
ENSG00000171466,ZNF562,0.6547297297297296,14.8
ENSG00000140350,ANP32A,0.6547223691168695,189.1
ENSG00000117899,MESD,0.6546401985111662,40.3
ENSG00000136518,ACTL6A,0.654623287671233,58.4
ENSG00000181991,MRPS11,0.65453125,25.6
ENSG00000106153,CHCHD2,0.6544569288389513,854.4
ENSG00000110911,SLC11A2,0.6544554455445544,50.5
ENSG00000106125,MINDY4,0.6544347826086957,11.5
ENSG00000101266,CSNK2A1,0.6543545279383429,103.8
ENSG00000147403,RPL10,0.6543306128656157,7890.8
ENSG00000100911,PSME2,0.6542721142403808,252.1
ENSG00000102471,NDFIP2,0.6542413793103448,58.0
ENSG00000076248,UNG,0.6542379182156134,53.8
ENSG00000158156,XKR8,0.654235807860262,22.9
ENSG00000174151,CYB561D1,0.6541666666666667,16.8
ENSG00000160606,TLCD1,0.6541463414634145,20.5
ENSG00000160211,G6PD,0.654134007585335,79.1
ENSG00000137404,NRM,0.6540703517587939,19.9
ENSG00000144791,LIMD1,0.6540372670807453,16.1
ENSG00000065559,MAP2K4,0.6539712918660286,41.8
ENSG00000019144,PHLDB1,0.6539655172413792,46.4
ENSG00000198931,APRT,0.6538943752683555,232.9
ENSG00000103202,NME4,0.6538461538461539,187.2
ENSG00000184898,RBM43,0.6538235294117647,13.6
ENSG00000108406,DHX40,0.6538121546961326,54.3
ENSG00000172007,RAB33B,0.6538064516129032,15.5
ENSG00000163947,ARHGEF3,0.653658536585366,49.2
ENSG00000020922,MRE11,0.6536150234741784,21.3
ENSG00000124831,LRRFIP1,0.6535679374389052,102.3
ENSG00000114861,FOXP1,0.6535119047619048,33.6
ENSG00000168288,MMADHC,0.6534846192637418,198.3
ENSG00000070882,OSBPL3,0.6534814814814814,13.5
ENSG00000033100,CHPF2,0.653455497382199,38.2
ENSG00000125656,CLPP,0.6534507501630791,153.3
ENSG00000149474,KAT14,0.6533898305084747,23.6
ENSG00000146409,SLC18B1,0.6533812949640289,27.8
ENSG00000164924,YWHAZ,0.6533762671437091,838.5
ENSG00000148300,REXO4,0.6533527696793002,34.3
ENSG00000164164,OTUD4,0.6533333333333333,37.8
ENSG00000133247,KMT5C,0.6533333333333333,12.3
ENSG00000167526,RPL13,0.6532782210917146,4874.9
ENSG00000151914,DST,0.6532531055900621,257.6
ENSG00000204271,SPIN3,0.6532352941176471,13.6
ENSG00000151093,OXSM,0.653170731707317,20.5
ENSG00000145246,ATP10D,0.6531428571428571,14.0
ENSG00000118965,WDR35,0.6530882352941176,13.6
ENSG00000146966,DENND2A,0.652972972972973,33.3
ENSG00000077092,RARB,0.65296875,12.8
ENSG00000132017,DCAF15,0.6529302325581395,43.0
ENSG00000204498,NFKBIL1,0.6529297820823246,41.3
ENSG00000132300,PTCD3,0.6528613569321534,33.9
ENSG00000167881,SRP68,0.6528588661037396,82.9
ENSG00000215193,PEX26,0.6528342245989305,18.7
ENSG00000180776,ZDHHC20,0.6527717391304347,36.8
ENSG00000117593,DARS2,0.6526881720430108,18.6
ENSG00000109736,MFSD10,0.6526602564102564,62.4
ENSG00000108961,RANGRF,0.6525229357798165,87.2
ENSG00000205544,TMEM256,0.6523439099283521,195.4
ENSG00000185340,GAS2L1,0.6523104693140794,55.4
ENSG00000239264,TXNDC5,0.6522963509030594,271.3
ENSG00000075945,KIFAP3,0.6521724709784412,60.3
ENSG00000081721,DUSP12,0.652054794520548,29.2
ENSG00000204604,ZNF468,0.6520353982300885,11.3
ENSG00000135045,C9orf40,0.652,11.0
ENSG00000138802,SEC24B,0.6519444444444444,43.2
ENSG00000188976,NOC2L,0.6519420289855071,69.0
ENSG00000143322,ABL2,0.6519266055045871,10.9
ENSG00000198589,LRBA,0.651862464183381,34.9
ENSG00000034510,TMSB10,0.6518363012579644,4896.8
ENSG00000159459,UBR1,0.6517796610169492,23.6
ENSG00000176946,THAP4,0.651759581881533,114.8
ENSG00000087448,KLHL42,0.6517377049180328,30.5
ENSG00000204520,MICA,0.6517227722772277,50.5
ENSG00000141568,FOXK2,0.6517206982543641,40.1
ENSG00000143515,ATP8B2,0.6516467780429595,41.9
ENSG00000234465,PINLYP,0.6515953307392996,25.7
ENSG00000005436,GCFC2,0.6515789473684211,28.5
ENSG00000100983,GSS,0.6514375000000001,64.0
ENSG00000145860,RNF145,0.6513832853025937,69.4
ENSG00000206560,ANKRD28,0.6513740458015268,26.2
ENSG00000217555,CKLF,0.6513603818615752,83.8
ENSG00000107679,PLEKHA1,0.6511464968152866,62.8
ENSG00000047346,ATOSA,0.6509647058823531,42.5
ENSG00000198276,UCKL1,0.65096,100.0
ENSG00000186132,C2orf76,0.6509535452322739,40.9
ENSG00000121716,PILRB,0.6508939393939395,264.0
ENSG00000172273,HINFP,0.6508045977011494,17.4
ENSG00000164048,ZNF589,0.6506896551724138,23.2
ENSG00000126858,RHOT1,0.6506581740976647,47.1
ENSG00000023041,ZDHHC6,0.6506000000000001,40.0
ENSG00000154582,ELOC,0.6504092339979013,190.6
ENSG00000109686,SH3D19,0.6503915662650602,66.4
ENSG00000137942,FNBP1L,0.6503448275862069,40.6
ENSG00000187961,KLHL17,0.6503389830508474,11.8
ENSG00000124356,STAMBP,0.6503225806451611,27.9
ENSG00000163960,UBXN7,0.6502439024390243,20.5
ENSG00000162636,FAM102B,0.6502,20.0
ENSG00000103507,BCKDK,0.6501228501228501,81.4
ENSG00000011007,ELOA,0.6500890207715133,33.7
ENSG00000040933,INPP4A,0.6500833333333332,24.0
ENSG00000146476,ARMT1,0.6500775193798449,38.7
ENSG00000158941,CCAR2,0.6500569568755086,122.9
ENSG00000204315,FKBPL,0.65,10.4
ENSG00000177700,POLR2L,0.6499457504520795,165.9
ENSG00000185989,RASA3,0.6499342105263157,30.4
ENSG00000075399,VPS9D1,0.6499310344827586,43.5
ENSG00000011260,UTP18,0.6499270072992701,54.8
ENSG00000120725,SIL1,0.6499217527386542,63.9
ENSG00000103381,CPPED1,0.6499065420560748,32.1
ENSG00000111605,CPSF6,0.6498235294117647,68.0
ENSG00000167632,TRAPPC9,0.6498089171974523,31.4
ENSG00000178605,GTPBP6,0.6497904191616766,66.8
ENSG00000178952,TUFM,0.6497586660816147,227.9
ENSG00000184575,XPOT,0.6497446808510638,47.0
ENSG00000125107,CNOT1,0.6497425742574258,101.0
ENSG00000196724,ZNF418,0.6497391304347826,11.5
ENSG00000116698,SMG7,0.6496160877513713,54.7
ENSG00000164187,LMBRD2,0.6495172413793102,14.5
ENSG00000137947,GTF2B,0.6494718909710393,58.7
ENSG00000136451,VEZF1,0.6494027565084227,65.3
ENSG00000196323,ZBTB44,0.6493604651162791,34.4
ENSG00000204843,DCTN1,0.6493244246473645,134.7
ENSG00000196646,ZNF136,0.6493150684931506,14.6
ENSG00000018408,WWTR1,0.64928,62.5
ENSG00000090447,TFAP4,0.6492307692307692,14.3
ENSG00000110218,PANX1,0.6492156862745097,20.4
ENSG00000100263,RHBDD3,0.6491666666666667,21.6
ENSG00000146540,C7orf50,0.6491620879120878,145.6
ENSG00000128159,TUBGCP6,0.6491428571428572,35.0
ENSG00000163466,ARPC2,0.6491265779597408,586.2
ENSG00000103037,SETD6,0.6490995260663507,21.1
ENSG00000082153,BZW1,0.649066918001885,212.2
ENSG00000084092,NOA1,0.649054441260745,34.9
ENSG00000263020,ENSG00000263020,0.6490445859872611,15.7
ENSG00000229117,RPL41,0.6490023772743672,10810.7
ENSG00000170473,PYM1,0.6489111747851003,69.8
ENSG00000147862,NFIB,0.6488829787234043,37.6
ENSG00000163697,APBB2,0.6488717948717949,39.0
ENSG00000138071,ACTR2,0.6488063439065108,239.6
ENSG00000101350,KIF3B,0.6487471526195899,43.9
ENSG00000143179,UCK2,0.6487452471482891,26.3
ENSG00000174738,NR1D2,0.6486666666666666,51.0
ENSG00000168282,MGAT2,0.6486614173228347,38.1
ENSG00000164323,CFAP97,0.6486127167630059,34.6
ENSG00000145725,PPIP5K2,0.648537170263789,41.7
ENSG00000101639,CEP192,0.6485185185185185,10.8
ENSG00000058804,NDC1,0.6484883720930233,17.2
ENSG00000196865,NHLRC2,0.6484415584415585,15.4
ENSG00000174928,C3orf33,0.6484313725490195,10.2
ENSG00000168216,LMBRD1,0.6484274193548387,49.6
ENSG00000164818,DNAAF5,0.6484070796460177,22.6
ENSG00000125863,MKKS,0.6483905013192611,37.9
ENSG00000096063,SRPK1,0.6482973621103117,41.7
ENSG00000126391,FRMD8,0.6482864450127878,39.1
ENSG00000111725,PRKAB1,0.6482730923694779,49.8
ENSG00000213096,ZNF254,0.6482278481012659,15.8
ENSG00000112902,SEMA5A,0.6481967213114753,12.2
ENSG00000148399,DPH7,0.6481818181818181,13.2
ENSG00000105698,USF2,0.6481364985163204,337.0
ENSG00000130396,AFDN,0.6481225033288948,75.1
ENSG00000197070,ARRDC1,0.6481008403361345,59.5
ENSG00000105221,AKT2,0.6480758807588074,110.7
ENSG00000119917,IFIT3,0.6480357142857143,44.8
ENSG00000169291,SHE,0.6479816513761467,21.8
ENSG00000146083,RNF44,0.6479230769230768,52.0
ENSG00000173230,GOLGB1,0.6479017857142857,44.8
ENSG00000012822,CALCOCO1,0.6478426051560381,221.1
ENSG00000179195,ZNF664,0.6478187403993856,130.2
ENSG00000123908,AGO2,0.6478048780487805,16.4
ENSG00000112406,HECA,0.6478048780487804,36.9
ENSG00000056586,RC3H2,0.6477777777777777,30.6
ENSG00000145495,MARCHF6,0.647617728531856,72.2
ENSG00000137962,ARHGAP29,0.6476146788990824,21.8
ENSG00000005194,CIAPIN1,0.647527559055118,63.5
ENSG00000162066,AMDHD2,0.6473831775700934,21.4
ENSG00000087206,UIMC1,0.6473809523809524,58.8
ENSG00000112651,MRPL2,0.6473118279569893,74.4
ENSG00000141644,MBD1,0.6473008323424494,84.1
ENSG00000166979,EVA1C,0.6472786885245901,30.5
ENSG00000137817,PARP6,0.6471976401179941,67.8
ENSG00000151690,MFSD6,0.6471617161716172,60.6
ENSG00000049245,VAMP3,0.6470194384449244,185.2
ENSG00000131323,TRAF3,0.6468926553672315,17.7
ENSG00000173846,PLK3,0.6467980295566502,20.3
ENSG00000081386,ZNF510,0.6467889908256881,10.9
ENSG00000151689,INPP1,0.6467737226277371,68.5
ENSG00000074696,HACD3,0.6467565139263252,111.3
ENSG00000141552,ANAPC11,0.6467041067041066,284.9
ENSG00000185238,PRMT3,0.6467027027027027,18.5
ENSG00000087157,PGS1,0.6466844919786096,37.4
ENSG00000077782,FGFR1,0.6466743916570104,86.3
ENSG00000167657,DAPK3,0.6466666666666666,106.5
ENSG00000118707,TGIF2,0.6466079295154185,22.7
ENSG00000130517,PGPEP1,0.6465524625267666,46.7
ENSG00000131171,SH3BGRL,0.646455938697318,313.2
ENSG00000158079,PTPDC1,0.6464077669902913,10.3
ENSG00000104412,EMC2,0.6463529411764707,25.5
ENSG00000168172,HOOK3,0.6462564102564103,19.5
ENSG00000106080,FKBP14,0.6461538461538461,13.0
ENSG00000126705,AHDC1,0.6460641399416909,34.3
ENSG00000008838,MED24,0.6460377358490567,79.5
ENSG00000112787,FBRSL1,0.646008064516129,49.6
ENSG00000136504,KAT7,0.6459627329192547,48.3
ENSG00000205659,LIN52,0.6459354838709678,15.5
ENSG00000116586,LAMTOR2,0.6458795749704841,169.4
ENSG00000155975,VPS37A,0.6458546168958742,50.9
ENSG00000035681,NSMAF,0.645808383233533,33.4
ENSG00000239305,RNF103,0.6457367387033399,50.9
ENSG00000011132,APBA3,0.6457342657342657,14.3
ENSG00000104904,OAZ1,0.6456794637416209,492.3
ENSG00000075292,ZNF638,0.6456241032998565,69.7
ENSG00000136802,LRRC8A,0.645570652173913,73.6
ENSG00000172932,ANKRD13D,0.6455395683453239,27.8
ENSG00000137693,YAP1,0.645458089668616,102.6
ENSG00000107554,DNMBP,0.6454362416107383,29.8
ENSG00000196576,PLXNB2,0.6454126213592233,82.4
ENSG00000164081,TEX264,0.6453950953678473,110.1
ENSG00000070759,TESK2,0.6453793103448275,14.5
ENSG00000170889,RPS9,0.6453722327097994,2913.5
ENSG00000164880,INTS1,0.6453686200378073,52.9
ENSG00000142444,TIMM29,0.6453556485355649,23.9
ENSG00000154174,TOMM70,0.6453521126760563,71.0
ENSG00000157796,WDR19,0.6453403141361257,19.1
ENSG00000164307,ERAP1,0.6453355704697986,59.6
ENSG00000265241,RBM8A,0.6452286282306163,201.2
ENSG00000070061,ELP1,0.6451449275362319,27.6
ENSG00000100124,ANKRD54,0.6451428571428572,38.5
ENSG00000137936,BCAR3,0.6450859106529211,29.1
ENSG00000221886,ZBED8,0.645,10.8
ENSG00000093167,LRRFIP2,0.6448818897637796,88.9
ENSG00000153339,TRAPPC8,0.644822695035461,28.2
ENSG00000204469,PRRC2A,0.6447848101265822,79.0
ENSG00000174748,RPL15,0.6447807074287784,3864.7
ENSG00000100908,EMC9,0.6447395833333333,38.4
ENSG00000153037,SRP19,0.6447389558232932,74.7
ENSG00000105705,SUGP1,0.6447328244274808,13.1
ENSG00000139826,ABHD13,0.6445454545454546,15.4
ENSG00000103495,MAZ,0.6445151280062065,257.8
ENSG00000122779,TRIM24,0.6444705882352941,25.5
ENSG00000121417,ZNF211,0.6444673539518901,29.1
ENSG00000196498,NCOR2,0.644393505253104,104.7
ENSG00000170954,ZNF415,0.6443781094527364,20.1
ENSG00000182004,SNRPE,0.64431330472103,93.2
ENSG00000112473,SLC39A7,0.6442622950819673,91.5
ENSG00000170364,SETMAR,0.6442105263157895,13.3
ENSG00000108306,FBXL20,0.644201680672269,11.9
ENSG00000197122,SRC,0.6442,20.0
ENSG00000124795,DEK,0.6441711229946523,149.6
ENSG00000158793,NIT1,0.6441530054644808,54.9
ENSG00000071082,RPL31,0.6440043559427505,5785.2
ENSG00000139233,LLPH,0.6439662447257384,47.4
ENSG00000178719,GRINA,0.6438612933458294,426.8
ENSG00000168646,AXIN2,0.6437931034482759,23.2
ENSG00000175110,MRPS22,0.6437431693989072,73.2
ENSG00000166136,NDUFB8,0.6436473515819411,562.6
ENSG00000164830,OXR1,0.6436413043478261,73.6
ENSG00000138448,ITGAV,0.643606998654105,74.3
ENSG00000025770,NCAPH2,0.6435897435897435,74.1
ENSG00000149308,NPAT,0.6435714285714286,14.0
ENSG00000138326,RPS24,0.6435482345266247,6131.5
ENSG00000155903,RASA2,0.6435175879396985,19.9
ENSG00000162385,MAGOH,0.6434887218045113,133.0
ENSG00000065243,PKN2,0.6434782608695652,46.0
ENSG00000133275,CSNK1G2,0.6434578441835646,93.7
ENSG00000105701,FKBP8,0.6434432850891956,594.2
ENSG00000232388,SMIM26,0.6434169550173011,231.2
ENSG00000133030,MPRIP,0.6433877681716298,312.3
ENSG00000100814,CCNB1IP1,0.6432730923694778,99.6
ENSG00000012174,MBTPS2,0.6431999999999999,17.5
ENSG00000135778,NTPCR,0.6431746031746032,12.6
ENSG00000257093,DENND11,0.6431304347826087,23.0
ENSG00000165525,NEMF,0.643073047858942,39.7
ENSG00000144677,CTDSPL,0.6429540918163673,50.1
ENSG00000108561,C1QBP,0.6428964401294499,247.2
ENSG00000123297,TSFM,0.6428903654485049,60.2
ENSG00000102531,FNDC3A,0.642779552715655,62.6
ENSG00000139146,SINHCAF,0.6427572016460905,48.6
ENSG00000196230,TUBB,0.6426811970247363,578.1
ENSG00000111676,ATN1,0.6426684164479439,228.6
ENSG00000156502,SUPV3L1,0.642509225092251,27.1
ENSG00000109790,KLHL5,0.6424555735056542,61.9
ENSG00000132952,USPL1,0.6423684210526317,22.8
ENSG00000143442,POGZ,0.6423459715639811,84.4
ENSG00000237172,B3GNT9,0.6423364485981307,21.4
ENSG00000183580,FBXL7,0.642265625,25.6
ENSG00000147905,ZCCHC7,0.6422317596566524,23.3
ENSG00000144959,NCEH1,0.6421782178217822,20.2
ENSG00000114742,WDR48,0.6420089285714287,44.8
ENSG00000165283,STOML2,0.6419830397912589,153.3
ENSG00000138386,NAB1,0.6419713831478537,62.9
ENSG00000196305,IARS1,0.64196,50.0
ENSG00000127452,FBXL12,0.641955990220049,40.9
ENSG00000090432,MUL1,0.6419532908704884,47.1
ENSG00000153130,SCOC,0.6419334186939821,156.2
ENSG00000142867,BCL10,0.6418823529411765,25.5
ENSG00000147130,ZMYM3,0.6418539325842697,35.6
ENSG00000203705,TATDN3,0.641779359430605,28.1
ENSG00000124193,SRSF6,0.6417749313815188,109.3
ENSG00000122126,OCRL,0.6417241379310344,34.8
ENSG00000163866,SMIM12,0.6416953316953317,81.4
ENSG00000100316,RPL3,0.6416948601171113,4918.4
ENSG00000133059,DSTYK,0.641657458563536,18.1
ENSG00000147471,PLPBP,0.6416438356164385,73.0
ENSG00000153936,HS2ST1,0.6416216216216216,22.2
ENSG00000005302,MSL3,0.641606648199446,36.1
ENSG00000059758,CDK17,0.6415859030837003,45.4
ENSG00000139266,MARCHF9,0.6415384615384616,37.7
ENSG00000117525,F3,0.6415200000000002,125.0
ENSG00000170734,POLH,0.6415037593984962,13.3
ENSG00000087191,PSMC5,0.6414834092387768,307.4
ENSG00000163818,LZTFL1,0.6414159292035398,11.3
ENSG00000143374,TARS2,0.6414046822742475,29.9
ENSG00000104866,PPP1R37,0.6413235294117647,40.8
ENSG00000110697,PITPNM1,0.6412107623318386,44.6
ENSG00000164684,ZNF704,0.6411612903225807,15.5
ENSG00000152217,SETBP1,0.6410218978102189,13.7
ENSG00000153066,TXNDC11,0.6409177820267686,52.3
ENSG00000099992,TBC1D10A,0.6409071274298056,46.3
ENSG00000142409,ZNF787,0.6408571428571429,42.0
ENSG00000147421,HMBOX1,0.6407843137254902,10.2
ENSG00000011523,CEP68,0.6407725321888412,23.3
ENSG00000149657,LSM14B,0.6407183908045977,69.6
ENSG00000147274,RBMX,0.6407162534435261,217.8
ENSG00000102317,RBM3,0.6407095187917105,284.7
ENSG00000136003,ISCU,0.6406899383983573,487.0
ENSG00000005700,IBTK,0.640673076923077,20.8
ENSG00000170852,KBTBD2,0.6406666666666666,54.0
ENSG00000181804,SLC9A9,0.6406486486486487,18.5
ENSG00000213722,DDAH2,0.6406400000000001,125.0
ENSG00000105248,YJU2,0.640622009569378,41.8
ENSG00000129625,REEP5,0.6406155218554862,224.2
ENSG00000177954,RPS27,0.6406145567595501,12190.9
ENSG00000179630,LACC1,0.6405813953488372,17.2
ENSG00000135486,HNRNPA1,0.6405776407593703,1232.6
ENSG00000099800,TIMM13,0.6405746320953049,142.7
ENSG00000057704,TMCC3,0.6405687203791469,21.1
ENSG00000110651,CD81,0.6405006358342815,1494.1
ENSG00000185298,CCDC137,0.6403934426229507,30.5
ENSG00000013364,MVP,0.6403632236095347,176.2
ENSG00000166949,SMAD3,0.6403059273422562,52.3
ENSG00000179218,CALR,0.6402958827634333,716.5
ENSG00000165527,ARF6,0.6402930402930402,81.9
ENSG00000118246,FASTKD2,0.6402923976608187,34.2
ENSG00000087842,PIR,0.6402688172043013,37.2
ENSG00000105723,GSK3A,0.6402642276422766,98.4
ENSG00000008869,HEATR5B,0.6402105263157893,28.5
ENSG00000163840,DTX3L,0.6402,30.0
ENSG00000100426,ZBED4,0.6401923076923077,10.4
ENSG00000214357,NEURL1B,0.6401916932907348,31.3
ENSG00000167283,ATP5MG,0.640154021677125,350.6
ENSG00000130305,NSUN5,0.640122699386503,32.6
ENSG00000145685,LHFPL2,0.6401183431952663,33.8
ENSG00000165630,PRPF18,0.6400961538461538,41.6
ENSG00000170540,ARL6IP1,0.6400594883997621,336.2
ENSG00000146834,MEPCE,0.6400261780104711,76.4
ENSG00000174705,SH3PXD2B,0.6400000000000001,27.9
ENSG00000104983,CCDC61,0.64,23.7
ENSG00000071553,ATP6AP1,0.6399065857076134,214.1
ENSG00000178685,PARP10,0.6398905109489051,54.8
ENSG00000076043,REXO2,0.6397655172413793,145.0
ENSG00000169359,SLC33A1,0.639659090909091,17.6
ENSG00000119414,PPP6C,0.6396330275229358,65.4
ENSG00000058799,YIPF1,0.6396135265700482,20.7
ENSG00000099804,CDC34,0.6396096654275092,107.6
ENSG00000171045,TSNARE1,0.6395890410958904,29.2
ENSG00000113119,TMCO6,0.6395522388059701,13.4
ENSG00000130731,METTL26,0.6394155381325731,140.3
ENSG00000177728,TMEM94,0.6394101123595506,71.2
ENSG00000163660,CCNL1,0.6393214285714286,56.0
ENSG00000197006,METTL9,0.6392125984251968,127.0
ENSG00000100815,TRIP11,0.6391666666666667,24.0
ENSG00000034693,PEX3,0.6390983606557377,24.4
ENSG00000104728,ARHGEF10,0.6390874524714829,26.3
ENSG00000166881,NEMP1,0.6390666666666668,15.0
ENSG00000099203,TMED1,0.6390413223140496,60.5
ENSG00000136628,EPRS1,0.6390330788804072,78.6
ENSG00000088986,DYNLL1,0.6389397735244012,997.9
ENSG00000213463,SYNJ2BP,0.6389051094890511,27.4
ENSG00000198162,MAN1A2,0.6388856304985338,34.1
ENSG00000113282,CLINT1,0.6387417840375587,106.5
ENSG00000160075,SSU72,0.6387326898866975,238.3
ENSG00000198185,ZNF334,0.6387323943661972,14.2
ENSG00000173482,PTPRM,0.6387162162162162,59.2
ENSG00000156976,EIF4A2,0.6387047502672979,654.7
ENSG00000066027,PPP2R5A,0.6385819070904646,81.8
ENSG00000196151,WDSUB1,0.6385454545454545,22.0
ENSG00000204178,MACO1,0.6385074626865673,26.8
ENSG00000119401,TRIM32,0.6384971098265896,17.3
ENSG00000070814,TCOF1,0.638448275862069,34.8
ENSG00000184216,IRAK1,0.6383728813559323,88.5
ENSG00000164930,FZD6,0.638326359832636,23.9
ENSG00000151413,NUBPL,0.6382716049382716,16.2
ENSG00000197324,LRP10,0.6381785500299582,166.9
ENSG00000143409,MINDY1,0.6381363636363637,44.0
ENSG00000175274,TP53I11,0.6381137309292648,72.1
ENSG00000169641,LUZP1,0.6381115879828326,23.3
ENSG00000134905,CARS2,0.6380885780885781,42.9
ENSG00000115306,SPTBN1,0.6380773606370876,175.8
ENSG00000089154,GCN1,0.6380335731414868,41.7
ENSG00000168564,CDKN2AIP,0.6379387186629526,35.9
ENSG00000185627,PSMD13,0.637923832923833,162.8
ENSG00000160294,MCM3AP,0.6378436657681941,37.1
ENSG00000149792,MRPL49,0.6378391356542616,83.3
ENSG00000111832,RWDD1,0.6376285240464346,120.6
ENSG00000143924,EML4,0.6375835475578406,38.9
ENSG00000104679,R3HCC1,0.6375773889636608,74.3
ENSG00000079459,FDFT1,0.6374814814814815,162.0
ENSG00000100154,TTC28,0.6374603174603174,12.6
ENSG00000125843,AP5S1,0.6374301675977654,17.9
ENSG00000139990,DCAF5,0.6374137931034481,69.6
ENSG00000124380,SNRNP27,0.6373472429210134,67.1
ENSG00000268350,FAM156A,0.6373292867981791,65.9
ENSG00000168461,RAB31,0.6372129538763494,101.9
ENSG00000159714,ZDHHC1,0.6371980676328503,20.7
ENSG00000146535,GNA12,0.6371264367816092,34.8
ENSG00000156958,GALK2,0.637112676056338,28.4
ENSG00000139546,TARBP2,0.637109375,25.6
ENSG00000173914,RBM4B,0.6370754716981132,42.4
ENSG00000155096,AZIN1,0.6369363707776905,127.3
ENSG00000177096,PHETA2,0.6368181818181818,17.6
ENSG00000109099,PMP22,0.6367154471544716,246.0
ENSG00000197622,CDC42SE1,0.6366889632107022,119.6
ENSG00000035687,ADSS2,0.6366565349544073,65.8
ENSG00000135124,P2RX4,0.6365070422535211,35.5
ENSG00000088833,NSFL1C,0.6364927536231885,69.0
ENSG00000168758,SEMA4C,0.6364376590330788,39.3
ENSG00000121931,LRIF1,0.6364166666666666,24.0
ENSG00000198715,GLMP,0.6363919129082426,64.3
ENSG00000125912,NCLN,0.6363879598662208,59.8
ENSG00000101972,STAG2,0.6362843295638126,61.9
ENSG00000166275,BORCS7,0.636267942583732,62.7
ENSG00000091409,ITGA6,0.636246719160105,76.2
ENSG00000122085,MTERF4,0.6362256809338522,51.4
ENSG00000113068,PFDN1,0.6362115796997855,139.9
ENSG00000240972,MIF,0.636160200250313,1198.5
ENSG00000127314,RAP1B,0.6361500191350938,261.3
ENSG00000040487,SLC66A1,0.636,31.0
ENSG00000126749,EMG1,0.6359556786703602,36.1
ENSG00000090924,PLEKHG2,0.6358208955223881,40.2
ENSG00000139675,HNRNPA1L2,0.6357377049180328,18.3
ENSG00000171863,RPS7,0.6357144851657941,2865.0
ENSG00000172667,ZMAT3,0.6356976744186046,17.2
ENSG00000237651,C2orf74,0.6356662180349933,74.3
ENSG00000050405,LIMA1,0.6356244897959185,122.5
ENSG00000179151,EDC3,0.6356172839506172,32.4
ENSG00000135521,LTV1,0.6355959595959596,49.5
ENSG00000234545,FAM133B,0.635568862275449,33.4
ENSG00000137845,ADAM10,0.6355154639175257,38.8
ENSG00000122140,MRPS2,0.6354545454545454,79.2
ENSG00000142949,PTPRF,0.635362035225049,102.2
ENSG00000159110,IFNAR2,0.6353191489361703,32.9
ENSG00000258659,TRIM34,0.6353125,12.8
ENSG00000186260,MRTFB,0.635281690140845,28.4
ENSG00000105647,PIK3R2,0.635263157894737,34.2
ENSG00000073803,MAP3K13,0.635223880597015,53.6
ENSG00000132510,KDM6B,0.635223880597015,33.5
ENSG00000111678,C12orf57,0.6351778941665162,553.7
ENSG00000112763,BTN2A1,0.6351412429378531,35.4
ENSG00000149084,HSD17B12,0.6350910530482977,126.3
ENSG00000134996,OSTF1,0.63502,100.0
ENSG00000013392,RWDD2A,0.635,10.8
ENSG00000178764,ZHX2,0.634985250737463,33.9
ENSG00000147548,NSD3,0.6348943661971831,56.8
ENSG00000114023,FAM162A,0.6348902821316615,191.4
ENSG00000115685,PPP1R7,0.6348364888123925,174.3
ENSG00000153443,UBALD1,0.6347889374090249,68.7
ENSG00000204628,RACK1,0.6347776946729826,2406.6
ENSG00000119820,YIPF4,0.6347674418604651,17.2
ENSG00000113621,TXNDC15,0.6347463359639233,88.7
ENSG00000145425,RPS3A,0.6346984788819395,5180.4
ENSG00000131495,NDUFA2,0.6346486283352123,266.1
ENSG00000005156,LIG3,0.6346192893401015,19.7
ENSG00000007923,DNAJC11,0.63455,40.0
ENSG00000103855,CD276,0.6344776119402986,26.8
ENSG00000155506,LARP1,0.63442,100.0
ENSG00000182224,CYB5D1,0.6344086021505376,27.9
ENSG00000070831,CDC42,0.6343399409531844,237.1
ENSG00000160783,PMF1,0.6342372881355933,106.2
ENSG00000147459,DOCK5,0.6342372881355931,17.7
ENSG00000197429,IPP,0.6341791044776118,13.4
ENSG00000077235,GTF3C1,0.634112,62.5
ENSG00000100664,EIF5,0.6340708446866485,183.5
ENSG00000126947,ARMCX1,0.6339614561027838,46.7
ENSG00000198169,ZNF251,0.633957219251337,37.4
ENSG00000148943,LIN7C,0.6337777777777778,22.5
ENSG00000157911,PEX10,0.6337426900584796,34.2
ENSG00000122515,ZMIZ2,0.6337086092715232,60.4
ENSG00000104880,ARHGEF18,0.6332386363636364,35.2
ENSG00000176994,SMCR8,0.6332203389830507,11.8
ENSG00000139197,PEX5,0.6331518624641834,69.8
ENSG00000077380,DYNC1I2,0.6330326797385621,153.0
ENSG00000156482,RPL30,0.6329916294433392,5328.2
ENSG00000168827,GFM1,0.632927241962775,59.1
ENSG00000103966,EHD4,0.6329268292682927,24.6
ENSG00000138399,FASTKD1,0.6327843137254903,25.5
ENSG00000162437,RAVER2,0.6327777777777777,25.2
ENSG00000108039,XPNPEP1,0.6327121464226289,60.1
ENSG00000100207,TCF20,0.6326451612903226,15.5
ENSG00000161277,THAP8,0.632482269503546,14.1
ENSG00000154889,MPPE1,0.632409090909091,44.0
ENSG00000110917,MLEC,0.6323466257668712,130.4
ENSG00000142676,RPL11,0.6322926926329403,2010.3
ENSG00000010295,IFFO1,0.6322699386503068,16.3
ENSG00000135387,CAPRIN1,0.6322019147084422,114.9
ENSG00000257949,TEN1,0.6321881390593047,48.9
ENSG00000198918,RPL39,0.6321784066206476,5244.2
ENSG00000134375,TIMM17A,0.6321307779030441,88.7
ENSG00000184840,TMED9,0.6320833333333333,96.0
ENSG00000153975,ZUP1,0.6319685039370078,12.7
ENSG00000148143,ZNF462,0.6319266055045872,10.9
ENSG00000118620,ZNF430,0.6318918918918919,11.1
ENSG00000157181,ODR4,0.6318688524590164,30.5
ENSG00000167202,TBC1D2B,0.6318378378378378,37.0
ENSG00000147419,CCDC25,0.6317486338797815,36.6
ENSG00000175970,UNC119B,0.6316666666666666,44.4
ENSG00000164347,GFM2,0.631611111111111,36.0
ENSG00000157216,SSBP3,0.6315337423312883,97.8
ENSG00000168393,DTYMK,0.6314857142857143,35.0
ENSG00000160613,PCSK7,0.6314685314685315,42.9
ENSG00000147044,CASK,0.6314569536423841,30.2
ENSG00000168028,RPSA,0.6314379889599301,2518.1
ENSG00000118705,RPN2,0.6313212195873114,324.7
ENSG00000074657,ZNF532,0.6312218649517686,62.2
ENSG00000180233,ZNRF2,0.6311504424778761,22.6
ENSG00000160058,BSDC1,0.6310591471801926,72.7
ENSG00000197265,GTF2E2,0.630961145194274,48.9
ENSG00000185650,ZFP36L1,0.6307682672233821,479.0
ENSG00000174021,GNG5,0.6307140039447732,253.5
ENSG00000151353,TMEM18,0.6306410256410256,31.2
ENSG00000213995,NAXD,0.6306043329532497,87.7
ENSG00000144306,SCRN3,0.630578947368421,38.0
ENSG00000183475,ASB7,0.6305785123966943,12.1
ENSG00000113594,LIFR,0.6305756929637526,46.9
ENSG00000089195,TRMT6,0.6305389221556885,16.7
ENSG00000160993,ALKBH4,0.6304504504504505,11.1
ENSG00000070047,PHRF1,0.6304313725490196,25.5
ENSG00000204822,MRPL53,0.6304046806435885,205.1
ENSG00000054267,ARID4B,0.6303205128205128,31.2
ENSG00000197712,FAM114A1,0.630173611111111,57.6
ENSG00000156162,DPY19L4,0.6300806451612903,24.8
ENSG00000102172,SMS,0.6300783699059561,127.6
ENSG00000160072,ATAD3B,0.6300740740740742,13.5
ENSG00000105640,RPL18A,0.6300719496103766,4016.7
ENSG00000117758,STX12,0.6300677200902934,88.6
ENSG00000103254,ANTKMT,0.6300471698113207,42.4
ENSG00000184903,IMMP2L,0.6300315457413249,31.7
ENSG00000107957,SH3PXD2A,0.6299530516431925,42.6
ENSG00000127914,AKAP9,0.6298969072164949,29.1
ENSG00000187231,SESTD1,0.6298666666666667,15.0
ENSG00000197785,ATAD3A,0.6298422712933753,31.7
ENSG00000107959,PITRM1,0.6298389458272328,68.3
ENSG00000139793,MBNL2,0.6298324022346369,89.5
ENSG00000128607,KLHDC10,0.6297464788732394,35.5
ENSG00000065135,GNAI3,0.6297318007662835,26.1
ENSG00000128923,MINDY2,0.6297041420118342,16.9
ENSG00000171467,ZNF318,0.6296326530612244,24.5
ENSG00000134313,KIDINS220,0.6295189873417723,39.5
ENSG00000070366,SMG6,0.6294578313253012,33.2
ENSG00000275074,NUDT18,0.6294409937888199,16.1
ENSG00000186575,NF2,0.6294117647058823,30.6
ENSG00000037897,METTL1,0.6293772893772894,27.3
ENSG00000161542,PRPSAP1,0.6293577981651377,65.4
ENSG00000108883,EFTUD2,0.6292721518987342,63.2
ENSG00000188846,RPL14,0.6292620320855614,187.0
ENSG00000105202,FBL,0.6292544570502432,246.8
ENSG00000219200,RNASEK,0.6292527729130181,685.2
ENSG00000059145,UNKL,0.6289705882352941,13.6
ENSG00000162928,PEX13,0.6288888888888888,23.4
ENSG00000162704,ARPC5,0.6288290713324362,148.6
ENSG00000136114,THSD1,0.6287272727272728,11.0
ENSG00000149929,HIRIP3,0.6286513994910942,39.3
ENSG00000177425,PAWR,0.6286153846153846,26.0
ENSG00000197961,ZNF121,0.6285925925925926,13.5
ENSG00000137210,TMEM14B,0.6285828116107001,175.7
ENSG00000169221,TBC1D10B,0.6285798816568048,33.8
ENSG00000139405,RITA1,0.6284905660377358,31.8
ENSG00000080561,MID2,0.6284883720930232,17.2
ENSG00000141446,ESCO1,0.6284656084656084,18.9
ENSG00000103342,GSPT1,0.6284544695071012,119.7
ENSG00000173852,DPY19L1,0.6284444444444444,27.0
ENSG00000102316,MAGED2,0.6283613752743233,273.4
ENSG00000119321,FKBP15,0.6283185840707965,11.3
ENSG00000244187,TMEM141,0.6282752761257435,117.7
ENSG00000117614,SYF2,0.6282555635319454,139.3
ENSG00000010810,FYN,0.6282385321100917,109.0
ENSG00000134255,CEPT1,0.6281286549707602,34.2
ENSG00000116288,PARK7,0.6281089300525297,723.4
ENSG00000205060,SLC35B4,0.6280916030534351,13.1
ENSG00000024862,CCDC28A,0.6280493827160494,81.0
ENSG00000154719,MRPL39,0.6280059970014993,66.7
ENSG00000135926,TMBIM1,0.6279723640732953,332.9
ENSG00000138381,ASNSD1,0.6279635258358662,65.8
ENSG00000136514,RTP4,0.627843137254902,10.2
ENSG00000167378,IRGQ,0.6278260869565218,13.8
ENSG00000163956,LRPAP1,0.6277852348993288,14.9
ENSG00000114166,KAT2B,0.6276950354609929,56.4
ENSG00000140995,DEF8,0.6276676676676677,99.9
ENSG00000119707,RBM25,0.6276315789473685,68.4
ENSG00000115827,DCAF17,0.6275968992248062,12.9
ENSG00000101557,USP14,0.6275751503006012,49.9
ENSG00000198856,OSTC,0.6275427940364439,181.1
ENSG00000108848,LUC7L3,0.6274601559850796,294.9
ENSG00000085760,MTIF2,0.6274561403508772,45.6
ENSG00000115275,MOGS,0.6274430379746836,39.5
ENSG00000168488,ATXN2L,0.627422324510932,173.8
ENSG00000196712,NF1,0.6273895582329316,24.9
ENSG00000214021,TTLL3,0.6273063973063973,59.4
ENSG00000266472,MRPS21,0.6272314049586776,145.2
ENSG00000176393,RNPEP,0.6271739130434782,64.4
ENSG00000167977,KCTD5,0.6271597633136095,33.8
ENSG00000115364,MRPL19,0.6271268057784911,62.3
ENSG00000172239,PAIP1,0.627087912087912,145.6
ENSG00000167996,FTH1,0.6270636070679325,9247.4
ENSG00000101457,DNTTIP1,0.6270340356564019,61.7
ENSG00000196422,PPP1R26,0.6270212765957447,18.8
ENSG00000119487,MAPKAP1,0.6270164609053498,97.2
ENSG00000060491,OGFR,0.6269895287958116,76.4
ENSG00000066777,ARFGEF1,0.6269230769230769,33.8
ENSG00000151532,VTI1A,0.6269230769230769,13.0
ENSG00000106077,ABHD11,0.626906906906907,33.3
ENSG00000169727,GPS1,0.6269037656903766,143.4
ENSG00000017797,RALBP1,0.6268563300142247,70.3
ENSG00000103227,LMF1,0.6267961165048545,20.6
ENSG00000164241,C5orf63,0.6267768595041322,12.1
ENSG00000197355,UAP1L1,0.6267619047619047,21.0
ENSG00000151233,GXYLT1,0.6266086956521739,11.5
ENSG00000151131,NOPCHAP1,0.6265502183406114,22.9
ENSG00000135018,UBQLN1,0.6265451532725766,120.7
ENSG00000185043,CIB1,0.6264791208791208,227.5
ENSG00000160953,PWWP3A,0.6264721485411141,37.7
ENSG00000231925,TAPBP,0.6264023494860499,68.1
ENSG00000089159,PXN,0.626383701188455,117.8
ENSG00000182400,TRAPPC6B,0.6263768115942029,34.5
ENSG00000163528,CHCHD4,0.6263322884012539,31.9
ENSG00000072415,PALS1,0.6262798634812285,29.3
ENSG00000174483,BBS1,0.6262745098039216,35.7
ENSG00000105185,PDCD5,0.6262526227444398,238.3
ENSG00000124787,RPP40,0.6261111111111112,10.8
ENSG00000101966,XIAP,0.6261083743842365,20.3
ENSG00000167615,LENG8,0.6260356652949246,510.3
ENSG00000085231,AK6,0.6259869281045752,76.5
ENSG00000080824,HSP90AA1,0.6259781776416539,1044.8
ENSG00000006007,GDE1,0.6259556786703602,72.2
ENSG00000122033,MTIF3,0.625904,125.0
ENSG00000148341,SH3GLB2,0.6258732394366198,142.0
ENSG00000197019,SERTAD1,0.6257564575645757,27.1
ENSG00000109133,TMEM33,0.6257372654155496,37.3
ENSG00000197223,C1D,0.6257268722466961,45.4
ENSG00000074266,EED,0.6256666666666667,30.0
ENSG00000204104,TRAF3IP1,0.6256353591160222,18.1
ENSG00000186501,TMEM222,0.6256135770234986,76.6
ENSG00000099999,RNF215,0.6255905511811024,25.4
ENSG00000175193,PARL,0.6255853920515575,93.1
ENSG00000106524,ANKMY2,0.6255191256830601,36.6
ENSG00000163428,LRRC58,0.6254883720930232,21.5
ENSG00000231500,RPS18,0.6254849945006024,7637.2
ENSG00000119965,C10orf88,0.6254000000000001,10.0
ENSG00000171988,JMJD1C,0.6253551912568306,36.6
ENSG00000044090,CUL7,0.6252631578947369,15.2
ENSG00000198730,CTR9,0.6250772626931567,45.3
ENSG00000150281,CTF1,0.6249411764705882,17.0
ENSG00000136819,C9orf78,0.6249391955098222,106.9
ENSG00000269713,NBPF9,0.6249344641480339,129.7
ENSG00000259132,ENSG00000259132,0.6249056603773585,10.6
ENSG00000101347,SAMHD1,0.6248387096774194,86.8
ENSG00000161091,MFSD12,0.6247755102040817,49.0
ENSG00000197958,RPL12,0.6247679359596457,3647.7
ENSG00000143842,SOX13,0.6247264770240701,45.7
ENSG00000074755,ZZEF1,0.6247148288973385,26.3
ENSG00000168876,ANKRD49,0.6246792452830189,26.5
ENSG00000144455,SUMF1,0.6246363636363637,44.0
ENSG00000138443,ABI2,0.6246120689655172,46.4
ENSG00000126768,TIMM17B,0.6246073298429319,95.5
ENSG00000141127,PRPSAP2,0.6245065176908753,53.7
ENSG00000151470,C4orf33,0.6244791666666667,19.2
ENSG00000175376,EIF1AD,0.6244391408114559,41.9
ENSG00000163714,U2SURP,0.6244198895027624,54.3
ENSG00000197226,TBC1D9B,0.6244164037854888,95.1
ENSG00000100519,PSMC6,0.6243875968992247,129.0
ENSG00000165516,KLHDC2,0.6243460764587526,49.7
ENSG00000119705,SLIRP,0.6243355965082444,412.4
ENSG00000100239,PPP6R2,0.6242998585572843,70.7
ENSG00000175505,CLCF1,0.6242857142857143,16.8
ENSG00000005238,ATOSB,0.6242622950819673,36.6
ENSG00000160785,SLC25A44,0.6242196531791909,34.6
ENSG00000005893,LAMP2,0.6242053445850914,142.2
ENSG00000086598,TMED2,0.6241768653770233,253.3
ENSG00000185324,CDK10,0.6241463414634145,73.8
ENSG00000117859,OSBPL9,0.6240419161676647,66.8
ENSG00000073417,PDE8A,0.6239999999999999,28.0
ENSG00000107937,GTPBP4,0.623914590747331,28.1
ENSG00000008294,SPAG9,0.6237499999999999,72.0
ENSG00000134058,CDK7,0.6237325905292478,35.9
ENSG00000117569,PTBP2,0.6236575875486382,25.7
ENSG00000130202,NECTIN2,0.6236363636363637,114.4
ENSG00000108669,CYTH1,0.6236065573770492,73.2
ENSG00000047644,WWC3,0.6235714285714286,25.2
ENSG00000168300,PCMTD1,0.6235595390524967,78.1
ENSG00000166788,SAAL1,0.6235555555555556,18.0
ENSG00000163625,WDFY3,0.6234594594594595,18.5
ENSG00000155868,MED7,0.6234008097165993,24.7
ENSG00000110536,PTPMT1,0.6230894308943089,49.2
ENSG00000165359,INTS6L,0.6230645161290322,12.4
ENSG00000188486,H2AX,0.6229107981220657,42.6
ENSG00000100030,MAPK1,0.6228958333333332,96.0
ENSG00000100209,HSCB,0.6228846153846154,20.8
ENSG00000103197,TSC2,0.6228668941979523,29.3
ENSG00000100350,FOXRED2,0.6228571428571428,14.0
ENSG00000131408,NR1H2,0.6228429282160625,140.7
ENSG00000104427,ZC2HC1A,0.6228409090909091,17.6
ENSG00000136100,VPS36,0.6228215767634855,48.2
ENSG00000167766,ZNF83,0.6227941176470588,81.6
ENSG00000155097,ATP6V1C1,0.6227758007117439,56.2
ENSG00000147533,GOLGA7,0.6227632850241545,103.5
ENSG00000161395,PGAP3,0.6226553672316384,35.4
ENSG00000178695,KCTD12,0.6226395939086293,78.8
ENSG00000107960,STN1,0.6226196473551638,39.7
ENSG00000175220,ARHGAP1,0.6225042016806722,119.0
ENSG00000219626,FAM228B,0.6224343675417661,41.9
ENSG00000175581,MRPL48,0.6223744292237443,43.8
ENSG00000080603,SRCAP,0.6223463687150838,17.9
ENSG00000176155,CCDC57,0.6222929936305732,15.7
ENSG00000152240,HAUS1,0.6222279792746114,38.6
ENSG00000184990,SIVA1,0.6222134831460674,178.0
ENSG00000107854,TNKS2,0.6221923076923077,52.0
ENSG00000169895,SYAP1,0.6221818181818182,27.5
ENSG00000235109,ZSCAN31,0.6221538461538462,19.5
ENSG00000116161,CACYBP,0.6221351351351351,74.0
ENSG00000109971,HSPA8,0.6220434263228164,1423.1
ENSG00000243716,NPIPB5,0.6219740634005764,138.8
ENSG00000179222,MAGED1,0.6219322459222083,159.4
ENSG00000080371,RAB21,0.6219259259259259,13.5
ENSG00000125827,TMX4,0.6217792421746294,60.7
ENSG00000104805,NUCB1,0.6217189151109546,283.9
ENSG00000187514,PTMA,0.6215284181693678,2190.5
ENSG00000106591,MRPL32,0.6215124555160143,112.4
ENSG00000025800,KPNA6,0.6215013404825737,37.3
ENSG00000140395,SKIC8,0.6214936247723133,109.8
ENSG00000139505,MTMR6,0.6214492753623189,34.5
ENSG00000105321,CCDC9,0.6214424951267056,51.3
ENSG00000096384,HSP90AB1,0.6214285714285714,1321.6
ENSG00000162813,BPNT1,0.6213953488372094,43.0
ENSG00000198585,NUDT16,0.6212099644128114,56.2
ENSG00000114541,FRMD4B,0.6210982658959537,34.6
ENSG00000196428,TSC22D2,0.6210942249240121,32.9
ENSG00000159140,SON,0.6210176125244619,153.3
ENSG00000197579,TOPORS,0.6210126582278481,23.7
ENSG00000082213,C5orf22,0.6209929078014185,14.1
ENSG00000198561,CTNND1,0.6208760207869339,134.7
ENSG00000145414,NAF1,0.6208648648648649,18.5
ENSG00000101452,DHX35,0.6208484848484849,16.5
ENSG00000152147,GEMIN6,0.620752688172043,18.6
ENSG00000166997,CNPY4,0.6207189542483661,30.6
ENSG00000168495,POLR3D,0.620695652173913,11.5
ENSG00000178951,ZBTB7A,0.6206837606837607,35.1
ENSG00000173818,ENDOV,0.620655737704918,24.4
ENSG00000182247,UBE2E2,0.6205684754521964,38.7
ENSG00000129484,PARP2,0.6205603448275862,46.4
ENSG00000106868,SUSD1,0.6205555555555556,14.4
ENSG00000117505,DR1,0.6205376344086022,55.8
ENSG00000119771,KLHL29,0.6204000000000001,10.0
ENSG00000167085,PHB1,0.6203874092009685,123.9
ENSG00000140396,NCOA2,0.6203571428571428,28.0
ENSG00000172336,POP7,0.6203418803418804,70.2
ENSG00000107779,BMPR1A,0.6203351955307262,17.9
ENSG00000115808,STRN,0.6202010050251257,19.9
ENSG00000124214,STAU1,0.6201393728222996,114.8
ENSG00000114331,ACAP2,0.6201226993865031,32.6
ENSG00000109118,PHF12,0.6201063829787234,37.6
ENSG00000147649,MTDH,0.6200770712909441,103.8
ENSG00000150316,CWC15,0.6200595238095238,67.2
ENSG00000100307,CBX7,0.620019436345967,102.9
ENSG00000166200,COPS2,0.6200170212765957,117.5
ENSG00000227124,ZNF717,0.62,14.5
ENSG00000103121,CMC2,0.61994851994852,77.7
ENSG00000012817,KDM5D,0.619939577039275,33.1
ENSG00000149541,B3GAT3,0.6199081515499426,87.1
ENSG00000175455,CCDC14,0.6199,40.0
ENSG00000101216,GMEB2,0.6198901098901098,18.2
ENSG00000111877,MCM9,0.6198319327731093,11.9
ENSG00000163463,KRTCAP2,0.6197882851093861,425.1
ENSG00000137216,TMEM63B,0.6196120689655172,46.4
ENSG00000180530,NRIP1,0.6195918367346939,29.4
ENSG00000197976,AKAP17A,0.6195853658536585,82.0
ENSG00000163374,YY1AP1,0.619482917820868,108.3
ENSG00000176101,SSNA1,0.6193187347931873,123.3
ENSG00000141510,TP53,0.6192727272727273,44.0
ENSG00000123992,DNPEP,0.6192187499999999,64.0
ENSG00000154222,CC2D1B,0.6191245791245791,29.7
ENSG00000079134,THOC1,0.6191082802547769,15.7
ENSG00000157800,SLC37A3,0.6190754257907541,41.1
ENSG00000179271,GADD45GIP1,0.6190231362467866,77.8
ENSG00000111231,GPN3,0.6189937106918239,47.7
ENSG00000166166,TRMT61A,0.6189787234042554,23.5
ENSG00000198718,TOGARAM1,0.6189677419354838,15.5
ENSG00000019485,PRDM11,0.6189473684210527,11.4
ENSG00000169062,UPF3A,0.6189400921658986,43.4
ENSG00000146109,ABT1,0.618904109589041,21.9
ENSG00000051009,FHIP1B,0.6188972431077695,39.9
ENSG00000104067,TJP1,0.618839590443686,58.6
ENSG00000172661,WASHC2C,0.6187999999999999,40.0
ENSG00000101596,SMCHD1,0.6187772925764193,22.9
ENSG00000120685,PROSER1,0.61875,24.0
ENSG00000103657,HERC1,0.6187368421052633,28.5
ENSG00000115350,POLE4,0.6187335092348285,37.9
ENSG00000136068,FLNB,0.6187252747252746,45.5
ENSG00000077463,SIRT6,0.6187234042553191,23.5
ENSG00000117868,ESYT2,0.6187161198288159,70.1
ENSG00000130382,MLLT1,0.6186975397973951,69.1
ENSG00000090487,SPG21,0.6186704384724188,141.4
ENSG00000154511,DIPK1A,0.6184364820846906,30.7
ENSG00000173960,UBXN2A,0.6184313725490196,10.2
ENSG00000180957,PITPNB,0.6183783783783784,77.7
ENSG00000142541,RPL13A,0.6183725048645576,4573.9
ENSG00000120837,NFYB,0.6183124999999999,64.0
ENSG00000124659,TBCC,0.6182887700534759,37.4
ENSG00000120992,LYPLA1,0.6182842509603073,78.1
ENSG00000184708,EIF4ENIF1,0.6182716049382716,32.4
ENSG00000125352,RNF113A,0.6181981981981983,33.3
ENSG00000156642,NPTN,0.6180610412926392,278.5
ENSG00000182141,ZNF708,0.6177570093457944,10.7
ENSG00000162976,SLC66A3,0.6176233183856502,44.6
ENSG00000034713,GABARAPL2,0.6175879396984925,398.0
ENSG00000165458,INPPL1,0.6174771480804386,109.4
ENSG00000166801,FAM111A,0.6174384236453203,40.6
ENSG00000123106,CCDC91,0.6173849878934624,41.3
ENSG00000168938,PPIC,0.6173355817875211,59.3
ENSG00000093144,ECHDC1,0.6173090079817559,87.7
ENSG00000091009,RBM27,0.617282608695652,18.4
ENSG00000088298,EDEM2,0.6171698113207548,42.4
ENSG00000115758,ODC1,0.6171150097465887,153.9
ENSG00000067596,DHX8,0.6171150097465886,51.3
ENSG00000264522,OTUD7B,0.6170967741935484,18.6
ENSG00000015568,RGPD5,0.6169072164948453,19.4
ENSG00000119446,RBM18,0.6168518518518519,21.6
ENSG00000104756,KCTD9,0.616824512534819,35.9
ENSG00000183955,KMT5A,0.6167500000000001,48.0
ENSG00000187109,NAP1L1,0.616736374114935,607.3
ENSG00000143256,PFDN2,0.6167003959524857,227.3
ENSG00000134419,RPS15A,0.6166790262776076,3721.8
ENSG00000175106,TVP23C,0.6166666666666666,10.2
ENSG00000151348,EXT2,0.6166368515205723,55.9
ENSG00000114127,XRN1,0.6166169154228857,20.1
ENSG00000109775,UFSP2,0.6165900383141762,52.2
ENSG00000275066,SYNRG,0.6165486725663718,22.6
ENSG00000067208,EVI5,0.6164485981308411,10.7
ENSG00000111450,STX2,0.6164462809917355,24.2
ENSG00000119772,DNMT3A,0.6164245810055866,17.9
ENSG00000164190,NIPBL,0.6164028776978419,27.8
ENSG00000120519,SLC10A7,0.6161739130434782,11.5
ENSG00000140553,UNC45A,0.6161507936507936,50.4
ENSG00000108064,TFAM,0.6161002785515319,35.9
ENSG00000136891,TEX10,0.6159808612440192,20.9
ENSG00000169490,TM2D2,0.6158835758835759,48.1
ENSG00000041880,PARP3,0.6158333333333333,33.6
ENSG00000101811,CSTF2,0.6157608695652174,18.4
ENSG00000103152,MPG,0.6157328015952145,100.3
ENSG00000109458,GAB1,0.615729537366548,28.1
ENSG00000143545,RAB13,0.6157229761347682,213.7
ENSG00000160679,CHTOP,0.6156775300171526,116.6
ENSG00000164715,LMTK2,0.6155974842767296,15.9
ENSG00000099290,WASHC2A,0.6155834829443447,55.7
ENSG00000102580,DNAJC3,0.6155375253549695,49.3
ENSG00000141556,TBCD,0.6155322862129144,57.3
ENSG00000124486,USP9X,0.615523613963039,48.7
ENSG00000166337,TAF10,0.6154908598510493,147.7
ENSG00000196683,TOMM7,0.6154601226993865,1630.0
ENSG00000163159,VPS72,0.6154577464788732,56.8
ENSG00000214026,MRPL23,0.615447247706422,174.4
ENSG00000136478,TEX2,0.6151599999999999,50.0
ENSG00000084073,ZMPSTE24,0.6150996015936255,50.2
ENSG00000239382,ALKBH6,0.6149726775956283,18.3
ENSG00000184014,DENND5A,0.6148169838945827,68.3
ENSG00000006715,VPS41,0.6147486033519554,53.7
ENSG00000167674,HDGFL2,0.6146984572230014,71.3
ENSG00000123353,ORMDL2,0.6146721311475409,73.2
ENSG00000151276,MAGI1,0.6146153846153846,18.2
ENSG00000181061,HIGD1A,0.614562441606976,321.1
ENSG00000198954,KIFBP,0.6145544554455445,40.4
ENSG00000108465,CDK5RAP3,0.6144879725085911,145.5
ENSG00000196544,BORCS6,0.6144859813084111,21.4
ENSG00000120159,CAAP1,0.6144747081712062,25.7
ENSG00000142534,RPS11,0.6143558263702452,6630.2
ENSG00000132199,ENOSF1,0.6143262411347518,14.1
ENSG00000187838,PLSCR3,0.6143220338983051,47.2
ENSG00000117153,KLHL12,0.6142583732057415,41.8
ENSG00000105556,MIER2,0.6142274052478134,34.3
ENSG00000170946,DNAJC24,0.6140880503144656,15.9
ENSG00000181026,AEN,0.6140639269406393,21.9
ENSG00000077097,TOP2B,0.6140581929555896,65.3
ENSG00000023516,AKAP11,0.613953488372093,30.1
ENSG00000063601,MTMR1,0.6139041095890412,29.2
ENSG00000196456,ZNF775,0.6138983050847459,11.8
ENSG00000176623,RMDN1,0.61375,67.2
ENSG00000139324,TMTC3,0.613728813559322,11.8
ENSG00000184281,TSSC4,0.6136947218259629,70.1
ENSG00000138756,BMP2K,0.6136774193548387,15.5
ENSG00000137513,NARS2,0.6135652173913043,23.0
ENSG00000117713,ARID1A,0.6135648148148148,43.2
ENSG00000168286,THAP11,0.6135390946502057,48.6
ENSG00000164944,VIRMA,0.6134108527131784,25.8
ENSG00000108840,HDAC5,0.613406292749658,73.1
ENSG00000243156,MICAL3,0.6133628318584071,45.2
ENSG00000154122,ANKH,0.6132460732984293,38.2
ENSG00000164828,SUN1,0.6131903485254692,111.9
ENSG00000113638,TTC33,0.6131884057971014,13.8
ENSG00000166847,DCTN5,0.6131122448979592,39.2
ENSG00000162521,RBBP4,0.6129988331388564,85.7
ENSG00000132604,TERF2,0.6128229665071769,41.8
ENSG00000081870,HSPB11,0.6127894156560089,90.7
ENSG00000154079,SDHAF4,0.6127272727272728,22.0
ENSG00000169972,PUSL1,0.6126315789473684,20.9
ENSG00000129657,SEC14L1,0.6126303854875284,88.2
ENSG00000241878,PISD,0.6126166328600405,49.3
ENSG00000137269,LRRC1,0.6125523012552301,23.9
ENSG00000204427,ABHD16A,0.6124384787472036,44.7
ENSG00000116670,MAD2L2,0.6123882896764252,64.9
ENSG00000013561,RNF14,0.6123360655737704,97.6
ENSG00000175573,C11orf68,0.6122587719298246,91.2
ENSG00000123636,BAZ2B,0.612240663900415,48.2
ENSG00000169855,ROBO1,0.6122051282051281,19.5
ENSG00000198746,GPATCH3,0.6121461187214612,21.9
ENSG00000158604,TMED4,0.6120855614973262,130.9
ENSG00000141429,GALNT1,0.6120767888307155,57.3
ENSG00000242247,ARFGAP3,0.6120515826494723,85.3
ENSG00000162231,NXF1,0.611966873706004,193.2
ENSG00000119314,PTBP3,0.6119534883720931,43.0
ENSG00000087053,MTMR2,0.6118620689655172,29.0
ENSG00000171940,ZNF217,0.6118367346938774,29.4
ENSG00000130313,PGLS,0.6118122065727699,106.5
ENSG00000198546,ZNF511,0.6118004338394795,46.1
ENSG00000065802,ASB1,0.6117972350230415,21.7
ENSG00000055483,USP36,0.6117936117936118,40.7
ENSG00000147140,NONO,0.6117058823529412,238.0
ENSG00000122359,ANXA11,0.6116312697695436,221.3
ENSG00000166398,GARRE1,0.6115981735159818,21.9
ENSG00000104964,TLE5,0.6115925925925925,594.0
ENSG00000005206,SPPL2B,0.6114473684210526,60.8
ENSG00000145014,TMEM44,0.6113846153846153,13.0
ENSG00000072518,MARK2,0.6113744075829385,42.2
ENSG00000164610,RP9,0.6113450292397661,34.2
ENSG00000113758,DBN1,0.6113172043010754,74.4
ENSG00000100296,THOC5,0.6112958435207824,40.9
ENSG00000137266,SLC22A23,0.6112941176470589,25.5
ENSG00000180817,PPA1,0.6112650406504065,307.5
ENSG00000164603,BMT2,0.6112605042016807,11.9
ENSG00000101546,RBFA,0.6112213740458015,26.2
ENSG00000116266,STXBP3,0.6112087912087912,63.7
ENSG00000215440,NPEPL1,0.611207729468599,62.1
ENSG00000170604,IRF2BP1,0.6112,30.0
ENSG00000125741,OPA3,0.6111666666666666,12.0
ENSG00000105856,HBP1,0.6111656441717791,81.5
ENSG00000066557,LRRC40,0.611131221719457,22.1
ENSG00000143970,ASXL2,0.6110303030303029,16.5
ENSG00000105135,ILVBL,0.6110186513629842,69.7
ENSG00000175105,ZNF654,0.6110091743119266,10.9
ENSG00000172292,CERS6,0.6108910891089109,30.3
ENSG00000176102,CSTF3,0.6108521739130435,57.5
ENSG00000143337,TOR1AIP1,0.6106900878293601,79.7
ENSG00000118292,C1orf54,0.6105850340136054,73.5
ENSG00000135535,CD164,0.6105069670916099,337.3
ENSG00000103024,NME3,0.610359168241966,105.8
ENSG00000123444,KBTBD4,0.6103589743589745,19.5
ENSG00000213246,SUPT4H1,0.6103437967115097,133.8
ENSG00000136560,TANK,0.6103396226415094,79.5
ENSG00000117450,PRDX1,0.6102076790598724,987.1
ENSG00000089737,DDX24,0.6101827676240208,114.9
ENSG00000163900,TMEM41A,0.6101140684410646,26.3
ENSG00000142669,SH3BGRL3,0.610070327697142,668.3
ENSG00000165915,SLC39A13,0.6100355029585799,84.5
ENSG00000196873,ZNG1C,0.6100302114803625,33.1
ENSG00000171262,FAM98B,0.6098876404494381,26.7
ENSG00000163939,PBRM1,0.6098575498575499,35.1
ENSG00000168883,USP39,0.609808429118774,52.2
ENSG00000125375,DMAC2L,0.6098076923076924,20.8
ENSG00000149136,SSRP1,0.6098053892215569,133.6
ENSG00000168256,NKIRAS2,0.6097863247863248,46.8
ENSG00000108773,KAT2A,0.60976,25.0
ENSG00000167967,E4F1,0.6097160883280758,31.7
ENSG00000198917,SPOUT1,0.6096713615023475,42.6
ENSG00000183011,NAA38,0.6096615669911915,215.7
ENSG00000187742,SECISBP2,0.6096583850931677,64.4
ENSG00000136213,CHST12,0.6096256684491979,18.7
ENSG00000155561,NUP205,0.6095566502463055,20.3
ENSG00000106344,RBM28,0.6095167286245353,26.9
ENSG00000065029,ZNF76,0.6094921875,51.2
ENSG00000100227,POLDIP3,0.6094295692665891,85.9
ENSG00000160199,PKNOX1,0.6093442622950819,12.2
ENSG00000176108,CHMP6,0.6093240093240093,42.9
ENSG00000221914,PPP2R2A,0.6093085106382979,37.6
ENSG00000124098,FAM210B,0.609308176100629,95.4
ENSG00000150961,SEC24D,0.6093004115226337,48.6
ENSG00000105404,RABAC1,0.6091952147906472,367.8
ENSG00000105576,TNPO2,0.6091506849315068,73.0
ENSG00000189306,RRP7A,0.6091449814126394,26.9
ENSG00000085721,RRN3,0.608939393939394,39.6
ENSG00000197863,ZNF790,0.6089320388349515,10.3
ENSG00000078246,TULP3,0.6088304093567252,34.2
ENSG00000173120,KDM2A,0.608808988764045,44.5
ENSG00000104047,DTWD1,0.6087898089171975,31.4
ENSG00000198920,KIAA0753,0.608780487804878,16.4
ENSG00000125901,MRPS26,0.6087762237762238,114.4
ENSG00000100650,SRSF5,0.6087723369691344,430.9
ENSG00000136770,DNAJC1,0.6087645687645687,42.9
ENSG00000108784,NAGLU,0.6087375415282392,60.2
ENSG00000110583,NAA40,0.6087248322147651,14.9
ENSG00000141698,NT5C3B,0.6087037037037036,10.8
ENSG00000083750,RRAGB,0.608658536585366,32.8
ENSG00000163156,SCNM1,0.6085667752442997,61.4
ENSG00000164077,MON1A,0.6085561497326202,18.7
ENSG00000158417,EIF5B,0.6084686536485098,97.3
ENSG00000136444,RSAD1,0.6083641975308641,64.8
ENSG00000204220,PFDN6,0.6083507642799678,124.3
ENSG00000137413,TAF8,0.6083261802575108,23.3
ENSG00000205937,RNPS1,0.6083192860684185,201.7
ENSG00000101417,PXMP4,0.6082517482517482,14.3
ENSG00000184110,EIF3C,0.6082241328194485,337.3
ENSG00000189308,LIN54,0.608130081300813,12.3
ENSG00000174444,RPL4,0.6080464938701058,2357.3
ENSG00000008988,RPS20,0.6080254440515386,4920.6
ENSG00000106100,NOD1,0.6080000000000001,11.5
ENSG00000017260,ATP2C1,0.6079006211180125,80.5
ENSG00000100429,HDAC10,0.6078857142857143,17.5
ENSG00000198961,PJA2,0.6078670360110803,144.4
ENSG00000070010,UFD1,0.6077551020408163,93.1
ENSG00000182307,C8orf33,0.6076284584980237,50.6
ENSG00000186174,BCL9L,0.6075132275132276,18.9
ENSG00000197323,TRIM33,0.607473309608541,28.1
ENSG00000111817,DSE,0.6074308300395257,25.3
ENSG00000168795,ZBTB5,0.6073809523809524,16.8
ENSG00000197798,FAM118B,0.6073793103448276,29.0
ENSG00000242485,MRPL20,0.6073520710059171,270.4
ENSG00000114423,CBLB,0.6072463768115942,13.8
ENSG00000109066,TMEM104,0.6072108843537414,14.7
ENSG00000008282,SYPL1,0.607155672823219,189.5
ENSG00000134851,TMEM165,0.6070505287896593,85.1
ENSG00000198858,R3HDM4,0.6070486486486487,92.5
ENSG00000105887,MTPN,0.6069096005606166,142.7
ENSG00000182173,TSEN54,0.6067889908256882,10.9
ENSG00000115661,STK16,0.6067260579064588,44.9
ENSG00000213928,IRF9,0.6065391304347826,57.5
ENSG00000117643,MAN1C1,0.606510067114094,29.8
ENSG00000063245,EPN1,0.6064529058116233,149.7
ENSG00000198690,FAN1,0.6064179104477613,13.4
ENSG00000154813,DPH3,0.60640625,25.6
ENSG00000168003,SLC3A2,0.6063565022421524,178.4
ENSG00000169026,SLC49A3,0.6063247863247864,11.7
ENSG00000196628,TCF4,0.6061254612546125,27.1
ENSG00000286140,DERPC,0.6061224489795918,24.5
ENSG00000165487,MICU2,0.6060674157303371,71.2
ENSG00000085978,ATG16L1,0.606058091286307,24.1
ENSG00000280987,MATR3,0.606046511627907,38.7
ENSG00000153214,TMEM87B,0.6059649122807017,28.5
ENSG00000172809,RPL38,0.6059505629610457,3090.8
ENSG00000148187,MRRF,0.6059162303664922,38.2
ENSG00000134444,RELCH,0.6058436213991769,24.3
ENSG00000169105,CHST14,0.6058267716535433,25.4
ENSG00000176293,ZNF135,0.6057142857142858,10.5
ENSG00000148950,IMMP1L,0.6056716417910448,46.9
ENSG00000111596,CNOT2,0.6056486486486486,74.0
ENSG00000100034,PPM1F,0.6056470588235294,34.0
ENSG00000074603,DPP8,0.6056140350877193,28.5
ENSG00000114120,SLC25A36,0.6056013745704467,58.2
ENSG00000132383,RPA1,0.6055852156057494,48.7
ENSG00000076108,BAZ2A,0.6054895666131621,62.3
ENSG00000126821,SGPP1,0.6054857142857143,17.5
ENSG00000005020,SKAP2,0.6054385964912281,34.2
ENSG00000182983,ZNF662,0.6054205607476636,10.7
ENSG00000130699,TAF4,0.6053999999999999,10.0
ENSG00000169567,HINT1,0.6052316672747172,548.2
ENSG00000114395,CYB561D2,0.6051267605633803,35.5
ENSG00000188070,ZFTA,0.6050925925925926,21.6
ENSG00000139291,TMEM19,0.605,35.6
ENSG00000197841,ZNF181,0.604954954954955,22.2
ENSG00000233927,RPS28,0.6049370994540708,421.3
ENSG00000037637,FBXO42,0.6049291784702548,35.3
ENSG00000152193,OBI1,0.6048920863309353,13.9
ENSG00000147065,MSN,0.6048079877112135,260.4
ENSG00000162227,TAF6L,0.6047004608294931,21.7
ENSG00000107290,SETX,0.6046601941747572,30.9
ENSG00000175066,GK5,0.6046296296296297,10.8
ENSG00000100422,CERK,0.6046284501061572,47.1
ENSG00000129518,EAPP,0.604622754491018,83.5
ENSG00000088448,ANKRD10,0.6045389221556886,167.0
ENSG00000101132,PFDN4,0.6042666666666667,15.0
ENSG00000125485,DDX31,0.6042307692307692,10.4
ENSG00000100416,TRMU,0.6042236024844722,16.1
ENSG00000122696,SLC25A51,0.6042105263157894,11.4
ENSG00000109475,RPL34,0.6041530641240174,3167.3
ENSG00000110844,PRPF40B,0.6041463414634145,32.8
ENSG00000167112,TRUB2,0.6041221374045801,13.1
ENSG00000132256,TRIM5,0.6040816326530613,19.6
ENSG00000110455,ACCS,0.6038888888888889,18.0
ENSG00000102871,TRADD,0.6037869822485207,33.8
ENSG00000169100,SLC25A6,0.6037839737582007,853.6
ENSG00000167491,GATAD2A,0.6036721311475409,30.5
ENSG00000055070,SZRD1,0.6036604774535808,113.1
ENSG00000185019,UBOX5,0.6036036036036037,11.1
ENSG00000129084,PSMA1,0.6035041171088747,218.6
ENSG00000116977,LGALS8,0.6034831460674157,53.4
ENSG00000167671,UBXN6,0.6034829268292683,205.0
ENSG00000103978,TMEM87A,0.6033907284768212,75.5
ENSG00000106628,POLD2,0.6032692307692308,114.4
ENSG00000118640,VAMP8,0.603213866039953,340.4
ENSG00000188739,RBM34,0.6031044776119403,33.5
ENSG00000142082,SIRT3,0.603068783068783,37.8
ENSG00000121864,ZNF639,0.6029390681003584,55.8
ENSG00000160007,ARHGAP35,0.6029357798165137,32.7
ENSG00000132024,CC2D1A,0.60285,40.0
ENSG00000109534,GAR1,0.602809364548495,29.9
ENSG00000125611,CHCHD5,0.6028054298642535,66.3
ENSG00000005812,FBXL3,0.602760736196319,65.2
ENSG00000140406,TLNRD1,0.6027142857142856,14.0
ENSG00000197857,ZNF44,0.6025925925925927,16.2
ENSG00000167515,TRAPPC2L,0.6025654008438819,118.5
ENSG00000131778,CHD1L,0.6024581005586591,35.8
ENSG00000100348,TXN2,0.602406779661017,177.0
ENSG00000166685,COG1,0.6023463687150837,53.7
ENSG00000134698,AGO4,0.6022916666666667,19.2
ENSG00000118564,FBXL5,0.6022278056951424,119.4
ENSG00000122707,RECK,0.6022093023255813,17.2
ENSG00000095059,DHPS,0.6021892816419612,87.7
ENSG00000176095,IP6K1,0.6021841541755889,46.7
ENSG00000088387,DOCK9,0.6021470588235295,68.0
ENSG00000160767,ENTREP3,0.6021097046413502,23.7
ENSG00000143643,TTC13,0.6020512820512821,19.5
ENSG00000084676,NCOA1,0.601986143187067,43.3
ENSG00000171425,ZNF581,0.60198347107438,36.3
ENSG00000188554,NBR1,0.6019589977220956,131.7
ENSG00000257923,CUX1,0.6017548387096773,77.5
ENSG00000126970,ZC4H2,0.6017543859649122,11.4
ENSG00000115520,COQ10B,0.601687242798354,48.6
ENSG00000177600,RPLP2,0.6016364565339043,4110.1
ENSG00000117419,ERI3,0.6016016016016017,99.9
ENSG00000240849,PEDS1,0.6015999999999999,30.0
ENSG00000104960,PTOV1,0.6015789473684211,133.0
ENSG00000131238,PPT1,0.6015707434052758,166.8
ENSG00000012061,ERCC1,0.6015503875968993,103.2
ENSG00000024048,UBR2,0.6015272727272727,27.5
ENSG00000092931,MFSD11,0.6014457831325302,33.2
ENSG00000114850,SSR3,0.6013418903150525,171.4
ENSG00000160445,ZER1,0.6013024602026049,69.1
ENSG00000169231,THBS3,0.6011620795107034,32.7
ENSG00000100568,VTI1B,0.6011494252873564,87.0
ENSG00000004866,ST7,0.601139896373057,38.6
ENSG00000144659,SLC25A38,0.6011212121212121,66.0
ENSG00000107371,EXOSC3,0.601015228426396,19.7
ENSG00000008952,SEC62,0.6010049696300387,181.1
ENSG00000256060,TRAPPC2B,0.6009629629629629,27.0
ENSG00000143947,RPS27A,0.6009302183911547,3283.1
ENSG00000129353,SLC44A2,0.6009047940580688,148.1
ENSG00000071462,BUD23,0.6008620689655172,116.0
ENSG00000126456,IRF3,0.6008169014084507,71.0
ENSG00000121413,ZSCAN18,0.6008108108108109,96.2
ENSG00000074071,MRPS34,0.6008044692737431,89.5
ENSG00000115211,EIF2B4,0.6007899461400359,55.7
ENSG00000165322,ARHGAP12,0.6007194244604316,27.8
ENSG00000146826,TRAPPC14,0.6007189542483661,30.6
ENSG00000112306,RPS12,0.6006462393519444,5505.7
ENSG00000085719,CPNE3,0.6006077348066298,72.4
ENSG00000137154,RPS6,0.6005571030640668,4415.7
ENSG00000136731,UGGT1,0.6004901960784313,20.4
ENSG00000186298,PPP1CC,0.6003630363036303,181.8
ENSG00000171150,SOCS5,0.6002752293577981,21.8
ENSG00000185305,ARL15,0.6001913875598086,20.9
ENSG00000160877,NACC1,0.6001169590643276,34.2
ENSG00000140153,WDR20,0.600072463768116,27.6
ENSG00000188629,ZNF177,0.6000000000000001,10.5
ENSG00000118496,FBXO30,0.6,10.7
ENSG00000152818,UTRN,0.5999285714285715,56.0
ENSG00000146676,PURB,0.59991341991342,23.1
ENSG00000178252,WDR6,0.5998844598497979,173.1
ENSG00000150776,NKAPD1,0.5998058252427184,30.9
ENSG00000131149,GSE1,0.5997889182058048,37.9
ENSG00000160803,UBQLN4,0.5996460176991152,56.5
ENSG00000261796,ISY1-RAB43,0.5996178343949045,15.7
ENSG00000166140,ZFYVE19,0.5996138996138995,25.9
ENSG00000143919,CAMKMT,0.5995804195804196,14.3
ENSG00000157600,TMEM164,0.5995348837209302,25.8
ENSG00000101346,POFUT1,0.5994385964912281,28.5
ENSG00000184517,ZFP1,0.5994174757281553,10.3
ENSG00000132109,TRIM21,0.5994098360655737,30.5
ENSG00000196455,PIK3R4,0.5993939393939393,19.8
ENSG00000124201,ZNFX1,0.5993357933579336,27.1
ENSG00000162645,GBP2,0.5992833876221498,30.7
ENSG00000138668,HNRNPD,0.599139658220389,339.4
ENSG00000188243,COMMD6,0.5991134924500731,205.3
ENSG00000093183,SEC22C,0.5990430622009569,62.7
ENSG00000166167,BTRC,0.5989999999999999,20.0
ENSG00000147162,OGT,0.5989687235841081,118.3
ENSG00000154473,BUB3,0.5988865979381444,97.0
ENSG00000180964,TCEAL8,0.5988843977364592,123.7
ENSG00000146463,ZMYM4,0.5986833855799373,31.9
ENSG00000204439,C6orf47,0.5986341463414634,20.5
ENSG00000272772,ENSG00000272772,0.5986233640329617,206.3
ENSG00000186918,ZNF395,0.5985977859778598,54.2
ENSG00000162627,SNX7,0.598553459119497,31.8
ENSG00000196367,TRRAP,0.5985135135135136,14.8
ENSG00000163867,ZMYM6,0.5984931506849316,14.6
ENSG00000115539,PDCL3,0.5984433164128595,59.1
ENSG00000129473,BCL2L2,0.5983027965284474,103.7
ENSG00000134186,PRPF38B,0.598218487394958,59.5
ENSG00000141933,TPGS1,0.5981974248927038,23.3
ENSG00000137822,TUBGCP4,0.5981512605042018,11.9
ENSG00000164754,RAD21,0.598110964332893,151.4
ENSG00000118260,CREB1,0.5980794701986756,30.2
ENSG00000121542,SEC22A,0.5979,20.0
ENSG00000152684,PELO,0.597869822485207,16.9
ENSG00000087088,BAX,0.5978294573643411,77.4
ENSG00000169689,CENPX,0.597767955801105,90.5
ENSG00000171953,ATPAF2,0.5977606177606178,25.9
ENSG00000170584,NUDCD2,0.5976284584980237,25.3
ENSG00000145907,G3BP1,0.5976190476190477,105.0
ENSG00000196605,ZNF846,0.5976136363636364,17.6
ENSG00000147687,TATDN1,0.5975951903807616,49.9
ENSG00000203666,EFCAB2,0.5975342465753424,21.9
ENSG00000119812,FAM98A,0.597531914893617,47.0
ENSG00000205670,SMIM11,0.5975,44.0
ENSG00000010803,SCMH1,0.59734335839599,39.9
ENSG00000099785,MARCHF2,0.5973239436619718,99.4
ENSG00000131966,ACTR10,0.5973188405797101,27.6
ENSG00000086061,DNAJA1,0.5972287968441815,202.8
ENSG00000114391,RPL24,0.5972196716979885,3027.7
ENSG00000126903,SLC10A3,0.5971014492753622,41.4
ENSG00000131507,NDFIP1,0.5970770243581304,151.9
ENSG00000102870,ZNF629,0.5970212765957447,14.1
ENSG00000136158,SPRY2,0.5969811320754718,63.6
ENSG00000112343,TRIM38,0.5969117647058824,13.6
ENSG00000119522,DENND1A,0.5968085106382979,18.8
ENSG00000102858,MGRN1,0.5966878980891719,62.8
ENSG00000124767,GLO1,0.5966832298136645,161.0
ENSG00000099942,CRKL,0.5966536964980544,51.4
ENSG00000105793,GTPBP10,0.5965714285714285,17.5
ENSG00000143363,PRUNE1,0.5965495207667731,31.3
ENSG00000143621,ILF2,0.5965478211658178,176.7
ENSG00000125846,ZNF133,0.596518771331058,29.3
ENSG00000172269,DPAGT1,0.596470588235294,28.9
ENSG00000186153,WWOX,0.5963184079601991,20.1
ENSG00000204149,AGAP6,0.5962790697674418,21.5
ENSG00000158796,DEDD,0.5962313432835821,53.6
ENSG00000162909,CAPN2,0.5961788617886179,172.2
ENSG00000107816,LZTS2,0.5958909444985396,102.7
ENSG00000111300,NAA25,0.595890410958904,14.6
ENSG00000135956,TMEM127,0.5957787481804949,68.7
ENSG00000116478,HDAC1,0.5956761412575365,116.1
ENSG00000105393,BABAM1,0.595656324582339,125.7
ENSG00000262919,CCNQ,0.595632183908046,34.8
ENSG00000114383,TUSC2,0.595626043405676,59.9
ENSG00000135679,MDM2,0.5955999999999999,30.0
ENSG00000182196,ARL6IP4,0.5955858310626703,367.0
ENSG00000198951,NAGA,0.5955831265508684,40.3
ENSG00000137509,PRCP,0.5954740834386851,158.2
ENSG00000162244,RPL29,0.5954587709987922,2732.3
ENSG00000136044,APPL2,0.5954458598726113,62.8
ENSG00000107341,UBE2R2,0.5953637901861252,59.1
ENSG00000099899,TRMT2A,0.5953459119496854,31.8
ENSG00000133731,IMPA1,0.5952808988764046,35.6
ENSG00000099956,SMARCB1,0.5951866151866152,77.7
ENSG00000250571,GLI4,0.5951072961373391,23.3
ENSG00000149187,CELF1,0.5950888529886914,61.9
ENSG00000164054,SHISA5,0.5947184684684684,177.6
ENSG00000163093,BBS5,0.5946902654867257,11.3
ENSG00000004700,RECQL,0.5945549738219895,38.2
ENSG00000101193,GID8,0.5945273631840796,40.2
ENSG00000173141,MRPL57,0.5944444444444444,37.8
ENSG00000105323,HNRNPUL1,0.5944317498496693,166.3
ENSG00000141456,PELP1,0.5942921348314606,44.5
ENSG00000168101,NUDT16L1,0.5942721518987342,63.2
ENSG00000164329,TENT2,0.594147465437788,43.4
ENSG00000175931,UBE2O,0.5940338983050847,29.5
ENSG00000100726,TELO2,0.5940163934426228,24.4
ENSG00000002586,CD99,0.5939690426141793,523.3
ENSG00000104969,SGTA,0.5939642481598317,95.1
ENSG00000166902,MRPL16,0.5939274611398965,96.5
ENSG00000205423,CNEP1R1,0.5938738738738738,22.2
ENSG00000117475,BLZF1,0.593822629969419,32.7
ENSG00000137312,FLOT1,0.5938078602620088,229.0
ENSG00000132581,SDF2,0.5938005390835579,37.1
ENSG00000181090,EHMT1,0.5937662337662338,38.5
ENSG00000157837,SPPL3,0.5937335834896811,53.3
ENSG00000171314,PGAM1,0.593719739292365,429.6
ENSG00000198728,LDB1,0.593686440677966,141.6
ENSG00000108219,TSPAN14,0.5936225087924971,85.3
ENSG00000211460,TSN,0.5935840707964603,45.2
ENSG00000104365,IKBKB,0.5935398230088496,22.6
ENSG00000204922,UQCC3,0.5935064935064935,15.4
ENSG00000144848,ATG3,0.5931981981981981,88.8
ENSG00000002330,BAD,0.593193338160753,138.1
ENSG00000142186,SCYL1,0.593094527363184,100.5
ENSG00000155636,RBM45,0.5930718954248366,15.3
ENSG00000122565,CBX3,0.5930552423900789,177.4
ENSG00000131732,ZCCHC9,0.5930546623794212,31.1
ENSG00000134684,YARS1,0.5930510585305105,80.3
ENSG00000066427,ATXN3,0.593,12.0
ENSG00000072958,AP1M1,0.5929577464788732,78.1
ENSG00000169375,SIN3A,0.5928981723237599,38.3
ENSG00000178567,EPM2AIP1,0.592851711026616,26.3
ENSG00000186522,SEPTIN10,0.5928279181708783,83.1
ENSG00000100926,TM9SF1,0.5927407407407407,54.0
ENSG00000075188,NUP37,0.5927156549520767,31.3
ENSG00000147604,RPL7,0.5926759555157868,3911.5
ENSG00000128708,HAT1,0.5926397515527951,64.4
ENSG00000057757,PITHD1,0.5926256192498232,141.3
ENSG00000249115,HAUS5,0.5926126126126127,11.1
ENSG00000138433,CIR1,0.5924962178517397,66.1
ENSG00000087470,DNM1L,0.5924806201550389,51.6
ENSG00000135336,ORC3,0.5923961661341852,31.3
ENSG00000198556,ZNF789,0.5923926380368099,16.3
ENSG00000075785,RAB7A,0.5923818707810995,311.1
ENSG00000005810,MYCBP2,0.5923595505617978,44.5
ENSG00000006530,AGK,0.5923508771929825,28.5
ENSG00000128654,MTX2,0.5923428571428571,70.0
ENSG00000059378,PARP12,0.5923255813953489,17.2
ENSG00000029725,RABEP1,0.5922910216718266,64.6
ENSG00000129493,HEATR5A,0.5921693121693121,18.9
ENSG00000124067,SLC12A4,0.5920884520884521,40.7
ENSG00000072849,DERL2,0.5920754716981133,31.8
ENSG00000162923,WDR26,0.592073732718894,65.1
ENSG00000128191,DGCR8,0.592054794520548,14.6
ENSG00000164182,NDUFAF2,0.5920000000000001,78.0
ENSG00000170581,STAT2,0.5919702602230482,26.9
ENSG00000144560,VGLL4,0.5919277108433735,66.4
ENSG00000066697,MSANTD3,0.5918287937743191,25.7
ENSG00000197111,PCBP2,0.5917063589491776,814.6
ENSG00000108854,SMURF2,0.5916800000000001,12.5
ENSG00000076685,NT5C2,0.5916211293260474,54.9
ENSG00000188313,PLSCR1,0.5915647921760391,81.8
ENSG00000167965,MLST8,0.5915384615384616,49.4
ENSG00000104408,EIF3E,0.5914870744816995,390.7
ENSG00000066651,TRMT11,0.5914728682170542,25.8
ENSG00000136051,WASHC4,0.5913868613138686,41.1
ENSG00000112941,TENT4A,0.5913846153846154,26.0
ENSG00000167461,RAB8A,0.5913494809688581,57.8
ENSG00000100603,SNW1,0.591335656213705,86.1
ENSG00000127526,SLC35E1,0.5913170731707316,20.5
ENSG00000122512,PMS2,0.5913114754098361,12.2
ENSG00000225663,MCRIP1,0.5912163742690059,171.0
ENSG00000166471,TMEM41B,0.5912107623318386,22.3
ENSG00000140497,SCAMP2,0.5911919191919192,99.0
ENSG00000198355,PIM3,0.5911696359411308,129.1
ENSG00000240857,RDH14,0.5909790209790209,28.6
ENSG00000164111,ANXA5,0.5909604519774011,460.2
ENSG00000134897,BIVM,0.5909,20.0
ENSG00000156469,MTERF3,0.5908938547486033,35.8
ENSG00000168014,C2CD3,0.590891089108911,10.1
ENSG00000165338,HECTD2,0.5908860759493672,15.8
ENSG00000131100,ATP6V1E1,0.5908767627222563,326.2
ENSG00000115652,UXS1,0.5908571428571429,56.0
ENSG00000055609,KMT2C,0.5907936507936509,25.2
ENSG00000108055,SMC3,0.5907692307692307,33.8
ENSG00000196678,ERI2,0.5905343511450382,13.1
ENSG00000244165,P2RY11,0.5905263157894738,17.1
ENSG00000127993,RBM48,0.5904545454545455,13.2
ENSG00000113318,MSH3,0.5904273504273504,11.7
ENSG00000014824,SLC30A9,0.5903157894736843,28.5
ENSG00000143933,CALM2,0.5902787990196079,1305.6
ENSG00000130714,POMT1,0.5902463054187193,20.3
ENSG00000176396,EID2,0.5901930501930502,25.9
ENSG00000142166,IFNAR1,0.5901851851851851,32.4
ENSG00000162341,TPCN2,0.5901818181818181,11.0
ENSG00000100567,PSMA3,0.5901731343283582,167.5
ENSG00000069509,FUNDC1,0.5899784017278618,46.3
ENSG00000105364,MRPL4,0.5899274611398964,96.5
ENSG00000086758,HUWE1,0.5898538622129437,95.8
ENSG00000113387,SUB1,0.5898272229245681,237.3
ENSG00000136643,RPS6KC1,0.5897777777777777,18.0
ENSG00000204435,CSNK2B,0.5897083333333333,288.0
ENSG00000123091,RNF11,0.5896470588235294,127.5
ENSG00000105447,GRWD1,0.5896212121212121,26.4
ENSG00000167380,ZNF226,0.5895717884130982,39.7
ENSG00000142230,SAE1,0.5894552529182879,51.4
ENSG00000124802,EEF1E1,0.589409594095941,54.2
ENSG00000103266,STUB1,0.5893828351012536,207.4
ENSG00000196531,NACA,0.5893617205793079,2306.2
ENSG00000157077,ZFYVE9,0.5893388429752067,24.2
ENSG00000128694,OSGEPL1,0.5892173913043478,11.5
ENSG00000188428,BLOC1S5,0.5891780821917808,14.6
ENSG00000103510,KAT8,0.5891503267973858,76.5
ENSG00000113558,SKP1,0.5890864099772345,1010.3
ENSG00000148396,SEC16A,0.589073482428115,31.3
ENSG00000040531,CTNS,0.588929889298893,27.1
ENSG00000204611,ZNF616,0.5889090909090909,11.0
ENSG00000115268,RPS15,0.5888712334785634,2731.3
ENSG00000158805,ZNF276,0.588854961832061,26.2
ENSG00000075914,EXOSC7,0.5888425925925926,43.2
ENSG00000160216,AGPAT3,0.5888347826086957,57.5
ENSG00000247077,PGAM5,0.5888102893890675,31.1
ENSG00000144567,RETREG2,0.5887992125984252,101.6
ENSG00000275023,MLLT6,0.588771466314399,75.7
ENSG00000134480,CCNH,0.5887351778656126,50.6
ENSG00000167280,ENGASE,0.5886607142857143,22.4
ENSG00000127463,EMC1,0.5885833333333332,24.0
ENSG00000100360,IFT27,0.5885714285714285,40.6
ENSG00000030066,NUP160,0.5884563758389262,29.8
ENSG00000185024,BRF1,0.5884328358208956,26.8
ENSG00000185825,BCAP31,0.5883854563946097,393.3
ENSG00000012983,MAP4K5,0.5883278688524591,30.5
ENSG00000189067,LITAF,0.5883266533066132,199.6
ENSG00000168310,IRF2,0.5883106796116504,51.5
ENSG00000007255,TRAPPC6A,0.5882911392405064,63.2
ENSG00000196313,POM121,0.5882587064676618,40.2
ENSG00000181924,COA4,0.5882545454545455,110.0
ENSG00000120889,TNFRSF10B,0.5882461538461539,32.5
ENSG00000004897,CDC27,0.5881909547738693,39.8
ENSG00000120526,NUDCD1,0.5881428571428572,14.0
ENSG00000022277,RTF2,0.5881411764705882,170.0
ENSG00000085415,SEH1L,0.588080229226361,34.9
ENSG00000119953,SMNDC1,0.5880666666666666,30.0
ENSG00000137054,POLR1E,0.5880232558139533,34.4
ENSG00000113649,TCERG1,0.5879699248120301,26.6
ENSG00000149182,ARFGAP2,0.587875,112.0
ENSG00000039650,PNKP,0.5878602620087336,45.8
ENSG00000146830,GIGYF1,0.5877837837837838,55.5
ENSG00000146574,CCZ1B,0.5877729257641922,68.7
ENSG00000160799,CCDC12,0.5874168797953965,78.2
ENSG00000132382,MYBBP1A,0.5874045801526717,26.2
ENSG00000180488,MIGA1,0.5873809523809524,16.8
ENSG00000124562,SNRPC,0.5873765432098765,194.4
ENSG00000178802,MPI,0.5872617246596067,66.1
ENSG00000001631,KRIT1,0.5871428571428572,15.4
ENSG00000138592,USP8,0.5871394799054372,42.3
ENSG00000067955,CBFB,0.587116564417178,16.3
ENSG00000160218,TRAPPC10,0.587085201793722,22.3
ENSG00000185420,SMYD3,0.5870813397129186,20.9
ENSG00000088930,XRN2,0.5869075144508671,69.2
ENSG00000182095,TNRC18,0.5867435158501442,69.4
ENSG00000128951,DUT,0.5867404033832141,153.7
ENSG00000196526,AFAP1,0.5866666666666667,16.5
ENSG00000152348,ATG10,0.5866055045871561,10.9
ENSG00000174373,RALGAPA1,0.5865753424657534,36.5
ENSG00000196914,ARHGEF12,0.5865217391304348,64.4
ENSG00000125977,EIF2S2,0.5865208747514911,100.6
ENSG00000071051,NCK2,0.5865171898355755,66.9
ENSG00000119638,NEK9,0.5865036674816626,40.9
ENSG00000133641,C12orf29,0.5864900662251656,15.1
ENSG00000182628,SKA2,0.586392523364486,53.5
ENSG00000145979,TBC1D7,0.5862837837837838,29.6
ENSG00000153896,ZNF599,0.586201550387597,12.9
ENSG00000137720,C11orf1,0.586177370030581,65.4
ENSG00000158195,WASF2,0.5861214953271027,85.6
ENSG00000269556,TMEM185A,0.5861052631578948,28.5
ENSG00000144034,TPRKB,0.5860830860534125,67.4
ENSG00000169718,DUS1L,0.5860046728971963,171.2
ENSG00000186814,ZSCAN30,0.5859842519685039,25.4
ENSG00000099817,POLR2E,0.5859753086419753,40.5
ENSG00000156052,GNAQ,0.5857324840764332,47.1
ENSG00000126453,BCL2L12,0.5857291666666666,19.2
ENSG00000139684,ESD,0.5857164928543839,258.9
ENSG00000157823,AP3S2,0.5855581947743468,42.1
ENSG00000165898,ISCA2,0.5855580865603645,43.9
ENSG00000144635,DYNC1LI1,0.5855506607929515,45.4
ENSG00000061794,MRPS35,0.5855128205128205,78.0
ENSG00000159267,HLCS,0.58546875,12.8
ENSG00000127663,KDM4B,0.5854426229508196,30.5
ENSG00000131759,RARA,0.5853736654804271,56.2
ENSG00000170315,UBB,0.5853587451993826,2786.1
ENSG00000108771,DHX58,0.5853409090909092,17.6
ENSG00000125482,TTF1,0.5853409090909092,17.6
ENSG00000214655,ZSWIM8,0.5852830188679244,143.1
ENSG00000137103,TMEM8B,0.5852409638554217,33.2
ENSG00000110002,VWA5A,0.5852088452088453,40.7
ENSG00000117133,RPF1,0.5851886792452831,42.4
ENSG00000140443,IGF1R,0.585181347150259,19.3
ENSG00000124570,SERPINB6,0.5850450450450451,266.4
ENSG00000142192,APP,0.5850156927215663,669.1
ENSG00000163795,ZNF513,0.5850134770889488,37.1
ENSG00000150753,CCT5,0.5850121359223301,164.8
ENSG00000170860,LSM3,0.584982206405694,28.1
ENSG00000113575,PPP2CA,0.584975871313673,186.5
ENSG00000132773,TOE1,0.5849612403100776,12.9
ENSG00000157107,FCHO2,0.5848920863309354,27.8
ENSG00000162836,ACP6,0.5848543689320389,20.6
ENSG00000132694,ARHGEF11,0.5848510638297872,23.5
ENSG00000142856,ITGB3BP,0.5847916666666666,19.2
ENSG00000172590,MRPL52,0.5847613882863341,184.4
ENSG00000110442,COMMD9,0.5846843853820599,60.2
ENSG00000182541,LIMK2,0.5846407185628743,66.8
ENSG00000120798,NR2C1,0.5845714285714285,17.5
ENSG00000011295,TTC19,0.5844919786096257,18.7
ENSG00000123352,SPATS2,0.5841975308641976,24.3
ENSG00000148606,POLR3A,0.5841818181818182,11.0
ENSG00000029364,SLC39A9,0.5841646489104115,41.3
ENSG00000115760,BIRC6,0.5840559440559441,14.3
ENSG00000177565,TBL1XR1,0.5839603960396039,40.4
ENSG00000124164,VAPB,0.5837241379310345,43.5
ENSG00000174132,FAM174A,0.5836907730673316,40.1
ENSG00000126107,HECTD3,0.5836486486486486,44.4
ENSG00000173848,NET1,0.5836241610738255,89.4
ENSG00000166484,MAPK7,0.5836046511627906,17.2
ENSG00000213337,ANKRD39,0.5835344827586206,23.2
ENSG00000132676,DAP3,0.5835313001605136,124.6
ENSG00000134852,CLOCK,0.5835114503816794,13.1
ENSG00000182670,TTC3,0.5834794156706508,75.3
ENSG00000155329,ZCCHC10,0.5834540389972145,35.9
ENSG00000055044,NOP58,0.5834492350486787,71.9
ENSG00000006744,ELAC2,0.5833511586452764,56.1
ENSG00000173757,STAT5B,0.5832771822358346,65.3
ENSG00000161970,RPL26,0.5832389738680127,4595.9
ENSG00000169964,TMEM42,0.5831884057971014,34.5
ENSG00000163938,GNL3,0.5829965156794424,86.1
ENSG00000111667,USP5,0.5829375000000001,64.0
ENSG00000001497,LAS1L,0.5829179331306991,32.9
ENSG00000109046,WSB1,0.5828936170212766,70.5
ENSG00000160570,DEDD2,0.5828828828828828,22.2
ENSG00000163608,NEPRO,0.582857142857143,17.5
ENSG00000142330,CAPN10,0.5827874564459931,28.7
ENSG00000188493,C19orf54,0.5827586206896551,14.5
ENSG00000102081,FMR1,0.582730627306273,27.1
ENSG00000122741,DCAF10,0.5827067669172933,13.3
ENSG00000166037,CEP57,0.5826858513189448,41.7
ENSG00000159692,CTBP1,0.5826652221018418,184.6
ENSG00000157349,DDX19B,0.5825233644859812,42.8
ENSG00000243667,DNAAF10,0.5823841059602649,15.1
ENSG00000179304,FAM156B,0.5823696682464455,42.2
ENSG00000139117,CPNE8,0.5823448275862069,14.5
ENSG00000198258,UBL5,0.5823238875611699,878.7
ENSG00000089009,RPL6,0.5823236023236023,2702.7
ENSG00000101343,CRNKL1,0.5823214285714285,22.4
ENSG00000113384,GOLPH3,0.5822395326192794,102.7
ENSG00000164346,NSA2,0.5821698113207546,63.6
ENSG00000157191,NECAP2,0.5821428571428572,72.8
ENSG00000177051,FBXO46,0.582089552238806,20.1
ENSG00000143457,GOLPH3L,0.5819941348973607,34.1
ENSG00000134049,IER3IP1,0.5819795221843004,29.3
ENSG00000179958,DCTPP1,0.581970802919708,54.8
ENSG00000115761,NOL10,0.5818439716312056,14.1
ENSG00000159128,IFNGR2,0.5817085427135678,79.6
ENSG00000148356,LRSAM1,0.5817073170731707,16.4
ENSG00000109917,ZPR1,0.5816867469879518,33.2
ENSG00000146733,PSPH,0.5816774193548386,15.5
ENSG00000213780,GTF2H4,0.5816113744075829,21.1
ENSG00000100478,AP4S1,0.5815942028985508,13.8
ENSG00000118939,UCHL3,0.5815771812080537,59.6
ENSG00000160226,CFAP410,0.581556603773585,42.4
ENSG00000015479,MATR3,0.581538965291421,305.4
ENSG00000129347,KRI1,0.5815384615384614,31.2
ENSG00000005007,UPF1,0.5814555256064691,37.1
ENSG00000244038,DDOST,0.5814387917329094,251.6
ENSG00000126247,CAPNS1,0.5813653741125069,732.4
ENSG00000163807,KIAA1143,0.5813333333333334,16.5
ENSG00000171858,RPS21,0.5812998065764023,2843.5
ENSG00000198026,ZNF335,0.5812903225806452,27.9
ENSG00000178202,POGLUT3,0.5812103746397695,34.7
ENSG00000177485,ZBTB33,0.581195652173913,18.4
ENSG00000104164,BLOC1S6,0.5810564663023678,54.9
ENSG00000164172,MOCS2,0.5810526315789474,117.8
ENSG00000124614,RPS10,0.5809832896869933,3207.6
ENSG00000147133,TAF1,0.5809473684210525,19.0
ENSG00000112081,SRSF3,0.5808123076923077,162.5
ENSG00000135506,OS9,0.5807586206896552,261.0
ENSG00000052841,TTC17,0.5807522123893806,45.2
ENSG00000121481,RNF2,0.5806829268292684,20.5
ENSG00000099783,HNRNPM,0.5806430868167203,217.7
ENSG00000111276,CDKN1B,0.5805782652043869,100.3
ENSG00000121680,PEX16,0.5805333333333333,45.0
ENSG00000178028,DMAP1,0.5804952380952381,52.5
ENSG00000168813,ZNF507,0.5804918032786884,12.2
ENSG00000163728,TTC14,0.580474683544304,63.2
ENSG00000177606,JUN,0.5804697286012526,191.6
ENSG00000138459,SLC35A5,0.5803560830860535,33.7
ENSG00000243678,NME2,0.5802741459299873,948.4
ENSG00000131236,CAP1,0.5802550686723349,305.8
ENSG00000149231,CCDC82,0.5802518891687658,39.7
ENSG00000213523,SRA1,0.580187969924812,53.2
ENSG00000174574,AKIRIN1,0.5801269035532994,78.8
ENSG00000170949,ZNF160,0.5800694444444445,28.8
ENSG00000129824,RPS4Y1,0.5800335852225021,357.3
ENSG00000165502,RPL36AL,0.5800029006526468,689.5
ENSG00000184857,TMEM186,0.5798994974874371,19.9
ENSG00000164167,LSM6,0.5798830409356726,17.1
ENSG00000165282,PIGO,0.5797916666666667,19.2
ENSG00000183735,TBK1,0.5797272727272726,22.0
ENSG00000167842,MIS12,0.5796644295302014,29.8
ENSG00000125450,NUP85,0.5796455696202532,39.5
ENSG00000149932,TMEM219,0.5794039735099337,302.0
ENSG00000104853,CLPTM1,0.5792994051553206,151.3
ENSG00000105372,RPS19,0.5792437850444102,4030.6
ENSG00000168615,ADAM9,0.5792380952380952,52.5
ENSG00000089289,IGBP1,0.5792359932088285,117.8
ENSG00000153201,RANBP2,0.5791943127962087,42.2
ENSG00000137478,FCHSD2,0.5791666666666667,43.2
ENSG00000081307,UBA5,0.579144602851324,49.1
ENSG00000197043,ANXA6,0.5790597204574333,314.8
ENSG00000166548,TK2,0.5790243902439025,45.1
ENSG00000171469,ZNF561,0.5789300411522634,24.3
ENSG00000197345,MRPL21,0.578843648208469,122.8
ENSG00000108654,DDX5,0.5787592664845884,256.3
ENSG00000106399,RPA3,0.5787551867219917,48.2
ENSG00000197903,H2BC12,0.5786830357142856,89.6
ENSG00000151239,TWF1,0.5786379114642451,88.1
ENSG00000186866,POFUT2,0.578562091503268,30.6
ENSG00000104142,VPS18,0.5785074626865672,20.1
ENSG00000111642,CHD4,0.5784633569739952,84.6
ENSG00000145996,CDKAL1,0.5784615384615384,13.0
ENSG00000110048,OSBP,0.5784587155963304,54.5
ENSG00000105849,POLR1F,0.5784049079754602,16.3
ENSG00000108021,TASOR2,0.5784037558685446,21.3
ENSG00000166965,RCCD1,0.5783636363636364,11.0
ENSG00000133704,IPO8,0.5783572895277207,48.7
ENSG00000104897,SF3A2,0.5782997762863535,89.4
ENSG00000260238,PMF1-BGLAP,0.578255033557047,14.9
ENSG00000070614,NDST1,0.5782378854625552,45.4
ENSG00000119559,C19orf25,0.5781308411214954,42.8
ENSG00000172262,ZNF131,0.578069498069498,25.9
ENSG00000166526,ZNF3,0.5780174927113702,34.3
ENSG00000108424,KPNB1,0.578003663003663,109.2
ENSG00000111145,ELK3,0.5779643765903307,39.3
ENSG00000180257,ZNF816,0.5779310344827586,11.6
ENSG00000138382,METTL5,0.5778645235361654,87.1
ENSG00000171135,JAGN1,0.5778119658119659,58.5
ENSG00000154832,CXXC1,0.5777777777777778,63.0
ENSG00000134318,ROCK2,0.5777313432835821,33.5
ENSG00000134330,IAH1,0.5776923076923076,67.6
ENSG00000136908,DPM2,0.5776894409937888,80.5
ENSG00000134453,RBM17,0.577644376899696,131.6
ENSG00000139726,DENR,0.5775886524822695,56.4
ENSG00000106682,EIF4H,0.5775453575240127,374.8
ENSG00000171862,PTEN,0.5774708171206225,51.4
ENSG00000037749,MFAP3,0.5772925764192139,22.9
ENSG00000100417,PMM1,0.5772703412073491,76.2
ENSG00000106723,SPIN1,0.5771625344352617,72.6
ENSG00000134265,NAPG,0.5771333333333334,30.0
ENSG00000112234,FBXL4,0.5769863013698631,14.6
ENSG00000125995,ROMO1,0.5769174977334542,330.9
ENSG00000177854,TMEM187,0.5768831168831169,15.4
ENSG00000047410,TPR,0.5768780487804879,41.0
ENSG00000136152,COG3,0.5768613138686132,27.4
ENSG00000116918,TSNAX,0.5767835051546392,48.5
ENSG00000186532,SMYD4,0.5767692307692307,13.0
ENSG00000205531,NAP1L4,0.5767602591792655,138.9
ENSG00000135945,REV1,0.5767567567567567,22.2
ENSG00000161021,MAML1,0.5767123287671232,21.9
ENSG00000119777,TMEM214,0.5767005076142131,78.8
ENSG00000100888,CHD8,0.5766966966966967,33.3
ENSG00000112144,CILK1,0.5766863905325443,16.9
ENSG00000111271,ACAD10,0.5766824644549763,21.1
ENSG00000006607,FARP2,0.5766789667896678,27.1
ENSG00000125304,TM9SF2,0.5766771951989892,158.3
ENSG00000185803,SLC52A2,0.5766666666666667,34.2
ENSG00000004478,FKBP4,0.5766217616580311,96.5
ENSG00000126005,MMP24OS,0.5765824308062575,83.1
ENSG00000258315,C17orf49,0.5765451388888889,115.2
ENSG00000114388,NPRL2,0.5765445026178011,19.1
ENSG00000126001,CEP250,0.5765346534653465,20.2
ENSG00000138757,G3BP2,0.5764663677130045,111.5
ENSG00000183826,BTBD9,0.5764341085271318,12.9
ENSG00000120942,UBIAD1,0.5764071856287425,16.7
ENSG00000104299,INTS9,0.5763551401869159,21.4
ENSG00000169189,NSMCE1,0.5762522522522522,111.0
ENSG00000136758,YME1L1,0.5761756097560976,102.5
ENSG00000124788,ATXN1,0.576115107913669,13.9
ENSG00000114353,GNAI2,0.5760357761107906,346.6
ENSG00000169627,BOLA2B,0.5759169550173009,57.8
ENSG00000149016,TUT1,0.5758951965065502,22.9
ENSG00000244462,RBM12,0.5757872340425532,47.0
ENSG00000067704,IARS2,0.5757011494252873,87.0
ENSG00000143458,GABPB2,0.5756756756756757,11.1
ENSG00000166794,PPIB,0.5756208924247666,867.3
ENSG00000196459,TRAPPC2,0.575595238095238,16.8
ENSG00000125633,CCDC93,0.5755186721991702,24.1
ENSG00000105617,LENG1,0.5754878048780486,16.4
ENSG00000182774,RPS17,0.5753789377201023,4145.8
ENSG00000137770,CTDSPL2,0.5753389830508475,23.6
ENSG00000171222,SCAND1,0.5753125000000001,140.8
ENSG00000187555,USP7,0.5752919708029196,54.8
ENSG00000008128,CDK11A,0.5752212389380531,45.2
ENSG00000187736,NHEJ1,0.5751785714285714,11.2
ENSG00000150756,ATPSCKMT,0.5751552795031057,16.1
ENSG00000101843,PSMD10,0.5751310861423221,80.1
ENSG00000156171,DRAM2,0.5749323017408124,51.7
ENSG00000067182,TNFRSF1A,0.574802333117304,154.3
ENSG00000164024,METAP1,0.5747470817120621,51.4
ENSG00000159792,PSKH1,0.5746925566343042,30.9
ENSG00000146731,CCT6A,0.5746730462519936,125.4
ENSG00000110108,TMEM109,0.5746521374685666,119.3
ENSG00000123562,MORF4L2,0.5746102449888641,359.2
ENSG00000184634,MED12,0.5745714285714285,14.0
ENSG00000104375,STK3,0.5745689655172412,23.2
ENSG00000169249,ZRSR2,0.5744736842105264,38.0
ENSG00000139372,TDG,0.5743333333333334,24.0
ENSG00000112237,CCNC,0.5742611190817791,69.7
ENSG00000185917,SETD4,0.5741666666666668,21.6
ENSG00000027847,B4GALT7,0.5741588785046728,42.8
ENSG00000113407,TARS1,0.574059097978227,64.3
ENSG00000197386,HTT,0.5740298507462688,20.1
ENSG00000156030,MIDEAS,0.5740298507462687,13.4
ENSG00000130340,SNX9,0.5739823008849557,67.8
ENSG00000118961,LDAH,0.573974358974359,15.6
ENSG00000160094,ZNF362,0.573961038961039,30.8
ENSG00000120686,UFM1,0.5739194915254237,94.4
ENSG00000148737,TCF7L2,0.5739055793991416,23.3
ENSG00000102921,N4BP1,0.5738624338624339,18.9
ENSG00000167645,YIF1B,0.5738248847926267,65.1
ENSG00000134250,NOTCH2,0.5737569060773481,36.2
ENSG00000198680,TUSC1,0.5737373737373738,29.7
ENSG00000137409,MTCH1,0.5736889641546712,354.3
ENSG00000156017,CARNMT1,0.573625,16.0
ENSG00000119844,AFTPH,0.5736150234741784,42.6
ENSG00000101310,SEC23B,0.573562874251497,66.8
ENSG00000196757,ZNF700,0.5735087719298246,22.8
ENSG00000260916,CCPG1,0.5734750000000001,80.0
ENSG00000126773,PCNX4,0.5734523809523809,16.8
ENSG00000130244,FAM98C,0.5734375,25.6
ENSG00000167272,POP5,0.5734375,12.8
ENSG00000174177,CTU2,0.5734065934065934,18.2
ENSG00000186283,TOR3A,0.5733052631578948,47.5
ENSG00000135900,MRPL44,0.5733021077283372,42.7
ENSG00000128973,CLN6,0.5732624113475178,28.2
ENSG00000122042,UBL3,0.5731976744186046,68.8
ENSG00000109184,DCUN1D4,0.5731851851851851,27.0
ENSG00000197363,ZNF517,0.5730578512396695,12.1
ENSG00000198382,UVRAG,0.5730000000000001,32.0
ENSG00000152518,ZFP36L2,0.5729961464354528,207.6
ENSG00000171681,ATF7IP,0.5729746835443038,31.6
ENSG00000168610,STAT3,0.5729746348962337,130.1
ENSG00000100299,ARSA,0.5729479768786127,51.9
ENSG00000081692,JMJD4,0.5729411764705882,17.0
ENSG00000103549,RNF40,0.5727586206896551,52.2
ENSG00000109016,DHRS7B,0.572734693877551,49.0
ENSG00000116984,MTR,0.5726984126984127,18.9
ENSG00000143079,CTTNBP2NL,0.5726315789473685,19.0
ENSG00000134970,TMED7,0.5726133333333333,75.0
ENSG00000132635,PCED1A,0.5725512528473804,87.8
ENSG00000113163,CERT1,0.5725481798715204,46.7
ENSG00000129562,DAD1,0.5725104694732203,453.7
ENSG00000153815,CMIP,0.5725101214574898,49.4
ENSG00000254685,FPGT,0.5724861878453038,18.1
ENSG00000139579,NABP2,0.5724637681159421,55.2
ENSG00000198911,SREBF2,0.5723529411764706,88.4
ENSG00000145029,NICN1,0.5723076923076924,22.1
ENSG00000007541,PIGQ,0.5723076923076923,29.9
ENSG00000143314,MRPL24,0.5722562277580071,140.5
ENSG00000104497,SNX16,0.5722292993630573,15.7
ENSG00000167088,SNRPD1,0.5721661054994389,89.1
ENSG00000162585,FAAP20,0.5721505376344086,74.4
ENSG00000103404,USP31,0.572,11.0
ENSG00000113583,C5orf15,0.5719573901464714,75.1
ENSG00000158411,MITD1,0.5718475073313782,34.1
ENSG00000128524,ATP6V1F,0.5718391139609443,343.1
ENSG00000263956,NBPF11,0.57175,16.0
ENSG00000049541,RFC2,0.5717361111111111,28.8
ENSG00000133028,SCO1,0.5717073170731708,28.7
ENSG00000055208,TAB2,0.5715258855585831,73.4
ENSG00000197728,RPS26,0.5715238780897528,1250.1
ENSG00000198498,TMA16,0.5715175097276265,25.7
ENSG00000171960,PPIH,0.5715151515151515,56.1
ENSG00000204599,TRIM39,0.5714432989690722,19.4
ENSG00000171735,CAMTA1,0.5714204545454546,105.6
ENSG00000031003,FAM13B,0.571375,32.0
ENSG00000213079,SCAF8,0.5713390313390314,35.1
ENSG00000128585,MKLN1,0.5713300492610838,20.3
ENSG00000075413,MARK3,0.5712776831345827,58.7
ENSG00000169203,NPIPB12,0.5712408759124088,13.7
ENSG00000099246,RAB18,0.5711948331539289,92.9
ENSG00000136205,TNS3,0.5711692307692308,65.0
ENSG00000187778,MCRS1,0.5710791366906475,69.5
ENSG00000104695,PPP2CB,0.571067415730337,213.6
ENSG00000096717,SIRT1,0.5710175438596491,28.5
ENSG00000272333,KMT2B,0.5710144927536233,20.7
ENSG00000130227,XPO7,0.5709931506849315,58.4
ENSG00000239779,WBP1,0.5709224489795919,122.5
ENSG00000142208,AKT1,0.5708431163287085,93.7
ENSG00000111790,FGFR1OP2,0.5708089500860585,58.1
ENSG00000158122,PRXL2C,0.5707692307692308,13.0
ENSG00000198945,L3MBTL3,0.5705882352941177,11.9
ENSG00000115307,AUP1,0.5705524419535629,124.9
ENSG00000184009,ACTG1,0.5705380770361659,2380.7
ENSG00000013503,POLR3B,0.5705357142857143,11.2
ENSG00000176915,ANKLE2,0.5705103969754253,52.9
ENSG00000167925,GHDC,0.5704702194357367,31.9
ENSG00000135164,DMTF1,0.570406852248394,46.7
ENSG00000121749,TBC1D15,0.5703759398496241,39.9
ENSG00000125945,ZNF436,0.5702739726027397,14.6
ENSG00000166169,POLL,0.5701616628175519,43.3
ENSG00000100575,TIMM9,0.5701474926253688,67.8
ENSG00000196954,CASP4,0.5701298701298702,77.0
ENSG00000184436,THAP7,0.570026525198939,37.7
ENSG00000198900,TOP1,0.5699292786421499,70.7
ENSG00000085982,USP40,0.5696774193548387,21.7
ENSG00000124155,PIGT,0.5696693476318141,111.9
ENSG00000128908,INO80,0.569655172413793,11.6
ENSG00000196867,ZFP28,0.5696078431372549,10.2
ENSG00000063322,MED29,0.5696043165467626,55.6
ENSG00000171552,BCL2L1,0.5695106186518929,108.3
ENSG00000185946,RNPC3,0.5694397283531409,58.9
ENSG00000159322,ADPGK,0.5694117647058823,25.5
ENSG00000139645,ANKRD52,0.5694017094017094,23.4
ENSG00000131115,ZNF227,0.5692499999999999,16.0
ENSG00000177885,GRB2,0.5692487479131886,119.8
ENSG00000105778,AVL9,0.5692156862745097,20.4
ENSG00000186416,NKRF,0.5691803278688523,12.2
ENSG00000176018,LYSMD3,0.5691555555555555,22.5
ENSG00000198677,SKIC3,0.5691176470588235,40.8
ENSG00000175224,ATG13,0.5690933333333333,75.0
ENSG00000168397,ATG4B,0.5690052356020943,38.2
ENSG00000067167,TRAM1,0.5689813800657174,182.6
ENSG00000187735,TCEA1,0.568948275862069,116.0
ENSG00000147475,ERLIN2,0.5689195402298851,43.5
ENSG00000006451,RALA,0.5687937743190662,51.4
ENSG00000103363,ELOB,0.5686027692860997,556.1
ENSG00000028528,SNX1,0.5685738115095913,119.9
ENSG00000197548,ATG7,0.5685342019543974,30.7
ENSG00000177683,THAP5,0.5685140562248996,24.9
ENSG00000121067,SPOP,0.5684236453201971,81.2
ENSG00000133812,SBF2,0.5683636363636364,16.5
ENSG00000148290,SURF1,0.5682392026578073,90.3
ENSG00000153786,ZDHHC7,0.5682314049586776,60.5
ENSG00000285437,POLR2J3,0.5681831187410586,69.9
ENSG00000165119,HNRNPK,0.5681772110511689,611.7
ENSG00000113580,NR3C1,0.5681545064377682,46.6
ENSG00000100938,GMPR2,0.5681465038845728,90.1
ENSG00000141642,ELAC1,0.568099173553719,12.1
ENSG00000153029,MR1,0.5680788177339902,20.3
ENSG00000109381,ELF2,0.5680536912751678,44.7
ENSG00000172053,QARS1,0.5678932968536252,146.2
ENSG00000105497,ZNF175,0.5678846153846154,10.4
ENSG00000164096,C4orf3,0.5678799019607843,163.2
ENSG00000118363,SPCS2,0.5677788461538462,208.0
ENSG00000175213,ZNF408,0.5677372262773722,13.7
ENSG00000153406,NMRAL1,0.5677319587628865,58.2
ENSG00000115944,COX7A2L,0.5676372924648786,78.3
ENSG00000130717,UCK1,0.5676245210727969,52.2
ENSG00000101473,ACOT8,0.567601078167116,37.1
ENSG00000110700,RPS13,0.5675825330132053,2665.6
ENSG00000132436,FIGNL1,0.5675409836065574,12.2
ENSG00000141560,FN3KRP,0.5675350701402805,49.9
ENSG00000215021,PHB2,0.567485460143688,292.3
ENSG00000168569,TMEM223,0.567158671586716,27.1
ENSG00000167770,OTUB1,0.5671202531645569,126.4
ENSG00000138430,OLA1,0.5670171890798787,98.9
ENSG00000055211,GINM1,0.5669907407407407,86.4
ENSG00000116251,RPL22,0.5668966892700439,1002.8
ENSG00000136161,RCBTB2,0.5668482490272375,25.7
ENSG00000175390,EIF3F,0.5667914438502674,37.4
ENSG00000198081,ZBTB14,0.5667826086956523,23.0
ENSG00000074800,ENO1,0.5667491025129637,1002.8
ENSG00000197756,RPL37A,0.5667396206883805,5409.8
ENSG00000160214,RRP1,0.566624203821656,15.7
ENSG00000071655,MBD3,0.5665945945945946,18.5
ENSG00000060749,QSER1,0.5665420560747663,10.7
ENSG00000141759,TXNL4A,0.5664772727272728,140.8
ENSG00000124422,USP22,0.5663811922753986,119.1
ENSG00000123415,SMUG1,0.5663716814159292,45.2
ENSG00000004455,AK2,0.566252402306214,156.1
ENSG00000128272,ATF4,0.5661452113685216,837.4
ENSG00000119392,GLE1,0.5660633484162897,22.1
ENSG00000168092,PAFAH1B2,0.5660335195530727,53.7
ENSG00000011454,RABGAP1,0.565891472868217,51.6
ENSG00000152894,PTPRK,0.5658899676375405,30.9
ENSG00000104979,C19orf53,0.565859872611465,204.1
ENSG00000144843,ADPRH,0.5658333333333333,12.0
ENSG00000062650,WAPL,0.5658258258258257,33.3
ENSG00000134697,GNL2,0.56581589958159,47.8
ENSG00000188636,RTL6,0.5657740585774058,23.9
ENSG00000149761,NUDT22,0.5657084188911704,48.7
ENSG00000144028,SNRNP200,0.5656642335766423,68.5
ENSG00000186376,ZNF75D,0.5656338028169015,14.2
ENSG00000136937,NCBP1,0.5656227758007117,28.1
ENSG00000172890,NADSYN1,0.5655172413793104,63.8
ENSG00000100802,C14orf93,0.5654761904761905,16.8
ENSG00000126581,BECN1,0.5653674832962137,89.8
ENSG00000137168,PPIL1,0.5653623188405797,41.4
ENSG00000198815,FOXJ3,0.5652631578947368,39.9
ENSG00000100916,BRMS1L,0.5652482269503546,14.1
ENSG00000157426,AASDH,0.5651376146788991,10.9
ENSG00000108518,PFN1,0.5650565045992116,1522.0
ENSG00000105568,PPP2R1A,0.564956493715759,310.3
ENSG00000197969,VPS13A,0.5649101796407185,16.7
ENSG00000181982,CCDC149,0.5648863636363636,17.6
ENSG00000157916,RER1,0.5647600581677169,206.3
ENSG00000168944,CEP120,0.564732824427481,13.1
ENSG00000143224,PPOX,0.5647257383966245,23.7
ENSG00000100325,ASCC2,0.5645759368836292,50.7
ENSG00000141696,P3H4,0.5645751633986928,15.3
ENSG00000069956,MAPK6,0.5644848484848485,33.0
ENSG00000144713,RPL32,0.5644363614501292,3326.6
ENSG00000198646,NCOA6,0.5643548387096775,24.8
ENSG00000103168,TAF1C,0.564336569579288,30.9
ENSG00000278311,GGNBP2,0.5642440318302387,75.4
ENSG00000084623,EIF3I,0.5641878980891718,251.2
ENSG00000205133,TRIQK,0.5640955631399318,29.3
ENSG00000146802,TMEM168,0.564089219330855,26.9
ENSG00000114767,RRP9,0.5640425531914894,28.2
ENSG00000189114,BLOC1S3,0.5639370078740158,12.7
ENSG00000136942,RPL35,0.5639016403203239,3359.1
ENSG00000158109,TPRG1L,0.5638894373149062,101.3
ENSG00000158669,GPAT4,0.5637274549098196,49.9
ENSG00000144048,DUSP11,0.5637234042553192,37.6
ENSG00000086062,B4GALT1,0.5636470588235294,85.0
ENSG00000153485,TMEM251,0.5636419753086419,32.4
ENSG00000272047,GTF2H5,0.5635897435897437,54.6
ENSG00000143633,C1orf131,0.563582089552239,20.1
ENSG00000111142,METAP2,0.5635726495726495,117.0
ENSG00000071127,WDR1,0.5635459568056254,199.1
ENSG00000116685,KIAA2013,0.5635064935064935,61.6
ENSG00000163812,ZDHHC3,0.5634782608695652,59.8
ENSG00000101391,CDK5RAP1,0.5634741784037559,21.3
ENSG00000088832,FKBP1A,0.5634694504144919,325.7
ENSG00000143740,SNAP47,0.5634298440979955,44.9
ENSG00000163344,PMVK,0.5633965672990063,110.7
ENSG00000065970,FOXJ2,0.5633755274261604,23.7
ENSG00000069943,PIGB,0.56336,12.5
ENSG00000196961,AP2A1,0.5633255269320843,85.4
ENSG00000100852,ARHGAP5,0.5632970451010886,64.3
ENSG00000143420,ENSA,0.5632868217054264,322.5
ENSG00000068745,IP6K2,0.5632830416415209,165.7
ENSG00000167775,CD320,0.5632159264931087,65.3
ENSG00000152520,PAN3,0.5630508474576271,29.5
ENSG00000185088,RPS27L,0.5630326295585414,260.5
ENSG00000146067,FAM193B,0.5629420505200593,67.3
ENSG00000183172,SMDT1,0.5629347826086957,36.8
ENSG00000149499,EML3,0.5629158110882957,48.7
ENSG00000122026,RPL21,0.5629057722830172,4788.4
ENSG00000100823,APEX1,0.5628209556706966,173.7
ENSG00000160741,CRTC2,0.5627573529411763,54.4
ENSG00000023734,STRAP,0.5627521501172792,127.9
ENSG00000116473,RAP1A,0.5627202255109232,141.9
ENSG00000130669,PAK4,0.562695035460993,42.3
ENSG00000132432,SEC61G,0.5626190476190477,327.6
ENSG00000171100,MTM1,0.5626190476190477,16.8
ENSG00000156599,ZDHHC5,0.5625130890052357,57.3
ENSG00000177311,ZBTB38,0.5624752475247525,60.6
ENSG00000146282,RARS2,0.56234375,12.8
ENSG00000054983,GALC,0.5622222222222222,32.4
ENSG00000013441,CLK1,0.5621930870083434,167.8
ENSG00000151748,SAV1,0.5621428571428572,42.0
ENSG00000104388,RAB2A,0.5620530973451328,113.0
ENSG00000158092,NCK1,0.5619512195121952,49.2
ENSG00000171109,MFN1,0.561917808219178,21.9
ENSG00000108061,SHOC2,0.5618840579710145,41.4
ENSG00000133818,RRAS2,0.5618795180722891,41.5
ENSG00000092036,HAUS4,0.5618363939899833,59.9
ENSG00000068912,ERLEC1,0.5618266978922716,85.4
ENSG00000179604,CDC42EP4,0.5617748917748918,92.4
ENSG00000067248,DHX29,0.5617194570135747,22.1
ENSG00000053900,ANAPC4,0.561691842900302,33.1
ENSG00000122545,SEPTIN7,0.5616908850726552,227.1
ENSG00000130309,COLGALT1,0.5616455696202531,31.6
ENSG00000065883,CDK13,0.5615325670498085,26.1
ENSG00000127580,WDR24,0.5614285714285714,14.0
ENSG00000168924,LETM1,0.5614225941422595,23.9
ENSG00000104886,PLEKHJ1,0.5613411078717201,102.9
ENSG00000169446,MMGT1,0.5613058419243987,29.1
ENSG00000213719,CLIC1,0.5612454592631032,385.4
ENSG00000141452,RMC1,0.5612403100775194,25.8
ENSG00000185900,POMK,0.5610714285714286,11.2
ENSG00000068654,POLR1A,0.5609708737864078,10.3
ENSG00000066117,SMARCD1,0.5609380863039399,53.3
ENSG00000106009,BRAT1,0.5609230769230769,32.5
ENSG00000135093,USP30,0.560921052631579,15.2
ENSG00000113811,SELENOK,0.5608310249307479,72.2
ENSG00000172432,GTPBP2,0.5608148148148149,54.0
ENSG00000143614,GATAD2B,0.5607821229050279,17.9
ENSG00000125459,MSTO1,0.5607717041800644,31.1
ENSG00000126067,PSMB2,0.5607067137809187,28.3
ENSG00000101290,CDS2,0.5606734006734007,29.7
ENSG00000101745,ANKRD12,0.5606521739130436,27.6
ENSG00000112851,ERBIN,0.5606355932203391,47.2
ENSG00000179085,DPM3,0.5606190777005685,158.3
ENSG00000101052,IFT52,0.5606060606060607,39.6
ENSG00000130939,UBE4B,0.56046783625731,34.2
ENSG00000145741,BTF3,0.5603642540341606,1059.7
ENSG00000157483,MYO1E,0.5603543307086614,50.8
ENSG00000137522,RNF121,0.5603493449781659,22.9
ENSG00000162694,EXTL2,0.5603418803418804,23.4
ENSG00000204304,PBX2,0.5601973684210526,60.8
ENSG00000172531,PPP1CA,0.5601766004415011,181.2
ENSG00000204308,RNF5,0.5601018675721562,117.8
ENSG00000127419,TMEM175,0.5600523560209424,38.2
ENSG00000134108,ARL8B,0.559979695431472,98.5
ENSG00000100106,TRIOBP,0.5599732262382865,74.7
ENSG00000148331,ASB6,0.5599209486166008,25.3
ENSG00000134152,KATNBL1,0.5598425196850394,38.1
ENSG00000180822,PSMG4,0.5598395721925133,37.4
ENSG00000134153,EMC7,0.5597337070777856,142.7
ENSG00000168566,SNRNP48,0.5594871794871795,11.7
ENSG00000223496,EXOSC6,0.5592222222222223,18.0
ENSG00000186591,UBE2H,0.5590424374319913,91.9
ENSG00000100014,SPECC1L,0.558993288590604,29.8
ENSG00000082516,GEMIN5,0.5589655172413793,11.6
ENSG00000137656,BUD13,0.5588235294117648,23.8
ENSG00000100462,PRMT5,0.5588181818181819,66.0
ENSG00000180357,ZNF609,0.5587878787878787,19.8
ENSG00000234616,JRK,0.5587037037037037,10.8
ENSG00000113441,LNPEP,0.5586740331491714,18.1
ENSG00000167377,ZNF23,0.5586577181208054,14.9
ENSG00000100353,EIF3D,0.5585988323603003,239.8
ENSG00000162910,MRPL55,0.5585949506037321,91.1
ENSG00000123595,RAB9A,0.5585633270321361,52.9
ENSG00000072364,AFF4,0.5584931506849314,43.8
ENSG00000141013,GAS8,0.5583516483516483,18.2
ENSG00000176148,TCP11L1,0.5583050847457627,11.8
ENSG00000163155,LYSMD1,0.5582945736434108,12.9
ENSG00000198860,TSEN15,0.5582784810126582,39.5
ENSG00000188997,KCTD21,0.5581081081081082,14.8
ENSG00000241370,RPP21,0.5580747126436781,69.6
ENSG00000135624,CCT7,0.5579753870583565,251.9
ENSG00000137955,RABGGTB,0.5578686493184635,80.7
ENSG00000107862,GBF1,0.5577025036818852,67.9
ENSG00000049618,ARID1B,0.5576315789473684,30.4
ENSG00000132356,PRKAA1,0.5576016260162602,49.2
ENSG00000167699,GLOD4,0.5575639464068209,82.1
ENSG00000068120,COASY,0.5575301204819277,66.4
ENSG00000163320,CGGBP1,0.5574842767295599,79.5
ENSG00000132912,DCTN4,0.5574358974358975,54.6
ENSG00000134759,ELP2,0.5573611111111112,43.2
ENSG00000148925,BTBD10,0.5573184357541899,35.8
ENSG00000184384,MAML2,0.5572932330827067,13.3
ENSG00000161547,SRSF2,0.5571903669724771,174.4
ENSG00000055950,MRPL43,0.5571250000000001,112.0
ENSG00000096070,BRPF3,0.556989247311828,18.6
ENSG00000142252,GEMIN7,0.5569014084507043,35.5
ENSG00000107833,NPM3,0.5568493150684932,29.2
ENSG00000107669,ATE1,0.5568316831683169,20.2
ENSG00000100445,SDR39U1,0.5568257261410788,96.4
ENSG00000136436,CALCOCO2,0.5567693274670019,159.1
ENSG00000234127,TRIM26,0.5567407407407408,27.0
ENSG00000129933,MAU2,0.5566946778711483,35.7
ENSG00000125952,MAX,0.5566935483870968,99.2
ENSG00000178105,DDX10,0.5566917293233083,13.3
ENSG00000117616,RSRP1,0.556681887366819,65.7
ENSG00000066136,NFYC,0.5566325036603221,68.3
ENSG00000165219,GAPVD1,0.556573705179283,25.1
ENSG00000090273,NUDC,0.5565464895635674,158.1
ENSG00000111639,MRPL51,0.5564217252396166,250.4
ENSG00000185716,MOSMO,0.5563725490196078,20.4
ENSG00000171448,ZBTB26,0.5563461538461538,10.4
ENSG00000185896,LAMP1,0.5563334868724091,217.1
ENSG00000143756,FBXO28,0.5562814070351758,19.9
ENSG00000204859,ZBTB48,0.5560483870967743,24.8
ENSG00000148690,FRA10AC1,0.5560368663594469,21.7
ENSG00000143157,POGK,0.5559468438538205,30.1
ENSG00000089335,ZNF302,0.5559024390243903,41.0
ENSG00000099917,MED15,0.5558157389635316,52.1
ENSG00000124574,ABCC10,0.5558064516129033,24.8
ENSG00000185475,TMEM179B,0.5557493857493858,81.4
ENSG00000138942,RNF185,0.5556107660455486,48.3
ENSG00000211450,SELENOH,0.5554019292604502,124.4
ENSG00000166272,WBP1L,0.555234375,51.2
ENSG00000067560,RHOA,0.5552159367396594,657.6
ENSG00000145022,TCTA,0.5551543209876543,64.8
ENSG00000132326,PER2,0.5550310559006212,16.1
ENSG00000100410,PHF5A,0.5549726775956284,54.9
ENSG00000006125,AP2B1,0.5549537426408747,118.9
ENSG00000115084,SLC35F5,0.5549321266968328,22.1
ENSG00000141646,SMAD4,0.5548913043478261,18.4
ENSG00000115204,MPV17,0.5548460661345497,87.7
ENSG00000161980,POLR3K,0.5546113989637306,19.3
ENSG00000136807,CDK9,0.5545305164319249,85.2
ENSG00000082805,ERC1,0.5545251396648044,17.9
ENSG00000169914,OTUD3,0.5544554455445545,10.1
ENSG00000115159,GPD2,0.5543722943722943,23.1
ENSG00000205138,SDHAF1,0.5543396226415094,31.8
ENSG00000164587,RPS14,0.5542154220638094,2300.6
ENSG00000132341,RAN,0.5541198362486043,537.4
ENSG00000266173,STRADA,0.5540425531914894,47.0
ENSG00000138760,SCARB2,0.5539461883408072,89.2
ENSG00000162819,BROX,0.55387012987013,38.5
ENSG00000144747,TMF1,0.5538461538461539,24.7
ENSG00000130254,SAFB2,0.5538218390804597,69.6
ENSG00000085274,MYNN,0.5538028169014084,14.2
ENSG00000185864,NPIPB4,0.5537435897435896,39.0
ENSG00000150459,SAP18,0.5536784367500858,291.7
ENSG00000169228,RAB24,0.5536196319018405,48.9
ENSG00000185236,RAB11B,0.5535996326905418,217.8
ENSG00000197965,MPZL1,0.5535597189695551,85.4
ENSG00000065491,TBC1D22B,0.5535260115606937,17.3
ENSG00000099910,KLHL22,0.5534117647058824,34.0
ENSG00000107643,MAPK8,0.5533990147783251,20.3
ENSG00000129292,PHF20L1,0.5533891213389122,23.9
ENSG00000186166,CENATAC,0.5533649289099526,21.1
ENSG00000115128,SF3B6,0.553363453815261,199.2
ENSG00000149313,AASDHPPT,0.5532631578947369,47.5
ENSG00000188917,TRMT2B,0.5530935251798561,13.9
ENSG00000188321,ZNF559,0.5529968454258676,31.7
ENSG00000137275,RIPK1,0.5528915662650603,16.6
ENSG00000099622,CIRBP,0.5528887681651501,736.3
ENSG00000042753,AP2S1,0.552770853307766,208.6
ENSG00000166133,RPUSD2,0.5527536231884058,13.8
ENSG00000163249,CCNYL1,0.552694610778443,16.7
ENSG00000129197,RPAIN,0.5526000000000001,50.0
ENSG00000131653,TRAF7,0.5525563909774437,53.2
ENSG00000163755,HPS3,0.5524848484848485,16.5
ENSG00000158636,EMSY,0.5524691358024691,16.2
ENSG00000162736,NCSTN,0.552443919716647,84.7
ENSG00000068697,LAPTM4A,0.5523629424011104,576.4
ENSG00000113460,BRIX1,0.5523255813953489,34.4
ENSG00000125971,DYNLRB1,0.5522656792409165,432.1
ENSG00000241258,CRCP,0.5521937321937322,35.1
ENSG00000159111,MRPL10,0.5520779220779221,61.6
ENSG00000221821,C6orf226,0.5520666666666666,30.0
ENSG00000131788,PIAS3,0.5520435967302452,36.7
ENSG00000170004,CHD3,0.5520060790273557,65.8
ENSG00000152332,UHMK1,0.5519473684210526,38.0
ENSG00000155304,HSPA13,0.551936507936508,31.5
ENSG00000161960,EIF4A1,0.5519270539575107,531.9
ENSG00000085788,DDHD2,0.5518840579710145,48.3
ENSG00000175029,CTBP2,0.5518739635157545,60.3
ENSG00000086666,ZFAND6,0.5517848791893999,128.3
ENSG00000108604,SMARCD2,0.5517271727172718,90.9
ENSG00000027697,IFNGR1,0.5517098445595855,154.4
ENSG00000071626,DAZAP1,0.5516216216216216,74.0
ENSG00000150760,DOCK1,0.551603498542274,34.3
ENSG00000136950,ARPC5L,0.5515896279594138,88.7
ENSG00000176410,DNAJC30,0.5514705882352942,13.6
ENSG00000143183,TMCO1,0.5514624505928853,151.8
ENSG00000160691,SHC1,0.5514327062228653,138.2
ENSG00000170234,PWWP2A,0.551377245508982,16.7
ENSG00000152492,CCDC50,0.5513322091062395,59.3
ENSG00000112130,RNF8,0.5513286713286714,14.3
ENSG00000125351,UPF3B,0.5512970711297072,23.9
ENSG00000005175,RPAP3,0.551231884057971,27.6
ENSG00000156931,VPS8,0.5512267657992566,26.9
ENSG00000165169,DYNLT3,0.5511557788944724,59.7
ENSG00000198909,MAP3K3,0.5511227154046998,38.3
ENSG00000172888,ZNF621,0.5510752688172044,18.6
ENSG00000144736,SHQ1,0.551048951048951,14.3
ENSG00000108591,DRG2,0.5510249307479225,36.1
ENSG00000089280,FUS,0.5508004926108374,162.4
ENSG00000157895,C12orf43,0.5506358381502889,17.3
ENSG00000166704,ZNF606,0.5506306306306306,11.1
ENSG00000112282,MED23,0.5506280193236716,20.7
ENSG00000130204,TOMM40,0.5504950495049505,60.6
ENSG00000178913,TAF7,0.5504473304473304,138.6
ENSG00000137145,DENND4C,0.550394265232975,27.9
ENSG00000177225,GATD1,0.5503241895261846,40.1
ENSG00000184924,PTRHD1,0.5502400000000001,25.0
ENSG00000183255,PTTG1IP,0.5500340715502555,234.8
ENSG00000154328,NEIL2,0.5499242424242425,26.4
ENSG00000136930,PSMB7,0.5498381633421151,265.7
ENSG00000002822,MAD1L1,0.5497872340425531,18.8
ENSG00000180011,PTGR3,0.5497387173396674,42.1
ENSG00000141378,PTRH2,0.5497155361050329,45.7
ENSG00000101442,ACTR5,0.5496774193548386,12.4
ENSG00000143543,JTB,0.5496398399288573,224.9
ENSG00000101421,CHMP4B,0.5496059544658494,228.4
ENSG00000103479,RBL2,0.5494516129032258,62.0
ENSG00000168259,DNAJC7,0.5493632286995517,111.5
ENSG00000151148,UBE3B,0.549308176100629,31.8
ENSG00000141971,MVB12A,0.5492916666666666,48.0
ENSG00000156374,PCGF6,0.5492592592592593,10.8
ENSG00000132589,FLOT2,0.5492409240924092,90.9
ENSG00000160310,PRMT2,0.549035752979415,92.3
ENSG00000140830,TXNL4B,0.5490322580645162,18.6
ENSG00000132466,ANKRD17,0.5490090090090088,33.3
ENSG00000177239,MAN1B1,0.5490070921985815,28.2
ENSG00000151876,FBXO4,0.548993288590604,14.9
ENSG00000254004,ZNF260,0.5489090909090908,11.0
ENSG00000122386,ZNF205,0.5489005235602094,19.1
ENSG00000173163,COMMD1,0.5488915094339621,84.8
ENSG00000108107,RPL28,0.5488542850647875,2639.4
ENSG00000124784,RIOK1,0.5488205128205128,19.5
ENSG00000197498,RPF2,0.5487562189054728,20.1
ENSG00000171792,RHNO1,0.548702928870293,23.9
ENSG00000147654,EBAG9,0.5486060606060607,49.5
ENSG00000271601,LIX1L,0.5485975609756097,32.8
ENSG00000169410,PTPN9,0.5485906040268457,14.9
ENSG00000083444,PLOD1,0.5485786802030457,78.8
ENSG00000085733,CTTN,0.5485549132947977,138.4
ENSG00000116120,FARSB,0.5484472049689441,16.1
ENSG00000163743,RCHY1,0.5483257918552037,22.1
ENSG00000115216,NRBP1,0.5482284768211921,120.8
ENSG00000182979,MTA1,0.5481739130434782,46.0
ENSG00000015171,ZMYND11,0.5480648648648648,92.5
ENSG00000091039,OSBPL8,0.5480235988200589,33.9
ENSG00000144746,ARL6IP5,0.5479604938271604,202.5
ENSG00000090861,AARS1,0.5479236812570146,89.1
ENSG00000011376,LARS2,0.5478991596638657,11.9
ENSG00000174106,LEMD3,0.5478571428571428,19.6
ENSG00000163516,ANKZF1,0.5478297872340425,23.5
ENSG00000175137,SH3BP5L,0.5477351916376306,28.7
ENSG00000131013,PPIL4,0.5477325581395349,34.4
ENSG00000270170,NCBP2AS2,0.5477223427331888,46.1
ENSG00000185753,CXorf38,0.5476000000000001,15.0
ENSG00000125630,POLR1B,0.5475,11.2
ENSG00000111671,SPSB2,0.5474999999999999,13.6
ENSG00000065268,WDR18,0.5474922600619194,32.3
ENSG00000132603,NIP7,0.5474603174603174,25.2
ENSG00000002919,SNX11,0.5474264705882352,27.2
ENSG00000109111,SUPT6H,0.5474146341463415,61.5
ENSG00000039523,RIPOR1,0.5473870967741935,62.0
ENSG00000132275,RRP8,0.5473831775700934,21.4
ENSG00000136045,PWP1,0.5473234200743494,53.8
ENSG00000107882,SUFU,0.5472463768115943,13.8
ENSG00000092531,SNAP23,0.5471898734177215,79.0
ENSG00000198887,SMC5,0.5471020408163265,24.5
ENSG00000166004,CEP295,0.5469230769230768,15.6
ENSG00000090612,ZNF268,0.5466666666666667,12.3
ENSG00000243943,ZNF512,0.5466666666666666,29.7
ENSG00000131375,CAPN7,0.5466666666666666,26.4
ENSG00000092010,PSME1,0.5465812591508054,273.2
ENSG00000128513,POT1,0.5465116279069767,12.9
ENSG00000107874,CUEDC2,0.5464879356568364,111.9
ENSG00000144233,AMMECR1L,0.5464761904761904,10.5
ENSG00000144228,SPOPL,0.5464102564102564,15.6
ENSG00000100865,CINP,0.5463942307692308,41.6
ENSG00000168884,TNIP2,0.5463703703703705,40.5
ENSG00000103852,TTC23,0.5461635220125787,15.9
ENSG00000136522,MRPL47,0.5461463414634147,61.5
ENSG00000136603,SKIL,0.5461187214611872,21.9
ENSG00000104872,PIH1D1,0.5460051546391752,77.6
ENSG00000099385,BCL7C,0.5459953161592507,85.4
ENSG00000135090,TAOK3,0.5459507829977628,44.7
ENSG00000131446,MGAT1,0.5459190031152648,128.4
ENSG00000198521,ZNF43,0.5458823529411765,10.2
ENSG00000132153,DHX30,0.5458490566037736,53.0
ENSG00000167110,GOLGA2,0.5458273381294965,55.6
ENSG00000108826,MRPL27,0.5456745479833102,143.8
ENSG00000263001,GTF2I,0.5456165616561656,111.1
ENSG00000221983,UBA52,0.5455559340178093,2055.1
ENSG00000136783,NIPSNAP3A,0.545397489539749,47.8
ENSG00000196235,SUPT5H,0.5453600000000001,100.0
ENSG00000165669,FAM204A,0.5451461988304094,51.3
ENSG00000007376,RPUSD1,0.5450643776824035,23.3
ENSG00000008018,PSMB1,0.5449360755975542,359.8
ENSG00000149196,HIKESHI,0.544904214559387,52.2
ENSG00000116752,BCAS2,0.544888888888889,72.0
ENSG00000115866,DARS1,0.5447335811648079,80.7
ENSG00000073584,SMARCE1,0.5446826516220029,70.9
ENSG00000140265,ZSCAN29,0.5446428571428572,11.2
ENSG00000118482,PHF3,0.5445576407506703,37.3
ENSG00000132669,RIN2,0.5445161290322581,18.6
ENSG00000135801,TAF5L,0.5445070422535211,21.3
ENSG00000147789,ZNF7,0.5444728434504793,31.3
ENSG00000032389,EIPR1,0.5444648318042815,32.7
ENSG00000243317,STMP1,0.5444493392070483,45.4
ENSG00000148384,INPP5E,0.5444343891402715,22.1
ENSG00000204310,AGPAT1,0.5442794759825328,91.6
ENSG00000123268,ATF1,0.5440131578947368,30.4
ENSG00000131475,VPS25,0.5440089086859689,89.8
ENSG00000213741,RPS29,0.5439550340877519,4679.1
ENSG00000115524,SF3B1,0.5438469565217391,287.5
ENSG00000146828,SLC12A9,0.5436619718309859,14.2
ENSG00000168802,CHTF8,0.5436526946107784,66.8
ENSG00000187325,TAF9B,0.5436012861736335,31.1
ENSG00000059122,FLYWCH1,0.5435897435897435,31.2
ENSG00000136699,SMPD4,0.5435627530364371,24.7
ENSG00000125651,GTF2F1,0.5433255813953488,86.0
ENSG00000166913,YWHAB,0.5433109972408356,253.7
ENSG00000085365,SCAMP1,0.5432505643340857,44.3
ENSG00000140688,RUSF1,0.5431751227495909,61.1
ENSG00000203667,COX20,0.543,54.0
ENSG00000134001,EIF2S1,0.543,48.0
ENSG00000164414,SLC35A1,0.5429530201342283,44.7
ENSG00000172845,SP3,0.542839116719243,63.4
ENSG00000213516,RBMXL1,0.542837837837838,14.8
ENSG00000140365,COMMD4,0.5426694473409802,95.9
ENSG00000081791,DELE1,0.5426251691474967,73.9
ENSG00000084112,SSH1,0.5425,11.2
ENSG00000127947,PTPN12,0.5424821683309556,70.1
ENSG00000056972,TRAF3IP2,0.5424464831804281,32.7
ENSG00000102699,PARP4,0.5424258760107815,37.1
ENSG00000163933,RFT1,0.5423696682464456,21.1
ENSG00000144026,ZNF514,0.5423387096774194,24.8
ENSG00000148730,EIF4EBP2,0.5422641509433962,63.6
ENSG00000168434,COG7,0.5422421524663676,22.3
ENSG00000167232,ZNF91,0.5422388059701493,13.4
ENSG00000172992,DCAKD,0.5422337662337662,38.5
ENSG00000168066,SF1,0.5421621621621622,185.0
ENSG00000122435,TRMT13,0.5421,20.0
ENSG00000177879,AP3S1,0.5420492454328832,125.9
ENSG00000122674,CCZ1,0.5419928825622775,28.1
ENSG00000177971,IMP3,0.5419137749737118,95.1
ENSG00000175582,RAB6A,0.5418206338503034,148.3
ENSG00000065057,NTHL1,0.5417741935483872,24.8
ENSG00000068394,GPKOW,0.5417094017094017,35.1
ENSG00000138138,ATAD1,0.5416918429003021,33.1
ENSG00000127995,CASD1,0.541673640167364,23.9
ENSG00000136098,NEK3,0.5416216216216216,18.5
ENSG00000079805,DNM2,0.5414607754733995,110.9
ENSG00000145216,FIP1L1,0.5413559322033897,29.5
ENSG00000160584,SIK3,0.5413389121338912,23.9
ENSG00000066455,GOLGA5,0.5412524461839531,51.1
ENSG00000128699,ORMDL1,0.5412140575079872,93.9
ENSG00000106460,TMEM106B,0.5411789473684211,47.5
ENSG00000180628,PCGF5,0.5411111111111111,30.6
ENSG00000100038,TOP3B,0.5411111111111111,23.4
ENSG00000100890,PRORP,0.5411072664359862,28.9
ENSG00000103091,WDR59,0.5410256410256412,35.1
ENSG00000174903,RAB1B,0.5409515928837402,241.7
ENSG00000135845,PIGC,0.5408785529715763,38.7
ENSG00000164535,DAGLB,0.5407894736842105,15.2
ENSG00000278540,ACACA,0.5407246376811595,27.6
ENSG00000170365,SMAD1,0.5407119741100324,30.9
ENSG00000181396,OGFOD3,0.5406177606177606,25.9
ENSG00000204227,RING1,0.5405235602094242,76.4
ENSG00000119574,ZBTB45,0.540503144654088,15.9
ENSG00000111641,NOP2,0.540483870967742,37.2
ENSG00000119725,ZNF410,0.5404779411764706,54.4
ENSG00000172172,MRPL13,0.5404192872117402,47.7
ENSG00000171634,BPTF,0.5402772277227723,50.5
ENSG00000253710,ALG11,0.5401117318435754,17.9
ENSG00000062725,APPBP2,0.54,21.9
ENSG00000110367,DDX6,0.5398156682027649,65.1
ENSG00000101844,ATG4A,0.5397777777777777,18.0
ENSG00000174840,PDE12,0.5396923076923076,13.0
ENSG00000102606,ARHGEF7,0.5396888260254598,70.7
ENSG00000103249,CLCN7,0.5396739130434782,36.8
ENSG00000090520,DNAJB11,0.5396573208722741,64.2
ENSG00000047056,WDR37,0.5395959595959596,19.8
ENSG00000172775,PSME3IP1,0.5395368421052631,142.5
ENSG00000103194,USP10,0.539520295202952,54.2
ENSG00000176978,DPP7,0.5394615384615384,104.0
ENSG00000094631,HDAC6,0.5394466403162055,25.3
ENSG00000137575,SDCBP,0.5394039468385018,248.3
ENSG00000184277,TM2D3,0.5394025974025974,77.0
ENSG00000181555,SETD2,0.53936,25.0
ENSG00000141741,MIEN1,0.5393307086614173,50.8
ENSG00000048707,VPS13D,0.5392828685258965,25.1
ENSG00000166326,TRIM44,0.5392799999999999,25.0
ENSG00000089876,DHX32,0.5392307692307693,33.8
ENSG00000152409,JMY,0.5392063492063491,12.6
ENSG00000100142,POLR2F,0.5391985752448798,112.3
ENSG00000189369,GSPT2,0.5391935483870969,12.4
ENSG00000165494,PCF11,0.5391475409836066,30.5
ENSG00000183513,COA5,0.5390825688073394,43.6
ENSG00000119335,SET,0.5390395271518286,270.7
ENSG00000071889,FAM3A,0.5389198036006547,61.1
ENSG00000197162,ZNF785,0.5388321167883211,13.7
ENSG00000205302,SNX2,0.5387044534412956,24.7
ENSG00000198960,ARMCX6,0.5387044534412955,24.7
ENSG00000144401,METTL21A,0.5387012987012988,23.1
ENSG00000113300,CNOT6,0.538695652173913,18.4
ENSG00000101138,CSTF1,0.5386585365853658,16.4
ENSG00000213024,NUP62,0.5386252771618625,45.1
ENSG00000152404,CWF19L2,0.5383749999999999,16.0
ENSG00000112367,FIG4,0.5382926829268293,16.4
ENSG00000089693,MLF2,0.5380722891566265,290.5
ENSG00000004059,ARF5,0.5380619219943708,248.7
ENSG00000160131,VMA21,0.538046511627907,21.5
ENSG00000254858,MPV17L2,0.5380110497237569,18.1
ENSG00000179010,MRFAP1,0.5379624336463863,489.8
ENSG00000196700,ZNF512B,0.5379512195121952,20.5
ENSG00000086475,SEPHS1,0.5379298831385642,59.9
ENSG00000163904,SENP2,0.5378531073446327,17.7
ENSG00000196396,PTPN1,0.5378071833648392,52.9
ENSG00000109911,ELP4,0.5377906976744187,17.2
ENSG00000175221,MED16,0.5377872340425531,47.0
ENSG00000156587,UBE2L6,0.5377229299363058,125.6
ENSG00000145388,METTL14,0.5376086956521738,18.4
ENSG00000007520,TSR3,0.5374169741697417,81.3
ENSG00000165792,METTL17,0.5374117647058825,34.0
ENSG00000140391,TSPAN3,0.5373421439060206,408.6
ENSG00000114735,HEMK1,0.5370909090909091,27.5
ENSG00000064999,ANKS1A,0.5369180327868852,30.5
ENSG00000089006,SNX5,0.536892911010558,66.3
ENSG00000114316,USP4,0.5368924302788843,50.2
ENSG00000087077,TRIP6,0.5368882978723405,75.2
ENSG00000182872,RBM10,0.5368400770712909,51.9
ENSG00000184182,UBE2F,0.5368215892053974,66.7
ENSG00000105402,NAPA,0.5368118717089516,208.9
ENSG00000198265,HELZ,0.5368055555555555,14.4
ENSG00000120832,MTERF2,0.5368044077134986,36.3
ENSG00000087338,GMCL1,0.5367777777777778,18.0
ENSG00000090686,USP48,0.5366604127579737,53.3
ENSG00000137824,RMDN3,0.5366324435318275,48.7
ENSG00000170445,HARS1,0.5366323907455012,77.8
ENSG00000174173,TRMT10C,0.5366197183098591,28.4
ENSG00000141551,CSNK1D,0.5365936739659368,82.2
ENSG00000167182,SP2,0.5365734265734267,28.6
ENSG00000258289,CHURC1,0.5365571616294349,76.1
ENSG00000254996,ANKHD1-EIF4EBP3,0.5364824120603015,19.9
ENSG00000160201,U2AF1,0.5364467766116942,133.4
ENSG00000129187,DCTD,0.5364406779661017,94.4
ENSG00000065457,ADAT1,0.5362616822429906,21.4
ENSG00000130703,OSBPL2,0.5362586605080831,43.3
ENSG00000113812,ACTR8,0.5362189054726368,20.1
ENSG00000133398,MED10,0.5362141491395793,52.3
ENSG00000110925,CSRNP2,0.5361632653061225,24.5
ENSG00000080802,CNOT4,0.5361137440758293,21.1
ENSG00000090554,FLT3LG,0.5359825327510918,22.9
ENSG00000129003,VPS13C,0.5359770114942529,17.4
ENSG00000170631,ZNF16,0.5359615384615385,10.4
ENSG00000165733,BMS1,0.535688622754491,16.7
ENSG00000114902,SPCS1,0.5356404494382023,178.0
ENSG00000100941,PNN,0.5355779569892473,148.8
ENSG00000198492,YTHDF2,0.5355555555555555,60.3
ENSG00000173436,MICOS10,0.5355414012738854,15.7
ENSG00000198464,ZNF480,0.5354482758620689,14.5
ENSG00000166012,TAF1D,0.5354418604651163,21.5
ENSG00000164088,PPM1M,0.5354006968641114,28.7
ENSG00000119285,HEATR1,0.5353731343283582,13.4
ENSG00000197150,ABCB8,0.5353508771929825,22.8
ENSG00000167528,ZNF641,0.5353233830845772,20.1
ENSG00000177192,PUS1,0.5353051643192488,21.3
ENSG00000197563,PIGN,0.5352657004830917,20.7
ENSG00000183617,MRPL54,0.5351118475559238,120.7
ENSG00000086102,NFX1,0.5350700280112046,35.7
ENSG00000095485,CWF19L1,0.534915254237288,17.7
ENSG00000080608,PUM3,0.5348251748251749,28.6
ENSG00000117519,CNN3,0.53473604826546,265.2
ENSG00000140382,HMG20A,0.5347337278106508,33.8
ENSG00000064961,HMG20B,0.5346554149085794,71.1
ENSG00000136816,TOR1B,0.534622641509434,21.2
ENSG00000100554,ATP6V1D,0.5345070422535212,127.8
ENSG00000071859,FAM50A,0.5343313373253493,100.2
ENSG00000238227,TMEM250,0.5343060498220641,28.1
ENSG00000053770,AP5M1,0.5342567567567567,29.6
ENSG00000118873,RAB3GAP2,0.5341520467836258,17.1
ENSG00000104714,ERICH1,0.5341284403669725,21.8
ENSG00000107521,HPS1,0.534015748031496,25.4
ENSG00000148337,CIZ1,0.5338761467889909,87.2
ENSG00000068885,IFT80,0.533875968992248,25.8
ENSG00000104231,ZFAND1,0.5338489871086556,54.3
ENSG00000187049,TMEM216,0.533840830449827,28.9
ENSG00000172939,OXSR1,0.5337714285714286,35.0
ENSG00000137815,RTF1,0.5337662337662338,46.2
ENSG00000117523,PRRC2C,0.5337349397590362,66.4
ENSG00000204946,ZNF783,0.5337096774193548,12.4
ENSG00000137692,DCUN1D5,0.5336923076923077,13.0
ENSG00000171606,ZNF274,0.533587786259542,26.2
ENSG00000132846,ZBED3,0.5335238095238096,10.5
ENSG00000065526,SPEN,0.5331380753138075,23.9
ENSG00000197724,PHF2,0.532853717026379,41.7
ENSG00000158863,FHIP2B,0.5328155339805826,20.6
ENSG00000158623,COPG2,0.5328113879003559,28.1
ENSG00000118894,EEF2KMT,0.5327619047619048,10.5
ENSG00000068079,IFI35,0.5327586206896552,40.6
ENSG00000145912,NHP2,0.5326839167935059,197.1
ENSG00000143379,SETDB1,0.5326829268292683,20.5
ENSG00000101040,ZMYND8,0.5326751592356688,31.4
ENSG00000205356,TECPR1,0.5325842696629214,17.8
ENSG00000188811,NHLRC3,0.5325619834710743,24.2
ENSG00000176986,SEC24C,0.5324169184290031,66.2
ENSG00000172354,GNB2,0.5323632935260842,318.2
ENSG00000033178,UBA6,0.5322981366459628,16.1
ENSG00000244754,N4BP2L2,0.5321440261865794,61.1
ENSG00000177370,TIMM22,0.531917808219178,14.6
ENSG00000188342,GTF2F2,0.5317991631799163,23.9
ENSG00000185619,PCGF3,0.5317798165137615,54.5
ENSG00000167904,TMEM68,0.5316831683168316,20.2
ENSG00000115073,ACTR1B,0.5316576381365113,92.3
ENSG00000139323,POC1B,0.5316455696202532,15.8
ENSG00000116030,SUMO1,0.5316113161131611,162.6
ENSG00000122783,CYREN,0.5315853658536586,32.8
ENSG00000168283,BMI1,0.5314766355140187,53.5
ENSG00000108774,RAB5C,0.5313972888425442,191.8
ENSG00000134046,MBD2,0.5313939393939393,33.0
ENSG00000187024,PTRH1,0.5313004484304934,22.3
ENSG00000108298,RPL19,0.5311687720496188,3514.8
ENSG00000083642,PDS5B,0.5310909090909091,22.0
ENSG00000011485,PPP5C,0.5308655616942909,54.3
ENSG00000116863,ADPRS,0.5308428246013667,43.9
ENSG00000181481,RNF135,0.5306106870229008,26.2
ENSG00000188419,CHM,0.5304477611940299,13.4
ENSG00000198862,LTN1,0.5304,17.5
ENSG00000127054,INTS11,0.5303078677309009,87.7
ENSG00000253719,ATXN7L3B,0.5303030303030303,42.9
ENSG00000164751,PEX2,0.5302295918367348,78.4
ENSG00000154059,IMPACT,0.5301863354037267,32.2
ENSG00000078808,SDF4,0.530055944055944,143.0
ENSG00000102898,NUTF2,0.5300372670807453,161.0
ENSG00000148700,ADD3,0.5299721448467966,107.7
ENSG00000100271,TTLL1,0.5299130434782608,11.5
ENSG00000247596,TWF2,0.5298326359832636,47.8
ENSG00000157778,PSMG3,0.5297491039426523,55.8
ENSG00000198839,ZNF277,0.5297247706422018,10.9
ENSG00000100711,ZFYVE21,0.52957157784744,95.7
ENSG00000131469,RPL27,0.5295186661833998,2759.0
ENSG00000169976,SF3B5,0.5294989473684211,237.5
ENSG00000089063,TMEM230,0.5294862087614927,184.9
ENSG00000173113,TRMT112,0.5294779441521651,247.1
ENSG00000060688,SNRNP40,0.5294680851063831,37.6
ENSG00000066654,THUMPD1,0.5292479108635098,35.9
ENSG00000257727,CNPY2,0.5291737891737892,70.2
ENSG00000103429,BFAR,0.5291647855530474,44.3
ENSG00000176953,NFATC2IP,0.5291503267973856,45.9
ENSG00000186908,ZDHHC17,0.5290592334494774,28.7
ENSG00000102977,ACD,0.5290497737556562,22.1
ENSG00000179950,PUF60,0.5290192791282481,119.3
ENSG00000122642,FKBP9,0.5290078328981722,76.6
ENSG00000065000,AP3D1,0.5290014903129656,67.1
ENSG00000161203,AP2M1,0.5289779005524862,362.0
ENSG00000237765,FAM200B,0.5289032258064517,15.5
ENSG00000169139,UBE2V2,0.5288741721854305,30.2
ENSG00000135974,C2orf49,0.5288695652173913,23.0
ENSG00000067369,TP53BP1,0.528859649122807,22.8
ENSG00000185787,MORF4L1,0.5287870521913075,549.9
ENSG00000140471,LINS1,0.528785046728972,10.7
ENSG00000009844,VTA1,0.5286764705882354,54.4
ENSG00000119509,INVS,0.5286238532110092,10.9
ENSG00000152944,MED21,0.5285454545454545,33.0
ENSG00000122390,NAA60,0.5284991568296796,59.3
ENSG00000242616,GNG10,0.5284742807323453,114.7
ENSG00000161847,RAVER1,0.528436018957346,21.1
ENSG00000078140,UBE2K,0.5283490566037736,42.4
ENSG00000173950,XXYLT1,0.5283333333333334,10.8
ENSG00000116212,LRRC42,0.5282580645161289,31.0
ENSG00000070413,DGCR2,0.5282432432432432,59.2
ENSG00000106397,PLOD3,0.5282170542635658,51.6
ENSG00000154957,ZNF18,0.5280882352941176,13.6
ENSG00000138398,PPIG,0.528046875,51.2
ENSG00000039319,ZFYVE16,0.5280281690140846,14.2
ENSG00000140983,RHOT2,0.5278688524590163,67.1
ENSG00000152778,IFIT5,0.5278139534883722,21.5
ENSG00000204560,DHX16,0.5277161862527716,45.1
ENSG00000132842,AP3B1,0.5276574307304787,39.7
ENSG00000174780,SRP72,0.5276479076479076,69.3
ENSG00000163512,AZI2,0.5276377952755905,25.4
ENSG00000139624,CERS5,0.527625,32.0
ENSG00000165156,ZHX1,0.527479674796748,36.9
ENSG00000185127,C6orf120,0.5273593073593074,23.1
ENSG00000119640,ACYP1,0.5273015873015874,50.4
ENSG00000140598,EFL1,0.5271621621621622,14.8
ENSG00000166197,NOLC1,0.5270234113712374,59.8
ENSG00000168096,ANKS3,0.5269902912621359,10.3
ENSG00000105671,DDX49,0.5269794721407625,34.1
ENSG00000151502,VPS26B,0.5269683257918553,44.2
ENSG00000196363,WDR5,0.5268664850136241,36.7
ENSG00000214087,ARL16,0.5267617107942973,49.1
ENSG00000119231,SENP5,0.5267010309278349,19.4
ENSG00000177042,TMEM80,0.5266390041493776,48.2
ENSG00000117748,RPA2,0.5266137566137565,75.6
ENSG00000111875,ASF1A,0.5265198237885463,22.7
ENSG00000082898,XPO1,0.5263848396501457,68.6
ENSG00000107021,TBC1D13,0.526375,32.0
ENSG00000142207,URB1,0.5263461538461539,10.4
ENSG00000111652,COPS7A,0.526323377960865,97.1
ENSG00000188603,CLN3,0.5262755102040817,39.2
ENSG00000182858,ALG12,0.526231884057971,13.8
ENSG00000133706,LARS1,0.5262208398133748,64.3
ENSG00000120533,ENY2,0.5262076271186441,94.4
ENSG00000144579,CTDSP1,0.5261143330571666,120.7
ENSG00000086712,TXLNG,0.526092715231788,15.1
ENSG00000086200,IPO11,0.5259999999999999,20.0
ENSG00000158552,ZFAND2B,0.5259968102073366,62.7
ENSG00000057608,GDI2,0.5259716060337178,225.4
ENSG00000111196,MAGOHB,0.5259701492537314,13.4
ENSG00000135441,BLOC1S1,0.5259312134977288,308.2
ENSG00000146833,TRIM4,0.5258452722063037,34.9
ENSG00000164615,CAMLG,0.5256060606060605,79.2
ENSG00000164609,SLU7,0.5255895196506549,45.8
ENSG00000011451,WIZ,0.5254380664652567,33.1
ENSG00000133872,SARAF,0.5253551062726802,385.8
ENSG00000189046,ALKBH2,0.5252597402597402,30.8
ENSG00000133104,SPART,0.5252132701421801,63.3
ENSG00000110025,SNX15,0.5251798561151079,27.8
ENSG00000127125,PPCS,0.5250912996777659,93.1
ENSG00000244115,DNAJC25-GNG10,0.5249999999999999,13.2
ENSG00000133703,KRAS,0.5249038461538461,20.8
ENSG00000158161,EYA3,0.524888888888889,13.5
ENSG00000178950,GAK,0.5248802395209581,66.8
ENSG00000100387,RBX1,0.5245464247598719,93.7
ENSG00000144840,RABL3,0.5245217391304349,11.5
ENSG00000121892,PDS5A,0.5244387755102041,39.2
ENSG00000129696,TTI2,0.5244094488188975,12.7
ENSG00000077721,UBE2A,0.5243430152143845,72.3
ENSG00000124535,WRNIP1,0.524319775596073,71.3
ENSG00000011021,CLCN6,0.5242372881355932,23.6
ENSG00000124596,OARD1,0.5241428571428571,56.0
ENSG00000179115,FARSA,0.524130808950086,58.1
ENSG00000173473,SMARCC1,0.5241230769230768,32.5
ENSG00000130311,DDA1,0.5240677966101694,17.7
ENSG00000114026,OGG1,0.5239999999999999,25.5
ENSG00000157014,TATDN2,0.5239384615384616,32.5
ENSG00000112033,PPARD,0.5239198218262806,44.9
ENSG00000277791,PSMB3,0.5238317283324887,197.3
ENSG00000173273,TNKS,0.5238144329896907,19.4
ENSG00000135446,CDK4,0.5237979094076655,114.8
ENSG00000137504,CREBZF,0.5237837837837838,25.9
ENSG00000154114,TBCEL,0.5235862068965518,14.5
ENSG00000204209,DAXX,0.5233962264150943,42.4
ENSG00000147324,MFHAS1,0.5231666666666667,12.0
ENSG00000170322,NFRKB,0.5231428571428571,21.0
ENSG00000127989,MTERF1,0.5230534351145038,13.1
ENSG00000165671,NSD1,0.523006993006993,28.6
ENSG00000101337,TM9SF4,0.5228282828282829,49.5
ENSG00000148444,COMMD3,0.5227543424317618,80.6
ENSG00000114125,RNF7,0.5227148014440433,138.5
ENSG00000143486,EIF2D,0.5227090301003344,59.8
ENSG00000138286,FAM149B1,0.5225910931174088,24.7
ENSG00000119787,ATL2,0.5225242718446601,51.5
ENSG00000143436,MRPL9,0.5223353293413173,66.8
ENSG00000169519,METTL15,0.5223076923076924,10.4
ENSG00000198551,ZNF627,0.5222900763358779,13.1
ENSG00000162980,ARL5A,0.5222873900293254,34.1
ENSG00000143437,ARNT,0.52214463840399,40.1
ENSG00000129055,ANAPC13,0.5221238938053098,113.0
ENSG00000130810,PPAN,0.5220886075949367,31.6
ENSG00000131165,CHMP1A,0.5220441988950277,72.4
ENSG00000169813,HNRNPF,0.5220217018846374,175.1
ENSG00000211456,SACM1L,0.5219283746556473,36.3
ENSG00000145833,DDX46,0.5218787878787878,33.0
ENSG00000038358,EDC4,0.5218181818181818,26.4
ENSG00000175467,SART1,0.5217811704834605,39.3
ENSG00000169740,ZNF32,0.5217676767676767,79.2
ENSG00000152291,TGOLN2,0.521734375,128.0
ENSG00000138035,PNPT1,0.5216666666666667,10.8
ENSG00000144043,TEX261,0.5216103059581321,62.1
ENSG00000100294,MCAT,0.5215573770491804,24.4
ENSG00000135686,KLHL36,0.5215037593984962,13.3
ENSG00000166716,ZNF592,0.5214606741573033,17.8
ENSG00000198466,ZNF587,0.5214516129032258,12.4
ENSG00000183291,SELENOF,0.5214253083599817,218.9
ENSG00000126746,ZNF384,0.5214234875444841,56.2
ENSG00000223501,VPS52,0.5213888888888889,36.0
ENSG00000128335,APOL2,0.5213093289689035,61.1
ENSG00000011566,MAP4K3,0.5212881355932204,29.5
ENSG00000187607,ZNF286A,0.5212080536912752,14.9
ENSG00000174796,THAP6,0.5211711711711712,22.2
ENSG00000107185,RGP1,0.5211111111111112,18.0
ENSG00000050130,JKAMP,0.5210546139359699,53.1
ENSG00000127616,SMARCA4,0.5208768267223381,47.9
ENSG00000131508,UBE2D2,0.5208740359897172,77.8
ENSG00000126226,PCID2,0.520801886792453,42.4
ENSG00000136238,RAC1,0.5207102926668858,304.1
ENSG00000090615,GOLGA3,0.5206930693069307,20.2
ENSG00000177383,MAGEF1,0.520648854961832,52.4
ENSG00000105829,BET1,0.5206413994169097,34.3
ENSG00000168118,RAB4A,0.5206027397260273,36.5
ENSG00000170260,ZNF212,0.5205633802816901,14.2
ENSG00000070444,MNT,0.5204371584699454,18.3
ENSG00000149658,YTHDF1,0.5203090507726269,45.3
ENSG00000122882,ECD,0.5202730375426622,29.3
ENSG00000204231,RXRB,0.5201851851851852,43.2
ENSG00000002016,RAD52,0.5201754385964912,11.4
ENSG00000113312,TTC1,0.5201182033096926,84.6
ENSG00000118418,HMGN3,0.5200089365504915,223.8
ENSG00000172785,ZNG1A,0.51989417989418,37.8
ENSG00000123143,PKN1,0.51988358556461,85.9
ENSG00000213015,ZNF580,0.5198533724340176,68.2
ENSG00000132467,UTP3,0.5197041420118342,33.8
ENSG00000108175,ZMIZ1,0.519646017699115,45.2
ENSG00000100883,SRP54,0.5195854922279792,57.9
ENSG00000136631,VPS45,0.5195348837209302,34.4
ENSG00000270647,TAF15,0.5195308427454388,115.1
ENSG00000099326,MZF1,0.519378238341969,19.3
ENSG00000198369,SPRED2,0.519250936329588,26.7
ENSG00000198015,MRPL42,0.5191818181818182,22.0
ENSG00000214114,MYCBP,0.5191603053435114,26.2
ENSG00000125037,EMC3,0.519107438016529,60.5
ENSG00000169045,HNRNPH1,0.5190873533246415,230.1
ENSG00000152904,GGPS1,0.5190666666666667,45.0
ENSG00000160633,SAFB,0.519066339066339,81.4
ENSG00000070610,GBA2,0.5188296760710553,95.7
ENSG00000156508,EEF1A1,0.5186843384369685,11521.2
ENSG00000092108,SCFD1,0.5186206896551723,49.3
ENSG00000174720,LARP7,0.5182942430703625,46.9
ENSG00000124333,VAMP7,0.5182589285714285,44.8
ENSG00000204514,ZNF814,0.5181395348837209,17.2
ENSG00000166441,RPL27A,0.5180608506674946,3221.0
ENSG00000111786,SRSF9,0.5180499219968798,128.2
ENSG00000151376,ME3,0.5180068728522336,29.1
ENSG00000175550,DRAP1,0.5179030662710187,202.2
ENSG00000058673,ZC3H11A,0.5178798586572438,28.3
ENSG00000119396,RAB14,0.51787913340935,87.7
ENSG00000172954,LCLAT1,0.5178761061946903,11.3
ENSG00000115750,TAF1B,0.5178260869565218,13.8
ENSG00000100461,RBM23,0.5178233034571061,78.1
ENSG00000139687,RB1,0.5177987421383647,31.8
ENSG00000203950,RTL8A,0.5177855887521968,56.9
ENSG00000108588,CCDC47,0.5176762661370408,100.7
ENSG00000106245,BUD31,0.5176701268742792,86.7
ENSG00000232119,MCTS1,0.5176699029126214,20.6
ENSG00000196670,ZFP62,0.5175862068965517,23.2
ENSG00000100811,YY1,0.5175320512820513,62.4
ENSG00000151135,TMEM263,0.517505995203837,41.7
ENSG00000204569,PPP1R10,0.5174294670846395,31.9
ENSG00000185800,DMWD,0.5173672055427252,43.3
ENSG00000197746,PSAP,0.5172935409815723,1611.7
ENSG00000119537,KDSR,0.5172769953051645,21.3
ENSG00000164933,SLC25A32,0.5172455089820359,16.7
ENSG00000118197,DDX59,0.5171794871794871,31.2
ENSG00000168214,RBPJ,0.5171705426356589,51.6
ENSG00000204590,GNL1,0.5171584699453553,36.6
ENSG00000254901,BORCS8,0.5169905956112852,31.9
ENSG00000111581,NUP107,0.5168464730290457,24.1
ENSG00000121879,PIK3CA,0.5168115942028986,13.8
ENSG00000174013,FBXO45,0.516793893129771,13.1
ENSG00000133858,ZFC3H1,0.5167816091954022,17.4
ENSG00000137764,MAP2K5,0.5166964285714285,22.4
ENSG00000124228,DDX27,0.5166818181818182,44.0
ENSG00000150712,MTMR12,0.5166523605150214,23.3
ENSG00000110330,BIRC2,0.5165811965811966,46.8
ENSG00000014919,COX15,0.5165217391304346,25.3
ENSG00000089094,KDM2B,0.5164976958525346,21.7
ENSG00000023318,ERP44,0.5164102564102564,27.3
ENSG00000197343,ZNF655,0.5163358778625955,26.2
ENSG00000165417,GTF2A1,0.516221198156682,21.7
ENSG00000054282,SDCCAG8,0.5162195121951219,16.4
ENSG00000083099,LYRM2,0.516,23.5
ENSG00000272391,POM121C,0.5158992805755396,27.8
ENSG00000156831,NSMCE2,0.5157668711656441,32.6
ENSG00000089597,GANAB,0.515678704856787,160.6
ENSG00000068784,SRBD1,0.5156521739130434,11.5
ENSG00000137492,THAP12,0.515591054313099,31.3
ENSG00000135249,RINT1,0.5155555555555554,16.2
ENSG00000126461,SCAF1,0.515223880597015,46.9
ENSG00000132591,ERAL1,0.5152165725047081,53.1
ENSG00000077254,USP33,0.5151968503937007,50.8
ENSG00000103274,NUBP1,0.5149775784753363,44.6
ENSG00000106479,ZNF862,0.5148101265822784,15.8
ENSG00000108666,C17orf75,0.5146067415730338,26.7
ENSG00000076201,PTPN23,0.5145801526717557,26.2
ENSG00000167257,RNF214,0.5145631067961165,20.6
ENSG00000129515,SNX6,0.5145454545454546,73.7
ENSG00000109180,OCIAD1,0.5145359134142341,304.9
ENSG00000132424,PNISR,0.5145070422535212,127.8
ENSG00000127922,SEM1,0.5143884540117417,408.8
ENSG00000178188,SH2B1,0.5141204819277109,83.0
ENSG00000183431,SF3A3,0.5140767824497258,54.7
ENSG00000178904,DPY19L3,0.5136434108527131,12.9
ENSG00000182087,TMEM259,0.5135449166218397,185.9
ENSG00000158042,MRPL17,0.5131159420289856,27.6
ENSG00000196655,TRAPPC4,0.513027027027027,37.0
ENSG00000119979,DENND10,0.5128758169934641,30.6
ENSG00000108651,UTP6,0.5128476821192053,30.2
ENSG00000170515,PA2G4,0.5128421052631579,142.5
ENSG00000217128,FNIP1,0.5126666666666666,15.0
ENSG00000016864,GLT8D1,0.5125846153846153,65.0
ENSG00000103502,CDIPT,0.5125286478227654,130.9
ENSG00000163382,NAXE,0.5124677716390422,108.6
ENSG00000120699,EXOSC8,0.5121501706484642,29.3
ENSG00000105612,DNASE2,0.5121198156682027,43.4
ENSG00000055917,PUM2,0.5120060790273557,65.8
ENSG00000179562,GCC1,0.5119685039370079,12.7
ENSG00000164916,FOXK1,0.5119327731092437,11.9
ENSG00000100319,ZMAT5,0.5119308357348704,34.7
ENSG00000149923,PPP4C,0.5119014084507042,85.2
ENSG00000254986,DPP3,0.5118681318681318,27.3
ENSG00000020256,ZFP64,0.5117307692307692,10.4
ENSG00000157450,RNF111,0.5117283950617284,16.2
ENSG00000139154,AEBP2,0.5117191283292977,41.3
ENSG00000133597,ADCK2,0.5117131474103587,25.1
ENSG00000044115,CTNNA1,0.5115262636273539,201.8
ENSG00000141699,RETREG3,0.5113541666666667,38.4
ENSG00000204120,GIGYF2,0.511157894736842,38.0
ENSG00000132792,CTNNBL1,0.5111198428290765,50.9
ENSG00000173226,IQCB1,0.511037037037037,27.0
ENSG00000197062,ZSCAN26,0.510996015936255,25.1
ENSG00000160055,TMEM234,0.5108943089430895,12.3
ENSG00000255302,EID1,0.5105307369224895,261.9
ENSG00000196636,SDHAF3,0.5105128205128205,31.2
ENSG00000085872,CHERP,0.5103378378378378,29.6
ENSG00000130935,NOL11,0.5102183406113537,22.9
ENSG00000067829,IDH3G,0.510104662226451,105.1
ENSG00000102189,EEA1,0.5099212598425197,12.7
ENSG00000136875,PRPF4,0.5096234309623431,23.9
ENSG00000172534,HCFC1,0.5095514511873351,37.9
ENSG00000172171,TEFM,0.5095412844036697,10.9
ENSG00000273899,NOL12,0.5094610778443113,33.4
ENSG00000213341,CHUK,0.5093877551020408,19.6
ENSG00000083544,TDRD3,0.5093684210526317,19.0
ENSG00000119669,IRF2BPL,0.5093114754098361,30.5
ENSG00000125870,SNRPB2,0.5091944990176818,50.9
ENSG00000140320,BAHD1,0.5091346153846154,20.8
ENSG00000162076,FLYWCH2,0.5090222222222223,45.0
ENSG00000176444,CLK2,0.5089285714285715,39.2
ENSG00000176473,WDR25,0.5088000000000001,12.5
ENSG00000164975,SNAPC3,0.5086725663716815,11.3
ENSG00000164011,ZNF691,0.5086516853932584,17.8
ENSG00000143776,CDC42BPA,0.5085507246376811,27.6
ENSG00000213762,ZNF134,0.5084745762711864,11.8
ENSG00000037474,NSUN2,0.5084318766066839,38.9
ENSG00000183495,EP400,0.5084000000000001,30.0
ENSG00000043143,JADE2,0.507982062780269,22.3
ENSG00000100697,DICER1,0.5078787878787878,16.5
ENSG00000110619,CARS1,0.5077022653721683,30.9
ENSG00000130299,GTPBP3,0.5075342465753425,14.6
ENSG00000157764,BRAF,0.507515923566879,15.7
ENSG00000155229,MMS19,0.5074444444444445,54.0
ENSG00000106105,GARS1,0.5073164218958612,74.9
ENSG00000066135,KDM4A,0.5072243346007604,26.3
ENSG00000151923,TIAL1,0.5071861471861472,46.2
ENSG00000214013,GANC,0.507159090909091,17.6
ENSG00000111237,VPS29,0.5068486352357321,120.9
ENSG00000115239,ASB3,0.5065753424657534,21.9
ENSG00000181904,C5orf24,0.5065346534653464,40.4
ENSG00000136932,TRMO,0.5064835164835165,18.2
ENSG00000185049,NELFA,0.5064539007092198,28.2
ENSG00000047315,POLR2B,0.5063920922570015,60.7
ENSG00000116138,DNAJC16,0.5063063063063062,11.1
ENSG00000165660,ABRAXAS2,0.5061797752808989,17.8
ENSG00000156858,PRR14,0.5061417322834646,38.1
ENSG00000198791,CNOT7,0.5060321715817693,74.6
ENSG00000130741,EIF2S3,0.5059402460456942,113.8
ENSG00000084774,CAD,0.5058646616541354,26.6
ENSG00000099284,MACROH2A2,0.5057627118644068,17.7
ENSG00000111203,ITFG2,0.5053787878787878,26.4
ENSG00000108733,PEX12,0.5053465346534654,10.1
ENSG00000100532,CGRRF1,0.5052380952380954,21.0
ENSG00000119684,MLH3,0.5052100840336134,11.9
ENSG00000164332,UBLCP1,0.5050857142857144,35.0
ENSG00000095787,WAC,0.5049520153550864,52.1
ENSG00000086189,DIMT1,0.5049382716049383,24.3
ENSG00000236104,ZBTB22,0.5049180327868854,18.3
ENSG00000134987,WDR36,0.504885496183206,13.1
ENSG00000144580,CNOT9,0.5048021108179419,37.9
ENSG00000130520,LSM4,0.5047398843930636,138.4
ENSG00000125877,ITPA,0.5047337278106508,50.7
ENSG00000187051,RPS19BP1,0.5045612073784238,178.9
ENSG00000156603,MED19,0.5045081967213114,24.4
ENSG00000133103,COG6,0.5044692737430168,17.9
ENSG00000153046,CDYL,0.5044444444444445,18.9
ENSG00000141959,PFKL,0.5044208289054197,94.1
ENSG00000107223,EDF1,0.5044083321022308,676.9
ENSG00000213699,SLC35F6,0.5043809523809523,21.0
ENSG00000196663,TECPR2,0.5043283582089553,13.4
ENSG00000182117,NOP10,0.5041454272863568,266.8
ENSG00000138785,INTS12,0.5041114982578397,28.7
ENSG00000160948,VPS28,0.5040769230769231,182.0
ENSG00000230124,ACBD6,0.5039716312056737,42.3
ENSG00000034677,RNF19A,0.5039483394833949,54.2
ENSG00000173039,RELA,0.5039322033898305,88.5
ENSG00000168137,SETD5,0.5038392857142857,44.8
ENSG00000112855,HARS2,0.5038064516129032,31.0
ENSG00000066379,POLR1H,0.5037888198757764,32.2
ENSG00000120509,PDZD11,0.5037714285714285,70.0
ENSG00000116754,SRSF11,0.5037676609105182,63.7
ENSG00000101161,PRPF6,0.5037669376693766,73.8
ENSG00000109079,TNFAIP1,0.5037632135306553,47.3
ENSG00000112078,KCTD20,0.5036410256410256,39.0
ENSG00000065183,WDR3,0.5036363636363637,11.0
ENSG00000169188,APEX2,0.5036241610738256,14.9
ENSG00000197608,ZNF841,0.5036231884057972,13.8
ENSG00000116539,ASH1L,0.5035942028985508,34.5
ENSG00000166452,AKIP1,0.50356940509915,35.3
ENSG00000100403,ZC3H7B,0.5035428571428572,52.5
ENSG00000126790,L3HYPDH,0.5035242290748898,22.7
ENSG00000167555,ZNF528,0.5035164835164835,18.2
ENSG00000143793,C1orf35,0.5035146443514644,23.9
ENSG00000148688,RPP30,0.5035135135135136,29.6
ENSG00000103126,AXIN1,0.5035023041474654,21.7
ENSG00000137207,YIPF3,0.5034883720930232,146.2
ENSG00000163798,SLC4A1AP,0.5034722222222223,28.8
ENSG00000136940,PDCL,0.5032967032967033,18.2
ENSG00000132478,UNK,0.5032407407407408,21.6
ENSG00000204619,PPP1R11,0.5032106038291605,67.9
ENSG00000138069,RAB1A,0.5031204379562044,219.2
ENSG00000165714,BORCS5,0.5030088495575221,11.3
ENSG00000170348,TMED10,0.5029883381924197,137.2
ENSG00000204217,BMPR2,0.5029357798165138,21.8
ENSG00000164252,AGGF1,0.5029126213592233,20.6
ENSG00000125703,ATG4C,0.5028220858895706,16.3
ENSG00000113360,DROSHA,0.5026984126984128,25.2
ENSG00000175283,DOLK,0.5026582278481013,15.8
ENSG00000106459,NRF1,0.5025149700598803,16.7
ENSG00000136709,WDR33,0.5024664879356567,37.3
ENSG00000174606,ANGEL2,0.5024489795918367,14.7
ENSG00000102390,PBDC1,0.5023287671232876,43.8
ENSG00000172757,CFL1,0.502325954443375,1246.8
ENSG00000184508,HDDC3,0.5022680412371134,19.4
ENSG00000105176,URI1,0.5022007722007722,51.8
ENSG00000103248,MTHFSD,0.5021818181818181,16.5
ENSG00000005801,ZNF195,0.5020942408376964,19.1
ENSG00000116663,FBXO6,0.502010582010582,18.9
ENSG00000100335,MIEF1,0.5019277108433735,16.6
ENSG00000145781,COMMD10,0.5018787878787879,33.0
ENSG00000154001,PPP2R5E,0.5017813765182185,24.7
ENSG00000126945,HNRNPH2,0.5017480719794345,116.7
ENSG00000160551,TAOK1,0.501747572815534,20.6
ENSG00000134809,TIMM10,0.5017150395778365,75.8
ENSG00000166224,SGPL1,0.5017021276595743,28.2
ENSG00000184677,ZBTB40,0.5016867469879518,16.6
ENSG00000205629,LCMT1,0.5016535433070866,50.8
ENSG00000174744,BRMS1,0.5015821501014198,49.3
ENSG00000171298,GAA,0.5014285714285714,53.2
ENSG00000138617,PARP16,0.5014285714285714,12.6
ENSG00000114544,SLC41A3,0.5013228346456693,63.5
ENSG00000132670,PTPRA,0.5013020277481323,93.7
ENSG00000004975,DVL2,0.5011585365853659,32.8
ENSG00000012963,UBR7,0.5009493670886076,31.6
ENSG00000247315,ZCCHC3,0.5008372093023256,21.5
ENSG00000153015,CWC27,0.5008365019011408,26.3
ENSG00000092208,GEMIN2,0.5006837606837605,11.7
ENSG00000182944,EWSR1,0.5006807511737089,170.4
ENSG00000110200,ANAPC15,0.5005531914893617,94.0
ENSG00000083937,CHMP2B,0.5004339250493097,50.7
ENSG00000243749,TMEM35B,0.5004106776180699,48.7
ENSG00000183336,BOLA2,0.5004028776978418,69.5
ENSG00000250021,ARPIN-AP3S2,0.5003738317757009,21.4
ENSG00000180917,CMTR2,0.5003571428571428,16.8
ENSG00000197451,HNRNPAB,0.5001917404129794,135.6
ENSG00000133226,SRRM1,0.5001228501228501,81.4
ENSG00000149930,TAOK2,0.4999530516431924,42.6
ENSG00000136450,SRSF1,0.49994647636039247,112.1
ENSG00000028116,VRK2,0.4999148936170213,23.5
ENSG00000114857,NKTR,0.4998770491803278,48.8
ENSG00000129636,ITFG1,0.49977229601518025,52.7
ENSG00000161999,JMJD8,0.49975903614457834,58.1
ENSG00000085832,EPS15,0.49975103734439835,48.2
ENSG00000136888,ATP6V1G1,0.4996772265391513,167.3
ENSG00000138081,FBXO11,0.4995108695652174,36.8
ENSG00000041357,PSMA4,0.4993939393939394,171.6
ENSG00000104824,HNRNPL,0.4993142214727374,177.9
ENSG00000131473,ACLY,0.499291217257319,64.9
ENSG00000145016,RUBCN,0.4992771084337349,16.6
ENSG00000111364,DDX55,0.49904761904761896,18.9
ENSG00000273749,CYFIP1,0.49901639344262294,48.8
ENSG00000083838,ZNF446,0.498978102189781,13.7
ENSG00000139651,ZNF740,0.4988990825688074,10.9
ENSG00000177868,SVBP,0.4988444444444444,45.0
ENSG00000164022,AIMP1,0.4987978142076503,73.2
ENSG00000170296,GABARAP,0.498702722127392,1113.1
ENSG00000171928,TVP23B,0.49868725868725866,51.8
ENSG00000127870,RNF6,0.49859872611464967,31.4
ENSG00000078699,CBFA2T2,0.49858974358974356,15.6
ENSG00000146425,DYNLT1,0.4984969829950632,182.3
ENSG00000179295,PTPN11,0.49842835130970736,64.9
ENSG00000068354,TBC1D25,0.4983823529411764,13.6
ENSG00000196453,ZNF777,0.49835820895522387,13.4
ENSG00000074356,NCBP3,0.4982716049382716,16.2
ENSG00000165476,REEP3,0.49822695035460995,28.2
ENSG00000072609,CHFR,0.4982051282051281,23.4
ENSG00000129103,SUMF2,0.498196872125115,108.7
ENSG00000008324,SS18L2,0.49818731117824777,33.1
ENSG00000135452,TSPAN31,0.4981758957654723,30.7
ENSG00000179912,R3HDM2,0.4981453634085213,39.9
ENSG00000054116,TRAPPC3,0.4981428571428572,84.0
ENSG00000089053,ANAPC5,0.49813620071684583,83.7
ENSG00000241945,PWP2,0.4979012345679012,16.2
ENSG00000206562,METTL6,0.4978616352201259,15.9
ENSG00000113643,RARS1,0.4977519379844962,51.6
ENSG00000196262,PPIA,0.49767289805691134,2171.8
ENSG00000108443,RPS6KB1,0.4976525821596244,21.3
ENSG00000132963,POMP,0.4975045372050817,220.4
ENSG00000232112,TMA7,0.49747412008281555,531.3
ENSG00000123144,TRIR,0.49741754385964915,285.0
ENSG00000132781,MUTYH,0.49728155339805824,10.3
ENSG00000198824,CHAMP1,0.49724999999999997,16.0
ENSG00000119682,AREL1,0.4972455089820358,16.7
ENSG00000241553,ARPC4,0.4972201978136387,192.1
ENSG00000161904,LEMD2,0.4969601930036188,82.9
ENSG00000106615,RHEB,0.49692977681001627,183.7
ENSG00000166734,GOLM2,0.49691342534504385,79.7
ENSG00000168374,ARF4,0.4965997197571228,214.1
ENSG00000100731,PCNX1,0.4965686274509803,20.4
ENSG00000071189,SNX13,0.4965482233502537,19.7
ENSG00000116954,RRAGC,0.49654178674351584,34.7
ENSG00000103550,KNOP1,0.49650602409638567,16.6
ENSG00000162600,OMA1,0.49649484536082483,29.1
ENSG00000081177,EXD2,0.49639175257731966,19.4
ENSG00000090905,TNRC6A,0.49622641509433957,21.2
ENSG00000170471,RALGAPB,0.4959471365638766,22.7
ENSG00000163875,MEAF6,0.4959040590405904,54.2
ENSG00000163257,DCAF16,0.49589189189189187,18.5
ENSG00000120071,KANSL1,0.4958510638297872,18.8
ENSG00000143376,SNX27,0.4957990867579909,21.9
ENSG00000174282,ZBTB4,0.49573385518591,51.1
ENSG00000115446,UNC50,0.49550387596899226,77.4
ENSG00000166783,MARF1,0.4954589371980676,20.7
ENSG00000108557,RAI1,0.4953846153846153,18.2
ENSG00000105171,POP4,0.4953030303030303,13.2
ENSG00000164031,DNAJB14,0.4951243781094528,20.1
ENSG00000132405,TBC1D14,0.4950909090909091,55.0
ENSG00000032444,PNPLA6,0.49507317073170737,41.0
ENSG00000129559,NEDD8,0.49506723891273247,349.5
ENSG00000155256,ZFYVE27,0.49493036211699165,35.9
ENSG00000100138,SNU13,0.49486012328117596,210.9
ENSG00000053501,USE1,0.4948500881834215,56.7
ENSG00000187609,EXD3,0.49449664429530205,14.9
ENSG00000111727,HCFC2,0.4944761904761904,10.5
ENSG00000227345,PARG,0.49428571428571433,11.9
ENSG00000197372,ZNF675,0.49424000000000007,12.5
ENSG00000079246,XRCC5,0.4941626213592234,164.8
ENSG00000109536,FRG1,0.49409395973154363,44.7
ENSG00000115946,PNO1,0.4940932642487047,19.3
ENSG00000153774,CFDP1,0.49404682274247497,89.7
ENSG00000102738,MRPS31,0.49400000000000005,27.0
ENSG00000133895,MEN1,0.49396396396396397,22.2
ENSG00000163125,RPRD2,0.4939597315436242,14.9
ENSG00000087302,RTRAF,0.4938677354709419,149.7
ENSG00000131381,RBSN,0.49372093023255814,17.2
ENSG00000196510,ANAPC7,0.4934870317002883,34.7
ENSG00000189091,SF3B3,0.49341365461847386,24.9
ENSG00000163104,SMARCAD1,0.4934010152284264,19.7
ENSG00000143294,PRCC,0.4933441558441558,61.6
ENSG00000036549,ZZZ3,0.4932972972972973,18.5
ENSG00000109920,FNBP4,0.49323275862068966,46.4
ENSG00000007392,LUC7L,0.49322404371584705,73.2
ENSG00000198171,DDRGK1,0.49321513002364065,84.6
ENSG00000115816,CEBPZ,0.4932033426183844,35.9
ENSG00000170653,ATF7,0.49319526627218935,33.8
ENSG00000086504,MRPL28,0.4931806615776082,78.6
ENSG00000165782,PIP4P1,0.49316017316017313,46.2
ENSG00000140575,IQGAP1,0.4931315789473684,76.0
ENSG00000105438,KDELR1,0.49305941143808996,180.1
ENSG00000101574,METTL4,0.492962962962963,10.8
ENSG00000099901,RANBP1,0.49294222222222234,112.5
ENSG00000132323,ILKAP,0.49291262135922326,41.2
ENSG00000148843,PDCD11,0.4928859060402686,14.9
ENSG00000163882,POLR2H,0.4928608923884515,76.2
ENSG00000134146,DPH6,0.49283582089552247,13.4
ENSG00000113593,PPWD1,0.49276872964169394,30.7
ENSG00000100151,PICK1,0.49265454545454546,27.5
ENSG00000109606,DHX15,0.4925806451612903,74.4
ENSG00000105136,ZNF419,0.4925373134328359,13.4
ENSG00000169871,TRIM56,0.49253731343283585,20.1
ENSG00000100211,CBY1,0.49231939163498106,52.6
ENSG00000151292,CSNK1G3,0.4921518987341772,23.7
ENSG00000184056,VPS33B,0.492136752136752,11.7
ENSG00000198563,DDX39B,0.4921307779030439,177.4
ENSG00000141569,TRIM65,0.49204081632653063,19.6
ENSG00000117533,VAMP4,0.4920231213872832,17.3
ENSG00000113597,TRAPPC13,0.491924882629108,21.3
ENSG00000074582,BCS1L,0.4918114143920595,40.3
ENSG00000135148,TRAFD1,0.4917435897435897,39.0
ENSG00000168439,STIP1,0.4917337234820775,136.7
ENSG00000104859,CLASRP,0.49170984455958555,19.3
ENSG00000124177,CHD6,0.49162500000000003,16.0
ENSG00000134717,BTF3L4,0.49150769230769237,65.0
ENSG00000162384,CZIB,0.4913246753246752,77.0
ENSG00000138468,SENP7,0.4912903225806452,24.8
ENSG00000255529,POLR2M,0.4911845730027548,36.3
ENSG00000074319,TSG101,0.49107561235356767,93.9
ENSG00000112249,ASCC3,0.4910144927536233,13.8
ENSG00000181027,FKRP,0.49098901098901093,18.2
ENSG00000160710,ADAR,0.49096855345911955,79.5
ENSG00000218739,CEBPZOS,0.49085828343313376,50.1
ENSG00000189266,PNRC2,0.4908571428571428,133.0
ENSG00000120029,ARMH3,0.490829268292683,20.5
ENSG00000001629,ANKIB1,0.4906276150627615,23.9
ENSG00000075711,DLG1,0.49061728395061727,40.5
ENSG00000141367,CLTC,0.4906100795755969,150.8
ENSG00000136897,MRPL50,0.4905681818181818,17.6
ENSG00000136146,MED4,0.4904465493910691,73.9
ENSG00000253729,PRKDC,0.4903496503496504,28.6
ENSG00000167987,VPS37C,0.49032258064516127,27.9
ENSG00000134440,NARS1,0.4903015873015873,126.0
ENSG00000213625,LEPROT,0.49022408963585434,71.4
ENSG00000135002,RFK,0.49022222222222234,31.5
ENSG00000167113,COQ4,0.4902,80.0
ENSG00000099904,ZDHHC8,0.49018264840182646,43.8
ENSG00000142892,PIGK,0.49018181818181816,16.5
ENSG00000066739,ATG2B,0.49016666666666664,12.0
ENSG00000132406,TMEM128,0.4901580135440181,44.3
ENSG00000082068,WDR70,0.4900662251655629,15.1
ENSG00000135365,PHF21A,0.49004608294930874,21.7
ENSG00000115568,ZNF142,0.49,10.2
ENSG00000125779,PANK2,0.48999999999999994,24.2
ENSG00000073921,PICALM,0.48976744186046517,172.0
ENSG00000181789,COPG1,0.48976478067387164,157.3
ENSG00000100439,ABHD4,0.4897058823529411,40.8
ENSG00000134086,VHL,0.48968992248062015,25.8
ENSG00000180008,SOCS4,0.4895999999999999,10.0
ENSG00000278615,C11orf98,0.4895588235294118,95.2
ENSG00000142039,CCDC97,0.4894314381270902,29.9
ENSG00000078304,PPP2R5C,0.4894025157232704,127.2
ENSG00000112079,STK38,0.48934673366834175,39.8
ENSG00000082258,CCNT2,0.4890384615384615,20.8
ENSG00000104835,SARS2,0.4889617486338798,18.3
ENSG00000096401,CDC5L,0.4888571428571429,21.0
ENSG00000188021,UBQLN2,0.4887195121951219,32.8
ENSG00000157538,VPS26C,0.4886931818181818,35.2
ENSG00000167005,NUDT21,0.4885151515151515,66.0
ENSG00000112305,SMAP1,0.4884330484330484,35.1
ENSG00000011304,PTBP1,0.4883563748079876,130.2
ENSG00000143570,SLC39A1,0.4883183856502242,89.2
ENSG00000033800,PIAS1,0.48810344827586216,23.2
ENSG00000018510,AGPS,0.4880975609756097,20.5
ENSG00000121774,KHDRBS1,0.4880718336483932,105.8
ENSG00000157259,GATAD1,0.48806584362139915,24.3
ENSG00000122678,POLM,0.48800000000000004,11.5
ENSG00000163872,YEATS2,0.48797468354430384,15.8
ENSG00000092201,SUPT16H,0.4879622641509434,53.0
ENSG00000047188,YTHDC2,0.48792899408284024,16.9
ENSG00000115459,ELMOD3,0.48789473684210527,11.4
ENSG00000175203,DCTN2,0.48782608695652163,133.4
ENSG00000038274,MAT2B,0.48780780780780786,99.9
ENSG00000139343,SNRPF,0.4877640449438202,178.0
ENSG00000127191,TRAF2,0.4877248677248677,18.9
ENSG00000148840,PPRC1,0.48771331058020473,29.3
ENSG00000112640,PPP2R5D,0.48768149882903983,42.7
ENSG00000102978,POLR2C,0.48748166259168696,81.8
ENSG00000180370,PAK2,0.48733333333333334,42.0
ENSG00000162434,JAK1,0.487116935483871,99.2
ENSG00000105298,CACTIN,0.48710743801652895,24.2
ENSG00000155252,PI4K2A,0.4868571428571428,24.5
ENSG00000104671,DCTN6,0.48683608640406617,78.7
ENSG00000173875,ZNF791,0.4868253968253968,12.6
ENSG00000137221,TJAP1,0.48669856459330146,41.8
ENSG00000154781,CCDC174,0.4866257668711657,16.3
ENSG00000116001,TIA1,0.4863726884779516,70.3
ENSG00000131931,THAP1,0.4863247863247863,11.7
ENSG00000105186,ANKRD27,0.48613065326633165,19.9
ENSG00000267680,ZNF224,0.4859482758620689,23.2
ENSG00000119599,DCAF4,0.4857851239669422,12.1
ENSG00000048828,FAM120A,0.48571087216248515,83.7
ENSG00000130726,TRIM28,0.485678496868476,239.5
ENSG00000127980,PEX1,0.48556390977443614,13.3
ENSG00000166887,VPS39,0.4854014598540145,41.1
ENSG00000116198,CEP104,0.48484848484848486,13.2
ENSG00000127603,MACF1,0.4845762711864407,94.4
ENSG00000186812,ZNF397,0.48452173913043484,23.0
ENSG00000254505,CHMP4A,0.4845114155251142,109.5
ENSG00000059588,TARBP1,0.48448598130841114,10.7
ENSG00000130826,DKC1,0.4843298969072165,38.8
ENSG00000155876,RRAGA,0.4843159609120521,122.8
ENSG00000143977,SNRPG,0.4840430438124519,130.1
ENSG00000179943,FIZ1,0.48395604395604397,18.2
ENSG00000188986,NELFB,0.48389473684210527,57.0
ENSG00000111737,RAB35,0.4838759689922481,38.7
ENSG00000137100,DCTN3,0.48386013986013987,143.0
ENSG00000139613,SMARCC2,0.48385507246376813,69.0
ENSG00000100029,PES1,0.4837857142857143,56.0
ENSG00000227057,WDR46,0.483754266211604,29.3
ENSG00000111726,CMAS,0.48366800535475235,74.7
ENSG00000172530,BANP,0.4836521739130435,11.5
ENSG00000124459,ZNF45,0.4835999999999999,10.0
ENSG00000186063,AIDA,0.4835103244837758,67.8
ENSG00000160563,MED27,0.48348432055749124,28.7
ENSG00000143742,SRP9,0.4834158264589062,327.3
ENSG00000135211,TMEM60,0.4832707774798928,37.3
ENSG00000113658,SMAD5,0.4830232558139535,25.8
ENSG00000164219,PGGT1B,0.4829577464788733,14.2
ENSG00000166888,STAT6,0.4827560521415271,107.4
ENSG00000118855,MFSD1,0.4827391304347826,46.0
ENSG00000167220,HDHD2,0.48266666666666663,34.5
ENSG00000106443,PHF14,0.48266666666666663,18.0
ENSG00000134014,ELP3,0.48262773722627733,27.4
ENSG00000114988,LMAN2L,0.48244131455399064,21.3
ENSG00000141858,SAMD1,0.48242798353909466,48.6
ENSG00000167978,SRRM2,0.4822911912368781,219.1
ENSG00000100105,PATZ1,0.4822784810126582,23.7
ENSG00000162086,ZNF75A,0.4821518987341773,15.8
ENSG00000108468,CBX1,0.4819756097560976,82.0
ENSG00000147601,TERF1,0.4819607843137256,15.3
ENSG00000183401,CCDC159,0.48191964285714284,44.8
ENSG00000112335,SNX3,0.4817713152676801,302.6
ENSG00000103275,UBE2I,0.4817509727626459,102.8
ENSG00000137996,RTCA,0.48168478260869557,36.8
ENSG00000170144,HNRNPA3,0.48149710785981625,293.9
ENSG00000121289,CEP89,0.48131147540983604,12.2
ENSG00000131023,LATS1,0.4812413793103449,14.5
ENSG00000168936,TMEM129,0.4812200435729848,45.9
ENSG00000135823,STX6,0.4811834319526626,16.9
ENSG00000107672,NSMCE4A,0.48114285714285715,35.0
ENSG00000162517,PEF1,0.48099142040038134,104.9
ENSG00000107949,BCCIP,0.48078590785907854,73.8
ENSG00000064419,TNPO3,0.4806430868167204,31.1
ENSG00000118680,MYL12B,0.48064258423063555,575.8
ENSG00000084652,TXLNA,0.4804587155963303,43.6
ENSG00000214046,SMIM7,0.48037956204379567,68.5
ENSG00000204084,INPP5B,0.4801895734597157,21.1
ENSG00000126756,UXT,0.48017017017017016,199.8
ENSG00000100288,CHKB,0.4801010101010101,19.8
ENSG00000122557,HERPUD2,0.4800630914826498,31.7
ENSG00000198952,SMG5,0.480033388981636,59.9
ENSG00000164934,DCAF13,0.4799361022364218,31.3
ENSG00000106290,TAF6,0.47983050847457626,35.4
ENSG00000111843,TMEM14C,0.4797766922540126,143.3
ENSG00000125970,RALY,0.4797759103641456,178.5
ENSG00000134283,PPHLN1,0.4796028880866426,55.4
ENSG00000151893,CACUL1,0.47944954128440365,10.9
ENSG00000221978,CCNL2,0.47919526627218934,84.5
ENSG00000131503,ANKHD1,0.4791702432045781,69.9
ENSG00000154727,GABPA,0.47904347826086957,23.0
ENSG00000188725,SMIM15,0.47886710239651414,45.9
ENSG00000103544,VPS35L,0.4788656716417911,33.5
ENSG00000110107,PRPF19,0.47883154819863677,102.7
ENSG00000090863,GLG1,0.47867298578199063,42.2
ENSG00000104343,UBE2W,0.4786440677966102,11.8
ENSG00000063244,U2AF2,0.47860706860706864,96.2
ENSG00000115649,CNPPD1,0.4786006458557589,92.9
ENSG00000134371,CDC73,0.4785915492957746,14.2
ENSG00000196419,XRCC6,0.47843382352941183,272.0
ENSG00000138621,PPCDC,0.47840000000000005,20.0
ENSG00000130023,ERMARD,0.4782775119617225,20.9
ENSG00000128829,EIF2AK4,0.47817543859649125,28.5
ENSG00000213676,ATF6B,0.47812844036697244,54.5
ENSG00000108523,RNF167,0.47809798270893383,173.5
ENSG00000143398,PIP5K1A,0.4778723404255318,32.9
ENSG00000134882,UBAC2,0.4777534246575342,36.5
ENSG00000157593,SLC35B2,0.47774403470715837,46.1
ENSG00000149806,FAU,0.4777231044509058,1788.4
ENSG00000164306,PRIMPOL,0.47771929824561404,11.4
ENSG00000172725,CORO1B,0.47768479776847983,71.7
ENSG00000126012,KDM5C,0.4775730337078652,44.5
ENSG00000177733,HNRNPA0,0.47749174917491743,30.3
ENSG00000125386,FAM193A,0.47736040609137054,19.7
ENSG00000129691,ASH2L,0.47727506426735217,38.9
ENSG00000257103,LSM14A,0.47726495726495716,70.2
ENSG00000185515,BRCC3,0.47715596330275223,21.8
ENSG00000275052,PPP4R3B,0.47710467706013354,44.9
ENSG00000178761,FAM219B,0.4770531400966183,41.4
ENSG00000239306,RBM14,0.4769958847736625,48.6
ENSG00000172315,TP53RK,0.4769105691056912,12.3
ENSG00000106355,LSM5,0.4768913342503439,72.7
ENSG00000174231,PRPF8,0.4768714285714286,140.0
ENSG00000136925,TSTD2,0.47685950413223144,12.1
ENSG00000168090,COPS6,0.4767809657102869,142.9
ENSG00000135473,PAN2,0.4767701863354038,16.1
ENSG00000134262,AP4B1,0.4765686274509804,20.4
ENSG00000113851,CRBN,0.4764302059496568,43.7
ENSG00000118007,STAG1,0.47636363636363627,20.9
ENSG00000125447,GGA3,0.47631840796019903,20.1
ENSG00000144744,UBA3,0.47627608346709466,62.3
ENSG00000175792,RUVBL1,0.47623076923076924,26.0
ENSG00000166199,ALKBH3,0.4761056105610561,30.3
ENSG00000148296,SURF6,0.4760220994475138,18.1
ENSG00000100220,RTCB,0.4759049773755657,88.4
ENSG00000172500,FIBP,0.4757076205287714,64.3
ENSG00000164597,COG5,0.4757009345794392,21.4
ENSG00000003756,RBM5,0.47567010309278357,116.4
ENSG00000111711,GOLT1B,0.47566176470588234,27.2
ENSG00000172732,MUS81,0.4753370786516854,35.6
ENSG00000178338,ZNF354B,0.47530303030303034,13.2
ENSG00000136448,NMT1,0.47506726457399107,44.6
ENSG00000158773,USF1,0.4749253731343284,33.5
ENSG00000205758,CRYZL1,0.47480314960629927,38.1
ENSG00000141522,ARHGDIA,0.47474206349206355,302.4
ENSG00000061987,MON2,0.47465838509316777,16.1
ENSG00000175768,TOMM5,0.4745925925925927,135.0
ENSG00000174109,C16orf91,0.47445783132530134,16.6
ENSG00000131626,PPFIA1,0.47432525951557103,28.9
ENSG00000259431,THTPA,0.4742741935483871,24.8
ENSG00000174238,PITPNA,0.4742420681551116,85.1
ENSG00000111850,SMIM8,0.4741509433962263,10.6
ENSG00000163527,STT3B,0.4741452513966481,89.5
ENSG00000134748,PRPF38A,0.47408163265306125,19.6
ENSG00000159131,GART,0.474016620498615,36.1
ENSG00000137185,ZSCAN9,0.47400000000000003,20.0
ENSG00000122687,MRM2,0.47392156862745094,20.4
ENSG00000066044,ELAVL1,0.4738367346938776,49.0
ENSG00000178096,BOLA1,0.47380753138075304,23.9
ENSG00000126653,NSRP1,0.47374677002583987,38.7
ENSG00000127511,SIN3B,0.47373239436619713,56.8
ENSG00000114354,TFG,0.4737098344693282,102.7
ENSG00000101997,CCDC22,0.47370558375634525,19.7
ENSG00000120662,MTRF1,0.4735616438356164,14.6
ENSG00000140400,MAN2C1,0.47355661881977684,62.7
ENSG00000172062,SMN1,0.4735519125683061,36.6
ENSG00000082515,MRPL22,0.47353579175704996,46.1
ENSG00000121964,GTDC1,0.4734831460674158,17.8
ENSG00000286264,ENSG00000286264,0.4733333333333334,12.0
ENSG00000011275,RNF216,0.47327731092436975,23.8
ENSG00000102100,SLC35A2,0.47315960912052113,30.7
ENSG00000110711,AIP,0.47314405888538374,95.1
ENSG00000168395,ING5,0.4731297709923664,26.2
ENSG00000198863,RUNDC1,0.4730909090909091,11.0
ENSG00000131871,SELENOS,0.47295660948536833,99.1
ENSG00000144895,EIF2A,0.4728656126482214,101.2
ENSG00000267796,LIN37,0.47283950617283943,24.3
ENSG00000106609,TMEM248,0.4727586206896551,63.8
ENSG00000083520,DIS3,0.4726633165829145,19.9
ENSG00000173674,EIF1AX,0.4726301735647531,74.9
ENSG00000169371,SNUPN,0.47261627906976733,34.4
ENSG00000140006,WDR89,0.47257142857142853,10.5
ENSG00000160917,CPSF4,0.472515337423313,32.6
ENSG00000176248,ANAPC2,0.4724590163934426,24.4
ENSG00000164253,WDR41,0.47237354085603106,25.7
ENSG00000035928,RFC1,0.4723472668810289,31.1
ENSG00000174695,TMEM167A,0.47220043572984743,45.9
ENSG00000215301,DDX3X,0.4721315623023402,158.1
ENSG00000140612,SEC11A,0.4720669806384092,191.1
ENSG00000129460,NGDN,0.4719318181818181,52.8
ENSG00000143761,ARF1,0.4718717948717949,468.0
ENSG00000104915,STX10,0.4717319848293299,79.1
ENSG00000125734,GPR108,0.47169946332737034,55.9
ENSG00000140992,PDPK1,0.4715294117647059,25.5
ENSG00000108091,CCDC6,0.4715,32.0
ENSG00000136159,NUDT15,0.47149758454106283,20.7
ENSG00000104852,SNRNP70,0.47146627565982413,136.4
ENSG00000116641,DOCK7,0.4714285714285715,15.4
ENSG00000094880,CDC23,0.47138211382113815,24.6
ENSG00000262664,OVCA2,0.4713575525812619,52.3
ENSG00000167720,SRR,0.4712418300653596,15.3
ENSG00000070367,EXOC5,0.4711538461538462,10.4
ENSG00000104517,UBR5,0.4711353711790393,45.8
ENSG00000104472,CHRAC1,0.47106060606060596,26.4
ENSG00000197858,GPAA1,0.47068917018284107,71.1
ENSG00000104133,SPG11,0.47053097345132733,22.6
ENSG00000183258,DDX41,0.47049019607843123,40.8
ENSG00000130749,ZC3H4,0.4704895104895105,14.3
ENSG00000125962,ARMCX5,0.47040000000000004,12.5
ENSG00000130713,EXOSC2,0.47039215686274505,10.2
ENSG00000284776,ENSG00000284776,0.4702127659574468,28.2
ENSG00000167193,CRK,0.4701709401709402,46.8
ENSG00000003056,M6PR,0.47015408320493074,129.8
ENSG00000215712,TMEM242,0.4699999999999999,13.2
ENSG00000120733,KDM3B,0.46985,40.0
ENSG00000104331,BPNT2,0.4695750708215297,35.3
ENSG00000273611,ZNHIT3,0.4695537190082645,60.5
ENSG00000046651,OFD1,0.46945736434108526,12.9
ENSG00000143748,NVL,0.46939597315436254,14.9
ENSG00000050426,LETMD1,0.4686396181384248,41.9
ENSG00000131148,EMC8,0.46858585858585866,19.8
ENSG00000214753,HNRNPUL2,0.4685714285714285,57.4
ENSG00000143155,TIPRL,0.4685714285714285,31.5
ENSG00000101150,TPD52L2,0.46856610800744875,107.4
ENSG00000113141,IK,0.4685438335809806,134.6
ENSG00000072756,TRNT1,0.4683916083916085,14.3
ENSG00000126062,TMEM115,0.46835680751173714,42.6
ENSG00000115053,NCL,0.46828637147786084,347.8
ENSG00000164134,NAA15,0.4681720430107527,18.6
ENSG00000127022,CANX,0.4681545064377683,163.1
ENSG00000088038,CNOT3,0.46809843400447443,44.7
ENSG00000134597,RBMX2,0.46808695652173915,23.0
ENSG00000171453,POLR1C,0.46806324110671943,25.3
ENSG00000135597,REPS1,0.468051948051948,38.5
ENSG00000213920,MDP1,0.46804020100502514,19.9
ENSG00000185591,SP1,0.4679683377308707,37.9
ENSG00000140718,FTO,0.4679633867276888,43.7
ENSG00000116809,ZBTB17,0.4678709677419355,31.0
ENSG00000122299,ZC3H7A,0.46779944289693587,35.9
ENSG00000173145,NOC3L,0.46774193548387094,12.4
ENSG00000163634,THOC7,0.4676486733760293,109.3
ENSG00000163832,ELP6,0.46762762762762755,33.3
ENSG00000146842,TMEM209,0.4675,15.2
ENSG00000164162,ANAPC10,0.46730337078651685,17.8
ENSG00000086827,ZW10,0.4672992700729926,13.7
ENSG00000232838,PET117,0.4672289156626506,16.6
ENSG00000116750,UCHL5,0.4672043010752689,37.2
ENSG00000136536,MARCHF7,0.4671518987341773,63.2
ENSG00000009954,BAZ1B,0.46714285714285714,37.8
ENSG00000156697,UTP14A,0.467080745341615,16.1
ENSG00000205903,ZNF316,0.46677551020408165,24.5
ENSG00000035141,FAM136A,0.4667741935483871,31.0
ENSG00000147099,HDAC8,0.4667264573991032,22.3
ENSG00000158545,ZC3H18,0.4665843621399177,24.3
ENSG00000124541,RRP36,0.4664033264033264,48.1
ENSG00000171530,TBCA,0.4663799551234106,267.4
ENSG00000135341,MAP3K7,0.4663106796116505,20.6
ENSG00000010270,STARD3NL,0.4662686567164179,46.9
ENSG00000136381,IREB2,0.46615942028985513,27.6
ENSG00000198843,SELENOT,0.46597457627118644,94.4
ENSG00000116199,FAM20B,0.46586956521739126,27.6
ENSG00000085511,MAP3K4,0.46580000000000005,10.0
ENSG00000124783,SSR1,0.4652708333333333,96.0
ENSG00000186834,HEXIM1,0.46526315789473693,34.2
ENSG00000151327,FAM177A1,0.4652075471698114,79.5
ENSG00000177352,CCDC71,0.46505376344086025,18.6
ENSG00000039123,MTREX,0.46492917847025483,35.3
ENSG00000185722,ANKFY1,0.4648979591836735,24.5
ENSG00000186001,LRCH3,0.4648958333333333,19.2
ENSG00000124383,MPHOSPH10,0.464804469273743,35.8
ENSG00000136021,SCYL2,0.4647761194029851,26.8
ENSG00000121940,CLCC1,0.4647659574468085,23.5
ENSG00000106608,URGCP,0.4645882352941177,34.0
ENSG00000021574,SPAST,0.46427480916030534,13.1
ENSG00000157353,FCSK,0.46419999999999995,10.0
ENSG00000164815,ORC5,0.4640883977900552,18.1
ENSG00000170265,ZNF282,0.46404494382022476,17.8
ENSG00000140829,DHX38,0.4639906103286385,42.6
ENSG00000007202,BLTP2,0.4639014373716632,48.7
ENSG00000013374,NUB1,0.463843537414966,58.8
ENSG00000198890,PRMT6,0.4638399999999999,12.5
ENSG00000136247,ZDHHC4,0.4637701149425287,43.5
ENSG00000171475,WIPF2,0.4636756756756757,18.5
ENSG00000110768,GTF2H1,0.4636,25.0
ENSG00000110696,C11orf58,0.4634957307885484,199.1
ENSG00000143624,INTS3,0.463419689119171,19.3
ENSG00000130024,PHF10,0.46335064935064935,77.0
ENSG00000100632,ERH,0.4633502024291498,197.6
ENSG00000134644,PUM1,0.46330612244897956,49.0
ENSG00000101464,PIGU,0.4627205882352941,27.2
ENSG00000213380,COG8,0.4626431718061674,22.7
ENSG00000103061,SLC7A6OS,0.46263473053892207,16.7
ENSG00000147679,UTP23,0.46262295081967203,12.2
ENSG00000100836,PABPN1,0.46255677655677657,273.0
ENSG00000144182,LIPT1,0.462406015037594,13.3
ENSG00000010165,METTL13,0.4622857142857143,17.5
ENSG00000184900,SUMO3,0.46207142857142863,112.0
ENSG00000174446,SNAPC5,0.4618779342723005,42.6
ENSG00000107651,SEC23IP,0.4618502202643171,22.7
ENSG00000215114,UBXN2B,0.4618285714285715,17.5
ENSG00000166478,ZNF143,0.46170454545454553,17.6
ENSG00000086848,ALG9,0.46165745856353596,18.1
ENSG00000083535,PIBF1,0.46165517241379306,14.5
ENSG00000041988,THAP3,0.46157377049180326,30.5
ENSG00000215717,TMEM167B,0.4614990138067061,50.7
ENSG00000121350,PYROXD1,0.46127388535031844,15.7
ENSG00000136271,DDX56,0.4611304347826086,46.0
ENSG00000130449,ZSWIM6,0.46111111111111114,12.6
ENSG00000176022,B3GALT6,0.46108527131782945,12.9
ENSG00000198874,TYW1,0.4610738255033558,14.9
ENSG00000163281,GNPDA2,0.46105769230769217,20.8
ENSG00000100441,KHNYN,0.4608947368421053,38.0
ENSG00000172613,RAD9A,0.4608849557522124,11.3
ENSG00000100591,AHSA1,0.46083271375464685,134.5
ENSG00000076924,XAB2,0.460629213483146,44.5
ENSG00000130640,TUBGCP2,0.4605787781350482,31.1
ENSG00000103671,TRIP4,0.4605447470817119,25.7
ENSG00000090857,PDPR,0.46045871559633034,21.8
ENSG00000117360,PRPF3,0.46028368794326235,42.3
ENSG00000163161,ERCC3,0.4601973684210527,30.4
ENSG00000236287,ZBED5,0.46015009380863037,53.3
ENSG00000095139,ARCN1,0.4599999999999999,109.0
ENSG00000120805,ARL1,0.45967741935483863,86.8
ENSG00000169609,C15orf40,0.4594708994708995,18.9
ENSG00000179387,ELMOD2,0.4593975903614458,16.6
ENSG00000163964,PIGX,0.45939698492462305,19.9
ENSG00000101363,MANBAL,0.4592926045016077,93.3
ENSG00000112679,DUSP22,0.4591967871485943,49.8
ENSG00000048649,RSF1,0.45917355371900825,24.2
ENSG00000197217,ENTPD4,0.4590759075907591,30.3
ENSG00000138674,SEC31A,0.45906439185470554,181.7
ENSG00000089775,ZBTB25,0.45899159663865546,11.9
ENSG00000241685,ARPC1A,0.4588777219430485,119.4
ENSG00000108469,RECQL5,0.45863636363636373,22.0
ENSG00000198315,ZKSCAN8,0.4584049079754602,16.3
ENSG00000136485,DCAF7,0.45828571428571424,35.0
ENSG00000105726,ATP13A1,0.4581746031746032,25.2
ENSG00000115274,INO80B,0.4581744421906693,49.3
ENSG00000148308,GTF3C5,0.4581362007168459,55.8
ENSG00000140367,UBE2Q2,0.45794736842105266,38.0
ENSG00000136527,TRA2B,0.45792325056433403,44.3
ENSG00000131779,PEX11B,0.4578004073319755,49.1
ENSG00000143811,PYCR2,0.45776000000000006,75.0
ENSG00000148358,GPR107,0.4575535168195718,32.7
ENSG00000170310,STX8,0.45742465753424666,73.0
ENSG00000132680,KHDC4,0.45735408560311286,51.4
ENSG00000130985,UBA1,0.45733193277310924,190.4
ENSG00000120333,MRPS14,0.45708333333333334,28.8
ENSG00000147677,EIF3H,0.4569651113913409,237.9
ENSG00000155438,NIFK,0.4568707482993197,44.1
ENSG00000104613,INTS10,0.45673956262425447,50.3
ENSG00000106299,WASL,0.45657534246575343,43.8
ENSG00000167565,SERTAD3,0.4565569620253166,39.5
ENSG00000111481,COPZ1,0.4564954257565094,142.1
ENSG00000169925,BRD3,0.45646408839779,18.1
ENSG00000146963,LUC7L2,0.45644385026737966,74.8
ENSG00000164631,ZNF12,0.4562068965517241,17.4
ENSG00000082701,GSK3B,0.45616438356164385,21.9
ENSG00000205323,SARNP,0.45614,100.0
ENSG00000100280,AP1B1,0.45612082670906196,62.9
ENSG00000137074,APTX,0.45602739726027397,14.6
ENSG00000144566,RAB5A,0.4559450171821306,58.2
ENSG00000075568,TMEM131,0.4556756756756756,25.9
ENSG00000115464,USP34,0.4556545961002786,71.8
ENSG00000125743,SNRPD2,0.4556358220070751,537.1
ENSG00000138363,ATIC,0.45555555555555555,48.6
ENSG00000081665,ZNF506,0.45548022598870047,17.7
ENSG00000135316,SYNCRIP,0.45540123456790127,64.8
ENSG00000135040,NAA35,0.4551515151515151,13.2
ENSG00000092199,HNRNPC,0.455089405883484,520.1
ENSG00000185009,AP3M1,0.45497041420118345,33.8
ENSG00000104129,DNAJC17,0.45494623655913974,18.6
ENSG00000125686,MED1,0.4549367088607596,15.8
ENSG00000089048,ESF1,0.45484662576687124,16.3
ENSG00000163870,TPRA1,0.4547308781869689,35.3
ENSG00000107036,RIC1,0.45439024390243893,16.4
ENSG00000148297,MED22,0.45423076923076927,20.8
ENSG00000249915,PDCD6,0.45400907715582456,132.2
ENSG00000120438,TCP1,0.4540070093457944,171.2
ENSG00000177034,MTX3,0.45369369369369367,11.1
ENSG00000136827,TOR1A,0.45361194029850743,33.5
ENSG00000149262,INTS4,0.45358778625954194,13.1
ENSG00000225921,NOL7,0.4534453781512605,47.6
ENSG00000162623,TYW3,0.4534246575342466,21.9
ENSG00000143771,CNIH4,0.45340501792114696,27.9
ENSG00000165861,ZFYVE1,0.4530434782608696,16.1
ENSG00000117697,NSL1,0.4528461538461538,26.0
ENSG00000155287,SLC25A28,0.45265348595213317,96.1
ENSG00000085224,ATRX,0.4526241134751773,28.2
ENSG00000073050,XRCC1,0.45258160237388734,33.7
ENSG00000172586,CHCHD1,0.45242524916943516,60.2
ENSG00000108590,MED31,0.45232,25.0
ENSG00000167740,CYB5D2,0.4521799307958478,28.9
ENSG00000099995,SF3A1,0.45211678832116786,54.8
ENSG00000103591,AAGAB,0.4520606060606061,33.0
ENSG00000169057,MECP2,0.4520599250936329,26.7
ENSG00000136874,STX17,0.45204678362573103,17.1
ENSG00000116922,C1orf109,0.451937984496124,12.9
ENSG00000156795,NTAQ1,0.45188118811881184,20.2
ENSG00000125755,SYMPK,0.45186700767263427,39.1
ENSG00000136273,HUS1,0.4518095238095237,10.5
ENSG00000124641,MED20,0.45176470588235296,15.3
ENSG00000125458,NT5C,0.4517344753747323,46.7
ENSG00000197771,MCMBP,0.45172995780590725,23.7
ENSG00000141027,NCOR1,0.45142222222222217,45.0
ENSG00000041802,LSG1,0.4512452830188679,26.5
ENSG00000184162,NR2C2AP,0.4506467661691543,20.1
ENSG00000198408,OGA,0.450643153526971,96.4
ENSG00000171307,ZDHHC16,0.45038327526132405,28.7
ENSG00000164151,ICE1,0.45006451612903225,15.5
ENSG00000108312,UBTF,0.4499854014598541,68.5
ENSG00000146007,ZMAT2,0.4498690835850956,99.3
ENSG00000137776,SLTM,0.4497981651376147,54.5
ENSG00000124444,ZNF576,0.44965909090909095,17.6
ENSG00000153107,ANAPC1,0.4494308943089432,12.3
ENSG00000165934,CPSF2,0.4493333333333333,25.5
ENSG00000198752,CDC42BPB,0.44900826446280995,48.4
ENSG00000117362,APH1A,0.44900392156862745,127.5
ENSG00000111653,ING4,0.44865546218487395,47.6
ENSG00000140987,ZSCAN32,0.4486486486486486,11.1
ENSG00000149100,EIF3M,0.448262910798122,149.1
ENSG00000159720,ATP6V0D1,0.4480772086117297,134.7
ENSG00000183726,TMEM50A,0.44806241872561775,76.9
ENSG00000152795,HNRNPDL,0.44799999999999995,382.0
ENSG00000111540,RAB5B,0.4479865771812081,119.2
ENSG00000187713,TMEM203,0.4479746835443037,47.4
ENSG00000131652,THOC6,0.44790513833992096,25.3
ENSG00000094841,UPRT,0.4478787878787879,13.2
ENSG00000167785,ZNF558,0.4477852348993288,14.9
ENSG00000087111,PIGS,0.44771428571428573,28.0
ENSG00000143258,USP21,0.44761194029850754,26.8
ENSG00000163510,CWC22,0.44758620689655176,20.3
ENSG00000100991,TRPC4AP,0.44753548387096775,77.5
ENSG00000103343,ZNF174,0.4475187969924812,13.3
ENSG00000137497,NUMA1,0.4474952198852772,104.6
ENSG00000004534,RBM6,0.44721763085399446,108.9
ENSG00000228474,OST4,0.4470013166556946,607.6
ENSG00000177613,CSTF2T,0.4469483568075118,21.3
ENSG00000143093,STRIP1,0.44648648648648637,25.9
ENSG00000163389,POGLUT1,0.44642201834862383,10.9
ENSG00000119616,FCF1,0.4462222222222222,40.5
ENSG00000132824,SERINC3,0.44608219178082187,109.5
ENSG00000126254,RBM42,0.44558459422283364,72.7
ENSG00000071994,PDCD2,0.44540084388185647,47.4
ENSG00000100201,DDX17,0.44538510101010104,316.8
ENSG00000132254,ARFIP2,0.4453038674033148,54.3
ENSG00000120253,NUP43,0.44528301886792454,15.9
ENSG00000141376,BCAS3,0.4452325581395349,17.2
ENSG00000108010,GLRX3,0.4450830564784053,60.2
ENSG00000176261,ZBTB8OS,0.44489208633093524,41.7
ENSG00000110172,CHORDC1,0.4448648648648648,25.9
ENSG00000112685,EXOC2,0.4448554913294797,17.3
ENSG00000140157,NIPA2,0.44457711442786085,40.2
ENSG00000072803,FBXW11,0.4441509433962264,37.1
ENSG00000181852,RNF41,0.4441052631578948,38.0
ENSG00000161202,DVL3,0.4440459770114943,43.5
ENSG00000164144,ARFIP1,0.4440151515151516,26.4
ENSG00000031698,SARS1,0.44397153024911035,140.5
ENSG00000149532,CPSF7,0.44394255874673616,76.6
ENSG00000182986,ZNF320,0.44380165289256196,12.1
ENSG00000160959,LRRC14,0.4437837837837837,18.5
ENSG00000107164,FUBP3,0.44316076294277934,36.7
ENSG00000113522,RAD50,0.44313043478260866,11.5
ENSG00000177463,NR2C2,0.44309090909090904,22.0
ENSG00000101407,TTI1,0.44264900662251655,15.1
ENSG00000118816,CCNI,0.44257239057239045,297.0
ENSG00000171456,ASXL1,0.4423495702005731,34.9
ENSG00000168040,FADD,0.4421052631578947,19.0
ENSG00000088205,DDX18,0.44209718670076725,39.1
ENSG00000153187,HNRNPU,0.4419610159480213,169.3
ENSG00000164163,ABCE1,0.4418781725888325,39.4
ENSG00000164902,PHAX,0.44165517241379304,14.5
ENSG00000104957,YJU2B,0.44163461538461546,41.6
ENSG00000181038,METTL23,0.4416260162601627,49.2
ENSG00000240344,PPIL3,0.44133858267716536,25.4
ENSG00000115970,THADA,0.4410126582278482,15.8
ENSG00000110075,PPP6R3,0.4405988023952096,50.1
ENSG00000152102,FAM168B,0.4405354330708661,63.5
ENSG00000115514,TXNDC9,0.44050156739811913,31.9
ENSG00000130724,CHMP2A,0.44004692632566866,213.1
ENSG00000111530,CAND1,0.43988919667590026,36.1
ENSG00000198040,ZNF84,0.43973799126637547,22.9
ENSG00000115947,ORC4,0.43936842105263163,19.0
ENSG00000138303,ASCC1,0.4391269841269841,25.2
ENSG00000114209,PDCD10,0.439106529209622,58.2
ENSG00000184432,COPB2,0.43854088050314466,79.5
ENSG00000116213,WRAP73,0.43848888888888893,22.5
ENSG00000196387,ZNF140,0.4384057971014493,13.8
ENSG00000167522,ANKRD11,0.43824840764331197,62.8
ENSG00000061676,NCKAP1,0.4382359952324196,83.9
ENSG00000122481,RWDD3,0.43806451612903224,12.4
ENSG00000171206,TRIM8,0.43761969904240766,73.1
ENSG00000189339,SLC35E2B,0.43752665245202566,46.9
ENSG00000134308,YWHAQ,0.4375009671179884,258.5
ENSG00000171720,HDAC3,0.43749408983451543,42.3
ENSG00000112624,BICRAL,0.43744360902255636,13.3
ENSG00000000457,SCYL3,0.43734513274336295,11.3
ENSG00000099949,LZTR1,0.43710982658959535,17.3
ENSG00000173409,ARV1,0.43707165109034274,32.1
ENSG00000142687,KIAA0319L,0.43696969696969695,33.0
ENSG00000109270,LAMTOR3,0.4369436997319035,37.3
ENSG00000174227,PIGG,0.43670103092783497,19.4
ENSG00000036054,TBC1D23,0.4366820276497696,21.7
ENSG00000103245,CIAO3,0.436597510373444,24.1
ENSG00000156504,PABIR2,0.43646341463414623,32.8
ENSG00000130175,PRKCSH,0.4364338444065872,176.1
ENSG00000040633,PHF23,0.4364075067024128,37.3
ENSG00000118454,ANKRD13C,0.43627906976744185,12.9
ENSG00000175387,SMAD2,0.4362482369534556,70.9
ENSG00000115561,CHMP3,0.4361407249466951,93.8
ENSG00000043514,TRIT1,0.4358793969849246,19.9
ENSG00000062716,VMP1,0.43553662691652467,58.7
ENSG00000113761,ZNF346,0.4354330708661417,12.7
ENSG00000122965,RBM19,0.43535353535353544,19.8
ENSG00000153147,SMARCA5,0.43521035598705504,30.9
ENSG00000092094,OSGEP,0.4351923076923076,10.4
ENSG00000108349,CASC3,0.4351351351351351,66.6
ENSG00000198783,ZNF830,0.4349640287769785,13.9
ENSG00000173726,TOMM20,0.4347054436987323,134.1
ENSG00000143727,ACP1,0.4344455348380765,101.9
ENSG00000171566,PLRG1,0.43412500000000004,48.0
ENSG00000181315,ZNF322,0.4337349397590362,16.6
ENSG00000119760,SUPT7L,0.43369649805447463,51.4
ENSG00000164978,NUDT2,0.43365617433414044,41.3
ENSG00000151576,QTRT2,0.43357142857142855,11.2
ENSG00000172113,NME6,0.43345454545454537,16.5
ENSG00000186141,POLR3C,0.4333333333333333,14.7
ENSG00000214736,TOMM6,0.4330691185795814,315.4
ENSG00000101246,ARFRP1,0.433022113022113,40.7
ENSG00000175324,LSM1,0.432972027972028,57.2
ENSG00000137944,KYAT3,0.4328434504792332,31.3
ENSG00000158290,CUL4B,0.4327480916030534,26.2
ENSG00000103148,NPRL3,0.43274336283185855,22.6
ENSG00000112584,FAM120B,0.43239263803680994,16.3
ENSG00000198042,MAK16,0.43221238938053097,11.3
ENSG00000075089,ACTR6,0.4321771217712177,27.1
ENSG00000149600,COMMD7,0.4321348314606741,62.3
ENSG00000112308,C6orf62,0.43200543847722633,147.1
ENSG00000164244,PRRC1,0.43189368770764114,30.1
ENSG00000162430,SELENON,0.4317647058823529,57.8
ENSG00000166454,ATMIN,0.43173228346456677,25.4
ENSG00000115484,CCT4,0.4315018315018315,109.2
ENSG00000174839,DENND6A,0.4314473684210526,15.2
ENSG00000196591,HDAC2,0.43142458100558656,71.6
ENSG00000171824,EXOSC10,0.43140909090909085,44.0
ENSG00000147121,KRBOX4,0.4310798122065728,21.3
ENSG00000164091,WDR82,0.4309090909090909,68.2
ENSG00000150433,TMEM218,0.4308982035928144,16.7
ENSG00000131374,TBC1D5,0.4308424908424908,27.3
ENSG00000155957,TMBIM4,0.43073796791443847,93.5
ENSG00000107175,CREB3,0.43072978303747533,50.7
ENSG00000185359,HGS,0.43054808686659773,96.7
ENSG00000108423,TUBD1,0.4304,10.0
ENSG00000070761,CFAP20,0.43039603960396045,40.4
ENSG00000047230,CTPS2,0.43034482758620696,11.6
ENSG00000123349,PFDN5,0.4302895406960293,1060.3
ENSG00000076321,KLHL20,0.4300662251655629,15.1
ENSG00000133997,MED6,0.42991935483870974,24.8
ENSG00000156650,KAT6B,0.4299145299145299,11.7
ENSG00000104907,TRMT1,0.42959459459459465,29.6
ENSG00000144224,UBXN4,0.42948688711516547,87.7
ENSG00000038219,BOD1L1,0.4286915887850467,21.4
ENSG00000205571,SMN2,0.42868525896414345,25.1
ENSG00000176783,RUFY1,0.42862275449101794,33.4
ENSG00000006712,PAF1,0.42850162866449515,61.4
ENSG00000165271,NOL6,0.42828070175438593,28.5
ENSG00000117222,RBBP5,0.428130081300813,12.3
ENSG00000100324,TAB1,0.42810344827586205,23.2
ENSG00000135392,DNAJC14,0.42793103448275865,23.2
ENSG00000046647,GEMIN8,0.4279310344827586,29.0
ENSG00000141580,WDR45B,0.4278857142857143,70.0
ENSG00000161654,LSM12,0.4275316455696202,31.6
ENSG00000147164,SNX12,0.4274642857142858,56.0
ENSG00000189376,C8orf76,0.4272826086956521,18.4
ENSG00000028310,BRD9,0.4272413793103448,17.4
ENSG00000108587,GOSR1,0.4271527777777779,28.8
ENSG00000110321,EIF4G2,0.4268501529051988,457.8
ENSG00000037757,MRI1,0.4266666666666667,21.0
ENSG00000133250,ZNF414,0.4265800865800866,23.1
ENSG00000168887,C2orf68,0.4262559241706161,21.1
ENSG00000188938,FAM120AOS,0.4262089552238806,33.5
ENSG00000115904,SOS1,0.426051282051282,19.5
ENSG00000141380,SS18,0.4260122699386503,48.9
ENSG00000105722,ERF,0.4258119658119658,46.8
ENSG00000159592,GPBP1L1,0.4257971014492753,62.1
ENSG00000148719,DNAJB12,0.4255227882037533,37.3
ENSG00000115966,ATF2,0.425472972972973,29.6
ENSG00000182952,HMGN4,0.42532738095238104,67.2
ENSG00000135457,TFCP2,0.4253012048192771,24.9
ENSG00000077312,SNRPA,0.42528484848484843,82.5
ENSG00000151465,CDC123,0.4252173913043479,75.9
ENSG00000128789,PSMG2,0.4251533742331289,81.5
ENSG00000198356,GET3,0.4251475796930343,84.7
ENSG00000061936,SFSWAP,0.42460606060606065,33.0
ENSG00000099810,MTAP,0.42435643564356434,10.1
ENSG00000125676,THOC2,0.4242857142857144,42.0
ENSG00000198912,C1orf174,0.4242424242424243,16.5
ENSG00000168002,POLR2G,0.4242105263157894,104.5
ENSG00000159210,SNF8,0.4240789473684211,45.6
ENSG00000198000,NOL8,0.42406779661016947,11.8
ENSG00000087365,SF3B2,0.42398109864146494,169.3
ENSG00000159479,MED8,0.42367758186397986,39.7
ENSG00000171204,TMEM126B,0.42323024054982816,29.1
ENSG00000198060,MARCHF5,0.4231914893617022,18.8
ENSG00000157020,SEC13,0.4231607142857143,112.0
ENSG00000253352,TUG1,0.42300578034682074,17.3
ENSG00000165275,TRMT10B,0.42297029702970285,10.1
ENSG00000185085,INTS5,0.42290076335877863,13.1
ENSG00000124209,RAB22A,0.42285714285714293,11.2
ENSG00000198642,KLHL9,0.42282485875706216,17.7
ENSG00000158435,CNOT11,0.42271540469973884,38.3
ENSG00000062194,GPBP1,0.4225548387096774,77.5
ENSG00000159579,RSPRY1,0.4220487804878048,20.5
ENSG00000118579,MED28,0.4218055555555555,14.4
ENSG00000182149,IST1,0.4216705882352942,85.0
ENSG00000077549,CAPZB,0.4211231884057971,276.0
ENSG00000143222,UFC1,0.42102564102564094,206.7
ENSG00000104320,NBN,0.42101382488479255,21.7
ENSG00000102103,PQBP1,0.4209259259259259,86.4
ENSG00000174891,RSRC1,0.42086021505376353,18.6
ENSG00000179134,SAMD4B,0.4206545454545455,55.0
ENSG00000159596,TMEM69,0.42053156146179405,30.1
ENSG00000108474,PIGL,0.41984375,12.8
ENSG00000168036,CTNNB1,0.41963810537519963,187.9
ENSG00000138750,NUP54,0.4195762711864407,23.6
ENSG00000169093,ASMTL,0.41869209809264313,36.7
ENSG00000104731,KLHDC4,0.4186813186813187,18.2
ENSG00000143368,SF3B4,0.4186609686609687,70.2
ENSG00000102309,PIN4,0.41857677902621726,26.7
ENSG00000114745,GORASP1,0.41845697329376863,33.7
ENSG00000100982,PCIF1,0.418325581395349,43.0
ENSG00000064995,TAF11,0.41818181818181804,24.2
ENSG00000111707,SUDS3,0.41781512605042026,23.8
ENSG00000160688,FLAD1,0.4176073619631902,32.6
ENSG00000108433,GOSR2,0.4175641025641025,46.8
ENSG00000181404,WASHC1,0.41747368421052633,28.5
ENSG00000095261,PSMD5,0.41744292237442915,21.9
ENSG00000169612,RAMAC,0.4172027972027973,28.6
ENSG00000167333,TRIM68,0.41711538461538455,10.4
ENSG00000179933,C14orf119,0.4167632027257241,58.7
ENSG00000166479,TMX3,0.41670498084291197,26.1
ENSG00000112697,TMEM30A,0.41665297741273105,97.4
ENSG00000205643,CDPF1,0.41654545454545455,11.0
ENSG00000069275,NUCKS1,0.4163943661971832,106.5
ENSG00000131467,PSME3,0.41600000000000004,59.5
ENSG00000018699,TTC27,0.41572649572649567,11.7
ENSG00000145740,SLC30A5,0.4155248618784531,36.2
ENSG00000198663,C6orf89,0.41522935779816517,54.5
ENSG00000166477,LEO1,0.41519230769230764,20.8
ENSG00000174243,DDX23,0.4150769230769231,52.0
ENSG00000124160,NCOA5,0.41504950495049514,30.3
ENSG00000259956,RBM15B,0.4149999999999999,18.4
ENSG00000185129,PURA,0.4149606299212597,12.7
ENSG00000182903,ZNF721,0.4146919431279621,21.1
ENSG00000069345,DNAJA2,0.4144864864864865,37.0
ENSG00000213923,CSNK1E,0.4140196956132498,111.7
ENSG00000114956,DGUOK,0.41399082568807344,43.6
ENSG00000172086,KRCC1,0.41386046511627916,43.0
ENSG00000128891,CCDC32,0.41365671641791046,26.8
ENSG00000087502,ERGIC2,0.4135807050092764,53.9
ENSG00000156261,CCT8,0.4135041551246538,144.4
ENSG00000068323,TFE3,0.4133502538071065,39.4
ENSG00000184047,DIABLO,0.41326732673267325,40.4
ENSG00000165102,HGSNAT,0.41290502793296086,35.8
ENSG00000114686,MRPL3,0.41272010512483576,76.1
ENSG00000155827,RNF20,0.4125,30.4
ENSG00000156256,USP16,0.4121227621483376,39.1
ENSG00000151116,UEVLD,0.4116546762589928,13.9
ENSG00000196967,ZNF585A,0.41140625,12.8
ENSG00000213782,DDX47,0.41087640449438206,44.5
ENSG00000108384,RAD51C,0.4108247422680412,19.4
ENSG00000179941,BBS10,0.41070175438596485,11.4
ENSG00000136936,XPA,0.4105882352941176,22.1
ENSG00000122705,CLTA,0.41036908380373416,230.3
ENSG00000090054,SPTLC1,0.410077519379845,51.6
ENSG00000196290,NIF3L1,0.40957095709570956,30.3
ENSG00000134899,ERCC5,0.4090526315789473,19.0
ENSG00000161920,MED11,0.408989898989899,39.6
ENSG00000167447,SMG8,0.4087619047619048,10.5
ENSG00000151665,PIGF,0.40835164835164833,27.3
ENSG00000088247,KHSRP,0.40809018567639266,75.4
ENSG00000080189,SLC35C2,0.4078977272727273,35.2
ENSG00000175348,TMEM9B,0.40775510204081633,73.5
ENSG00000136147,PHF11,0.4075862068965517,40.6
ENSG00000131748,STARD3,0.4075641025641026,31.2
ENSG00000119328,ABITRAM,0.40751054852320673,23.7
ENSG00000120314,WDR55,0.4074999999999999,13.6
ENSG00000158850,B4GALT3,0.4074617737003058,32.7
ENSG00000052723,SIKE1,0.40740157480314954,12.7
ENSG00000111361,EIF2B1,0.4073706004140786,48.3
ENSG00000105669,COPE,0.40729817007534985,185.8
ENSG00000135632,SMYD5,0.407265306122449,24.5
ENSG00000103005,USB1,0.40651162790697676,30.1
ENSG00000014123,UFL1,0.4062116040955631,29.3
ENSG00000136710,CCDC115,0.4059949622166247,39.7
ENSG00000166529,ZSCAN21,0.4054135338345864,13.3
ENSG00000100216,TOMM22,0.4053703703703704,32.4
ENSG00000122218,COPA,0.404967824967825,77.7
ENSG00000183340,JRKL,0.40495238095238084,10.5
ENSG00000120727,PAIP2,0.40488587291795186,162.1
ENSG00000056097,ZFR,0.4046224256292906,43.7
ENSG00000134452,FBH1,0.4044180522565321,42.1
ENSG00000164808,SPIDR,0.40439393939393936,26.4
ENSG00000152219,ARL14EP,0.4039183673469388,24.5
ENSG00000168591,TMUB2,0.4038888888888888,50.4
ENSG00000106028,SSBP1,0.4037212643678161,139.2
ENSG00000130332,LSM7,0.4035863377609108,105.4
ENSG00000090989,EXOC1,0.4035636363636364,27.5
ENSG00000122566,HNRNPA2B1,0.4032539221382916,172.1
ENSG00000140319,SRP14,0.40287725885942266,426.1
ENSG00000198301,SDAD1,0.4028440366972477,21.8
ENSG00000105058,FAM32A,0.4027978142076503,91.5
ENSG00000130803,ZNF317,0.4026720647773279,24.7
ENSG00000138385,SSB,0.40229691876750695,107.1
ENSG00000171311,EXOSC1,0.40229426433915216,40.1
ENSG00000108592,FTSJ3,0.40227106227106224,27.3
ENSG00000146576,INTS15,0.4020689655172415,26.1
ENSG00000214078,CPNE1,0.40204928664072626,77.1
ENSG00000101752,MIB1,0.40188976377952756,12.7
ENSG00000159377,PSMB4,0.40176005273566245,303.4
ENSG00000006194,ZNF263,0.40151260504201686,23.8
ENSG00000133961,NUMB,0.4013147410358566,50.2
ENSG00000181704,YIPF6,0.40127450980392154,20.4
ENSG00000164576,SAP30L,0.40089743589743576,15.6
ENSG00000151461,UPF2,0.4007692307692308,20.8
ENSG00000187866,PABIR1,0.4007207207207207,11.1
ENSG00000000419,DPM1,0.40041237113402056,58.2
ENSG00000164118,CEP44,0.40032,12.5
ENSG00000114744,COMMD2,0.39957746478873235,14.2
ENSG00000172466,ZNF24,0.3995454545454546,35.2
ENSG00000130177,CDC16,0.3994097222222222,57.6
ENSG00000171865,RNASEH1,0.39936305732484073,15.7
ENSG00000275835,TUBGCP5,0.3992063492063492,12.6
ENSG00000175215,CTDSP2,0.3991107236268527,114.7
ENSG00000184939,ZFP90,0.3990728476821191,15.1
ENSG00000119402,FBXW2,0.39895424836601306,15.3
ENSG00000162222,TTC9C,0.39892561983471075,24.2
ENSG00000215305,VPS16,0.39874074074074073,27.0
ENSG00000139746,RBM26,0.3983068783068782,37.8
ENSG00000140632,GLYR1,0.39816901408450694,56.8
ENSG00000214113,LYRM4,0.3975342465753425,29.2
ENSG00000166986,MARS1,0.3974613003095975,64.6
ENSG00000115317,HTRA2,0.3973856209150326,15.3
ENSG00000173456,RNF26,0.396875,22.4
ENSG00000127483,HP1BP3,0.3966068759342302,133.8
ENSG00000176386,CDC26,0.3954347826086957,55.2
ENSG00000144021,CIAO1,0.3952941176470589,34.0
ENSG00000140259,MFAP1,0.3951923076923077,31.2
ENSG00000254093,PINX1,0.3949999999999999,13.6
ENSG00000018610,STEEP1,0.3946052631578947,15.2
ENSG00000106052,TAX1BP1,0.39458659704090515,114.9
ENSG00000145782,ATG12,0.3945762711864407,17.7
ENSG00000221923,ZNF880,0.3944378698224852,16.9
ENSG00000058729,RIOK2,0.39428571428571435,20.3
ENSG00000168894,RNF181,0.39409126063418404,129.3
ENSG00000204272,NBDY,0.3940625,44.8
ENSG00000162236,STX5,0.3939344262295083,48.8
ENSG00000188612,SUMO2,0.3939151599443673,287.6
ENSG00000147669,POLR2K,0.3935827664399092,88.2
ENSG00000167635,ZNF146,0.3935321100917431,43.6
ENSG00000151500,THYN1,0.39270194986072426,71.8
ENSG00000182473,EXOC7,0.39267361111111115,57.6
ENSG00000110497,AMBRA1,0.3926717557251909,13.1
ENSG00000132128,LRRC41,0.3924999999999999,52.8
ENSG00000186787,SPIN2B,0.3918787878787878,16.5
ENSG00000164331,ANKRA2,0.3917910447761195,13.4
ENSG00000162961,DPY30,0.3911163337250293,85.1
ENSG00000117751,PPP1R8,0.39062827225130897,38.2
ENSG00000157954,WIPI2,0.390625,51.2
ENSG00000178988,MRFAP1L1,0.39042492917847027,70.6
ENSG00000186222,BLOC1S4,0.39037037037037037,13.5
ENSG00000183354,KIAA2026,0.3902803738317758,10.7
ENSG00000205765,RIMOC1,0.39027027027027034,14.8
ENSG00000167985,SDHAF2,0.39010020040080157,49.9
ENSG00000115806,GORASP2,0.38998505231689085,66.9
ENSG00000198700,IPO9,0.3898832684824902,25.7
ENSG00000241127,YAE1,0.38981981981981983,22.2
ENSG00000185651,UBE2L3,0.389642301710731,64.3
ENSG00000198218,QRICH1,0.38958230958230966,40.7
ENSG00000144524,COPS7B,0.38943925233644855,21.4
ENSG00000089022,MAPKAPK5,0.3893559322033899,29.5
ENSG00000151247,EIF4E,0.3893493150684932,58.4
ENSG00000119596,YLPM1,0.38888888888888895,19.8
ENSG00000136243,NUP42,0.38799999999999996,17.5
ENSG00000145868,FBXO38,0.3878723404255319,18.8
ENSG00000178921,PFAS,0.3868571428571428,10.5
ENSG00000254999,BRK1,0.38632825719120134,236.4
ENSG00000063761,ADCK1,0.3857943925233645,10.7
ENSG00000063978,RNF4,0.38499999999999995,46.8
ENSG00000086065,CHMP5,0.3845454545454546,72.6
ENSG00000189180,ZNF33A,0.38416666666666666,19.2
ENSG00000159593,NAE1,0.3839449541284403,43.6
ENSG00000131725,WDR44,0.3836974789915966,11.9
ENSG00000123395,ATG101,0.38350710900473933,42.2
ENSG00000053372,MRTO4,0.38319066147859915,25.7
ENSG00000170142,UBE2E1,0.3820481927710844,116.2
ENSG00000110344,UBE4A,0.38201550387596905,25.8
ENSG00000129472,RAB2B,0.38192090395480227,17.7
ENSG00000198586,TLK1,0.38129411764705884,17.0
ENSG00000153560,UBP1,0.38121359223300977,41.2
ENSG00000101882,NKAP,0.3812021857923497,18.3
ENSG00000100813,ACIN1,0.38115085536547433,64.3
ENSG00000112701,SENP6,0.3809669211195928,39.3
ENSG00000154767,XPC,0.38045016077170424,31.1
ENSG00000128563,PRKRIP1,0.3803243243243243,18.5
ENSG00000145817,YIPF5,0.3801993355481727,30.1
ENSG00000170248,PDCD6IP,0.38000000000000006,45.1
ENSG00000094914,AAAS,0.38000000000000006,23.5
ENSG00000031823,RANBP3,0.37943262411347506,42.3
ENSG00000148481,MINDY3,0.3790909090909091,22.0
ENSG00000160049,DFFA,0.378936170212766,18.8
ENSG00000166181,API5,0.3785837651122625,57.9
ENSG00000188895,MSL1,0.37794504181600963,83.7
ENSG00000132485,ZRANB2,0.3777976190476191,67.2
ENSG00000161956,SENP3,0.37770334928229665,41.8
ENSG00000275700,AATF,0.3775806451612903,37.2
ENSG00000170632,ARMC10,0.3773285198555957,27.7
ENSG00000169131,ZNF354A,0.37719008264462817,12.1
ENSG00000117862,TXNDC12,0.3768497109826589,69.2
ENSG00000143569,UBAP2L,0.3756149732620321,74.8
ENSG00000138375,SMARCAL1,0.3756097560975611,12.3
ENSG00000148153,INIP,0.37540740740740747,13.5
ENSG00000090316,MAEA,0.37486842105263163,45.6
ENSG00000171148,TADA3,0.3744488711819388,75.3
ENSG00000171103,TRMT61B,0.3739354838709678,15.5
ENSG00000105819,PMPCB,0.3738952164009111,43.9
ENSG00000138246,DNAJC13,0.37371794871794867,15.6
ENSG00000124222,STX16,0.3734954407294833,65.8
ENSG00000060339,CCAR1,0.3734507042253521,28.4
ENSG00000130638,ATXN10,0.3722102425876011,74.2
ENSG00000115839,RAB3GAP1,0.3721153846153845,31.2
ENSG00000064490,RFXANK,0.37167095115681226,38.9
ENSG00000054611,TBC1D22A,0.37125683060109294,18.3
ENSG00000125944,HNRNPR,0.37115097159940214,66.9
ENSG00000163468,CCT3,0.37075159235668786,157.0
ENSG00000107625,DDX50,0.3706976744186047,30.1
ENSG00000198231,DDX42,0.37058181818181823,55.0
ENSG00000169682,SPNS1,0.37042979942693405,34.9
ENSG00000115207,GTF3C2,0.37035714285714283,33.6
ENSG00000196199,MPHOSPH8,0.36991189427312776,45.4
ENSG00000129083,COPB1,0.3698680738786279,75.8
ENSG00000115145,STAM2,0.369051094890511,13.7
ENSG00000150456,EEF1AKMT1,0.369037037037037,13.5
ENSG00000182827,ACBD3,0.3686956521739131,29.9
ENSG00000144535,DIS3L2,0.3683720930232557,17.2
ENSG00000163348,PYGO2,0.36820846905537463,30.7
ENSG00000103111,MON1B,0.3675257731958762,19.4
ENSG00000162300,ZFPL1,0.3673142857142857,35.0
ENSG00000112110,MRPL18,0.3670344827586207,72.5
ENSG00000204842,ATXN2,0.3670212765957446,28.2
ENSG00000168385,SEPTIN2,0.3650132726583238,263.7
ENSG00000170791,CHCHD7,0.36463302752293586,43.6
ENSG00000078142,PIK3C3,0.3644919786096257,18.7
ENSG00000110066,KMT5B,0.3642647058823529,27.2
ENSG00000139921,TMX1,0.3641935483870968,12.4
ENSG00000100023,PPIL2,0.363483870967742,15.5
ENSG00000057663,ATG5,0.36339393939393927,16.5
ENSG00000143207,COP1,0.36321839080459767,17.4
ENSG00000152683,SLC30A6,0.3629824561403509,11.4
ENSG00000225973,PIGBOS1,0.36197530864197525,16.2
ENSG00000244045,TMEM199,0.36151724137931035,14.5
ENSG00000149357,LAMTOR1,0.3614694408322498,153.8
ENSG00000140694,PARN,0.36122270742358076,22.9
ENSG00000159202,UBE2Z,0.36101754385964907,57.0
ENSG00000120948,TARDBP,0.36099762470308794,126.3
ENSG00000138614,INTS14,0.36071942446043165,27.8
ENSG00000162604,TM2D1,0.36060747663551396,42.8
ENSG00000113391,FAM172A,0.360551724137931,14.5
ENSG00000103043,VAC14,0.35977099236641213,26.2
ENSG00000122482,ZNF644,0.35881081081081084,18.5
ENSG00000131043,AAR2,0.3587943262411347,28.2
ENSG00000135372,NAT10,0.35875912408759114,27.4
ENSG00000166164,BRD7,0.35852090032154343,62.2
ENSG00000142751,GPN2,0.358411214953271,21.4
ENSG00000047621,C12orf4,0.3580198019801979,10.1
ENSG00000143393,PI4KB,0.35755102040816317,73.5
ENSG00000122958,VPS26A,0.3573433583959901,39.9
ENSG00000090060,PAPOLA,0.3573085339168491,91.4
ENSG00000149716,LTO1,0.3563636363636363,18.7
ENSG00000132286,TIMM10B,0.3555719557195573,27.1
ENSG00000133884,DPF2,0.3555376344086023,37.2
ENSG00000116350,SRSF4,0.35515643105446115,86.3
ENSG00000068308,OTUD5,0.3542508710801393,57.4
ENSG00000165819,METTL3,0.354070351758794,19.9
ENSG00000069248,NUP133,0.35401129943502824,17.7
ENSG00000198522,GPN1,0.3534782608695653,32.2
ENSG00000155621,C9orf85,0.353394495412844,10.9
ENSG00000163481,RNF25,0.35269709543568467,24.1
ENSG00000105583,WDR83OS,0.351978527607362,260.8
ENSG00000126698,DNAJC8,0.3515035799522673,41.9
ENSG00000164961,WASHC5,0.35133047210300433,23.3
ENSG00000151445,VIPAS39,0.35059459459459463,18.5
ENSG00000100395,L3MBTL2,0.3502487562189056,20.1
ENSG00000074201,CLNS1A,0.3499252336448598,107.0
ENSG00000101901,ALG13,0.34958904109589034,21.9
ENSG00000176731,RBIS,0.34902962206332994,97.9
ENSG00000106636,YKT6,0.3480597014925373,46.9
ENSG00000115234,SNX17,0.3461574074074074,43.2
ENSG00000084072,PPIE,0.3457971014492754,34.5
ENSG00000173933,RBM4,0.34552504038772214,123.8
ENSG00000105700,KXD1,0.3441598546775658,110.1
ENSG00000113194,FAF2,0.3435897435897436,23.4
ENSG00000110958,PTGES3,0.3432477064220184,218.0
ENSG00000075856,SART3,0.34315789473684205,24.7
ENSG00000101361,NOP56,0.3426955074875208,60.1
ENSG00000090470,PDCD7,0.34252747252747257,18.2
ENSG00000170619,COMMD5,0.3423744292237442,21.9
ENSG00000056050,HPF1,0.34123711340206186,29.1
ENSG00000155729,KCTD18,0.3407692307692307,13.0
ENSG00000120451,SNX19,0.34059701492537314,20.1
ENSG00000168538,TRAPPC11,0.34022222222222226,18.0
ENSG00000146223,RPL7L1,0.3400888888888889,45.0
ENSG00000116580,GON4L,0.3376296296296296,13.5
ENSG00000172977,KAT5,0.33683366733466935,49.9
ENSG00000167118,URM1,0.33669781931464177,32.1
ENSG00000105618,PRPF31,0.3353719008264463,48.4
ENSG00000197713,RPE,0.3351839464882943,29.9
ENSG00000263465,SRSF8,0.3350230414746544,21.7
ENSG00000244687,UBE2V1,0.33492215568862266,83.5
ENSG00000165416,SUGT1,0.3325885558583107,36.7
ENSG00000156304,SCAF4,0.33181818181818185,17.6
ENSG00000143303,METTL25B,0.3293992932862191,28.3
ENSG00000148634,HERC4,0.3264285714285715,19.6
ENSG00000102931,ARL2BP,0.32588447653429603,55.4
ENSG00000127837,AAMP,0.3256981981981982,88.8
ENSG00000104442,ARMC1,0.32556521739130434,23.0
ENSG00000111358,GTF2H3,0.3238709677419355,15.5
ENSG00000115368,WDR75,0.3231707317073171,24.6
ENSG00000103496,STX4,0.3228025477707006,47.1
ENSG00000096746,HNRNPH3,0.3205355303810504,97.1
ENSG00000101191,DIDO1,0.3171503957783641,37.9
ENSG00000047932,GOPC,0.3165022421524664,22.3
ENSG00000068438,FTSJ1,0.31619631901840495,16.3
ENSG00000160695,VPS11,0.3151310861423221,26.7
ENSG00000170043,TRAPPC1,0.30999375390381007,160.1
ENSG00000101158,NELFCD,0.30972307692307693,32.5
ENSG00000101126,ADNP,0.30940047961630696,41.7
ENSG00000142396,ERVK3-1,0.3069172932330827,39.9
ENSG00000122692,SMU1,0.30596026490066225,15.1
ENSG00000141002,TCF25,0.30499461786867604,92.9
ENSG00000169217,CD2BP2,0.30325481798715204,46.7
ENSG00000204392,LSM2,0.30318385650224217,44.6
ENSG00000115289,PCGF1,0.3016279069767442,17.2
ENSG00000108599,AKAP10,0.29946666666666666,15.0
ENSG00000145337,PYURF,0.29162698412698407,50.4
ENSG00000255072,PIGY,0.29162698412698407,50.4
ENSG00000125875,TBC1D20,0.28233766233766233,23.1
ENSG00000114503,NCBP2,0.2791827956989248,46.5
ENSG00000169592,INO80E,0.275,49.2
ENSG00000177963,RIC8A,0.27404081632653066,49.0
ENSG00000081154,PCNP,0.26562798092209855,62.9
ENSG00000160714,UBE2Q1,0.26306784660766963,33.9
